{"cost": {"40": [[2291], [2344], [1585], [1783]], "43": [[2529], [2979], [1744], [2035]], "46": [[2960], [3280], [1920], [2256]], "49": [[3509], [3344], [2209], [2586]], "52": [[4219], [4254], [2497], [2992]], "55": [[3777], [4206], [2582], [2990]], "58": [[5246], [5045], [3060], [3936]], "61": [[5535], [6117], [3738], [4221]], "64": [[6036], [6832], [4092], [5018]], "67": [[7975], [7709], [4910], [6042]], "70": [[7676], [7924], [5002], [6199]]}, "running_time": {"40": [[44.0363883972168], [37.030696868896484], [101884.31668281555], [4081.3803672790527]], "43": [[50.04143714904785], [54.04472351074219], [140829.5464515686], [2515.0816440582275]], "46": [[57.04689025878906], [46.03886604309082], [174420.34530639648], [2471.0447788238525]], "49": [[69.05770301818848], [52.04343795776367], [219469.62714195251], [2600.151538848877]], "52": [[81.06684684753418], [62.05129623413086], [171319.28753852844], [2795.3126430511475]], "55": [[81.06732368469238], [71.05851173400879], [232454.37216758728], [3342.766284942627]], "58": [[109.09056663513184], [73.06051254272461], [338528.19776535034], [3546.935558319092]], "61": [[99.08199310302734], [78.0649185180664], [390318.0639743805], [4258.524179458618]], "64": [[111.09161376953125], [85.07013320922852], [571042.5786972046], [4571.782827377319]], "67": [[127.105712890625], [96.07934951782227], [433379.0054321289], [4614.818572998047]], "70": [[138.11421394348145], [106.08768463134766], [670905.9002399445], [5030.162572860718]]}}