{"cost": {"40": [[2466], [2563], [1543], [1758]], "43": [[2892], [3031], [1830], [2128]], "46": [[3254], [3579], [2048], [2389]], "49": [[3090], [3741], [2203], [2751]], "52": [[3615], [4008], [2449], [2961]], "55": [[4665], [5393], [3024], [3517]], "58": [[4948], [5760], [3397], [4104]], "61": [[5045], [5311], [3295], [4068]], "64": [[6512], [7202], [4384], [5788]], "67": [[6978], [7116], [4520], [5651]], "70": [[7285], [7257], [5011], [5945]]}, "running_time": {"40": [[49.04055595397949], [36.029815673828125], [163467.2830104828], [3472.874164581299]], "43": [[60.04929542541504], [46.03838920593262], [148639.009475708], [1874.5510578155518]], "46": [[66.0548210144043], [47.039031982421875], [130990.40389060974], [2334.932565689087]], "49": [[63.05193901062012], [54.04472351074219], [197330.30486106873], [2397.984027862549]], "52": [[75.06227493286133], [59.04960632324219], [228399.52564239502], [2714.2460346221924]], "55": [[83.0686092376709], [73.06122779846191], [318781.8353176117], [3123.584747314453]], "58": [[99.08175468444824], [78.0649185180664], [315776.3798236847], [3701.063394546509]], "61": [[104.08568382263184], [81.06756210327148], [438281.7254066467], [3898.226261138916]], "64": [[113.09337615966797], [93.07694435119629], [480993.07584762573], [4003.3130645751953]], "67": [[120.09978294372559], [96.07982635498047], [581715.7452106476], [5189.294338226318]], "70": [[126.10435485839844], [103.08575630187988], [413219.5646762848], [5136.2504959106445]]}}