{"cost": {"40": [[2084], [2339], [1389], [1804]], "43": [[2703], [2985], [1778], [2156]], "46": [[3186], [3291], [2057], [2372]], "49": [[3367], [3338], [2287], [2752]], "52": [[3845], [3749], [2495], [3285]], "55": [[4426], [5202], [2883], [3721]], "58": [[4577], [5439], [3157], [4092]], "61": [[5575], [5552], [3804], [4899]], "64": [[6291], [6548], [4015], [5002]], "67": [[6315], [7741], [4461], [5371]], "70": [[7219], [8046], [4892], [5838]]}, "running_time": {"40": [[50.04143714904785], [36.02957725524902], [231764.8048400879], [3721.0795879364014]], "43": [[56.046247482299805], [44.036149978637695], [199083.75644683838], [2636.181354522705]], "46": [[59.049129486083984], [48.03967475891113], [169996.6835975647], [2354.9492359161377]], "49": [[66.05410575866699], [54.04400825500488], [117879.55379486084], [2574.130058288574]], "52": [[79.06532287597656], [59.04889106750488], [384317.55924224854], [3257.6963901519775]], "55": [[135.11157035827637], [69.05746459960938], [269427.011013031], [3192.6422119140625]], "58": [[88.07229995727539], [75.06227493286133], [456552.87742614746], [3500.8974075317383]], "61": [[107.08880424499512], [87.07237243652344], [326143.90754699707], [4239.508628845215]], "64": [[116.09601974487305], [97.08023071289062], [287324.8014450073], [4570.782899856567]], "67": [[115.09490013122559], [98.08111190795898], [587332.394361496], [5211.312770843506]], "70": [[127.1049976348877], [111.09232902526855], [277017.77505874634], [4906.059980392456]]}}