{"cost": {"40": [[2120], [2200], [1408], [1622]], "43": [[2759], [3003], [1723], [1971]], "46": [[2976], [3060], [1846], [2268]], "49": [[3358], [3414], [2246], [2811]], "52": [[4133], [4366], [2532], [3318]], "55": [[4192], [4666], [2819], [3516]], "58": [[4404], [4775], [3116], [3859]], "61": [[5529], [6180], [3734], [4525]], "64": [[6210], [6262], [4055], [4840]], "67": [[6546], [7232], [4378], [5312]], "70": [[7292], [8684], [5185], [5981]]}, "running_time": {"40": [[47.03879356384277], [36.029815673828125], [92125.24032592773], [3740.095376968384]], "43": [[54.04543876647949], [42.03462600708008], [182452.99553871155], [2226.8433570861816]], "46": [[62.05153465270996], [46.037912368774414], [175208.997964859], [2047.6946830749512]], "49": [[70.05810737609863], [56.04672431945801], [189458.79077911377], [2702.2364139556885]], "52": [[78.0646800994873], [59.04889106750488], [249236.77015304565], [3228.6722660064697]], "55": [[80.06644248962402], [65.05441665649414], [258929.2824268341], [2997.4803924560547]], "58": [[90.07430076599121], [70.05786895751953], [371124.1729259491], [3309.7383975982666]], "61": [[99.08175468444824], [83.0690860748291], [390941.5793418884], [3737.0924949645996]], "64": [[116.09601974487305], [95.07870674133301], [715276.2956619263], [4504.727602005005]], "67": [[128.10587882995605], [96.07958793640137], [728347.2881317139], [4598.805904388428]], "70": [[123.10171127319336], [101.08375549316406], [437511.76595687866], [4645.844459533691]]}}