{"cost": {"40": [[2255], [2244], [1380], [1658]], "43": [[2632], [3269], [1812], [2112]], "46": [[3045], [3471], [2062], [2504]], "49": [[3152], [3516], [2196], [2475]], "52": [[3875], [4384], [2462], [3099]], "55": [[4499], [4432], [2848], [3538]], "58": [[4700], [5400], [3103], [3981]], "61": [[5403], [5454], [3600], [4602]], "64": [[6031], [6397], [4128], [5067]], "67": [[7255], [7230], [4699], [5513]], "70": [[7280], [8125], [5249], [6389]]}, "running_time": {"40": [[44.0366268157959], [35.02917289733887], [144815.84572792053], [3821.161985397339]], "43": [[52.04296112060547], [41.03422164916992], [147133.76641273499], [2050.696611404419]], "46": [[59.04889106750488], [48.03943634033203], [173948.9552974701], [2788.3081436157227]], "49": [[66.05386734008789], [50.04167556762695], [208501.54972076416], [2858.365774154663]], "52": [[76.06291770935059], [58.04800987243652], [379740.77105522156], [2851.3596057891846]], "55": [[91.07542037963867], [64.05329704284668], [352475.7399559021], [3377.795934677124]], "58": [[100.0828742980957], [76.06291770935059], [451675.84133148193], [3049.52335357666]], "61": [[108.08920860290527], [83.0690860748291], [232798.65741729736], [4203.4783363342285]], "64": [[108.08944702148438], [87.07189559936523], [540218.4226512909], [5068.194627761841]], "67": [[130.10716438293457], [98.08111190795898], [548925.2784252167], [4521.742105484009]], "70": [[132.1091651916504], [103.08575630187988], [466778.5019874573], [6204.133987426758]]}}