{"cost": {"40": [[2350], [2473], [1581], [1869]], "43": [[2485], [2540], [1726], [2005]], "46": [[3020], [3212], [2053], [2425]], "49": [[3361], [3384], [2308], [2635]], "52": [[3729], [4457], [2467], [3047]], "55": [[4304], [4806], [2822], [3462]], "58": [[5138], [5801], [3383], [4087]], "61": [[5053], [5622], [3493], [4303]], "64": [[6192], [6634], [4071], [4807]], "67": [[7222], [7018], [4686], [5610]], "70": [[7574], [8192], [5233], [6060]]}, "running_time": {"40": [[48.04086685180664], [37.02950477600098], [99100.01468658447], [3947.2665786743164]], "43": [[47.03879356384277], [41.03422164916992], [127859.81297492981], [2055.7010173797607]], "46": [[59.049129486083984], [45.03750801086426], [175033.8535308838], [2043.6911582946777]], "49": [[69.05722618103027], [52.04296112060547], [110017.04692840576], [2523.087739944458]], "52": [[76.06244087219238], [61.0506534576416], [351738.59786987305], [2805.321455001831]], "55": [[85.07013320922852], [66.0545825958252], [289603.6880016327], [3224.668264389038]], "58": [[97.08023071289062], [80.06596565246582], [194574.0442276001], [3946.2661743164062]], "61": [[101.08375549316406], [82.06796646118164], [374773.1988430023], [4899.054527282715]], "64": [[113.09432983398438], [83.0686092376709], [437249.8559951782], [3623.9991188049316]], "67": [[129.1067600250244], [96.07958793640137], [495976.81045532227], [5098.219156265259]], "70": [[133.10956954956055], [104.08687591552734], [255008.0373287201], [4425.662994384766]]}}