{"cost": {"40": [[2491], [2432], [1643], [1866]], "43": [[2693], [2865], [1721], [2088]], "46": [[2886], [3288], [1896], [2629]], "49": [[3217], [3443], [2200], [2612]], "52": [[3748], [4246], [2534], [3208]], "55": [[4227], [4374], [2803], [3372]], "58": [[4701], [6051], [3158], [3894]], "61": [[5854], [6821], [3966], [5124]], "64": [[6107], [7689], [4099], [4920]], "67": [[6580], [6780], [4475], [5524]], "70": [[7788], [8072], [5224], [6471]]}, "running_time": {"40": [[45.037269592285156], [39.0322208404541], [112178.83658409119], [3820.1615810394287]], "43": [[56.04672431945801], [46.038150787353516], [163680.46045303345], [2014.6665573120117]], "46": [[56.04672431945801], [51.04231834411621], [179478.53064537048], [2292.8974628448486]], "49": [[67.05546379089355], [52.04319953918457], [203065.05060195923], [2970.4582691192627]], "52": [[76.06267929077148], [62.05153465270996], [309972.0330238342], [2696.2311267852783]], "55": [[82.06772804260254], [67.05570220947266], [327721.2505340576], [3926.2490272521973]], "58": [[96.07982635498047], [76.06244087219238], [458692.65151023865], [3965.2814865112305]], "61": [[107.08880424499512], [85.07013320922852], [467451.84993743896], [4105.397462844849]], "64": [[117.09713935852051], [100.0828742980957], [556792.1390533447], [4766.944885253906]], "67": [[120.09954452514648], [89.07318115234375], [494684.89480018616], [5041.172504425049]], "70": [[128.10564041137695], [112.09297180175781], [582700.9603977203], [4218.490362167358]]}}