{"cost": {"40": [[2255], [2066], [1345], [1549]], "43": [[2817], [3151], [1755], [1991]], "46": [[2900], [3318], [1879], [2117]], "49": [[3406], [3818], [2203], [2505]], "52": [[3688], [3904], [2441], [2993]], "55": [[3917], [4373], [2568], [3031]], "58": [[4848], [5704], [3163], [4009]], "61": [[5170], [6929], [3697], [4364]], "64": [[5935], [7372], [4283], [5386]], "67": [[6641], [7220], [4488], [5417]], "70": [[8131], [8245], [5169], [6220]]}, "running_time": {"40": [[45.037031173706055], [35.02917289733887], [143676.90563201904], [3933.2547187805176]], "43": [[58.04800987243652], [49.041032791137695], [124413.96117210388], [2129.762649536133]], "46": [[61.0506534576416], [50.04096031188965], [132671.79536819458], [2291.8970584869385]], "49": [[66.0548210144043], [53.04384231567383], [172463.72604370117], [2308.910846710205]], "52": [[74.06139373779297], [61.0499382019043], [255484.94029045105], [3050.5239963531494]], "55": [[75.06227493286133], [71.05851173400879], [267591.4509296417], [3306.7359924316406]], "58": [[96.07934951782227], [73.0600357055664], [350571.1636543274], [4276.539087295532]], "61": [[102.08487510681152], [90.07501602172852], [322817.20185279846], [3879.2099952697754]], "64": [[100.0833511352539], [84.06949043273926], [248470.62706947327], [4817.9872035980225]], "67": [[124.10211563110352], [96.07982635498047], [471248.0366230011], [3859.470844268799]], "70": [[149.1236686706543], [109.08961296081543], [538852.9706001282], [6497.376918792725]]}}