{"cost": {"40": [[2114], [2115], [1371], [1541]], "43": [[2650], [2711], [1750], [2036]], "46": [[2832], [3152], [1877], [2170]], "49": [[3408], [3079], [2173], [2657]], "52": [[4043], [4030], [2457], [3044]], "55": [[4461], [4900], [2965], [3555]], "58": [[4514], [5111], [3087], [4000]], "61": [[4891], [5350], [3318], [4140]], "64": [[6235], [7363], [4208], [5277]], "67": [[6596], [7568], [4630], [5528]], "70": [[7716], [7896], [5127], [6067]]}, "running_time": {"40": [[45.03750801086426], [35.028934478759766], [140621.37699127197], [3958.27579498291]], "43": [[52.04319953918457], [42.03486442565918], [114797.00326919556], [2078.7205696105957]], "46": [[64.05305862426758], [50.04143714904785], [175245.02825737], [2376.967191696167]], "49": [[69.05770301818848], [50.04167556762695], [203886.73090934753], [2495.0647354125977]], "52": [[81.06732368469238], [61.0506534576416], [210371.60634994507], [2706.239700317383]], "55": [[77.06403732299805], [67.05546379089355], [419866.50800704956], [3173.626661300659]], "58": [[95.07894515991211], [77.06379890441895], [392965.25740623474], [3447.8533267974854]], "61": [[103.08551788330078], [81.06708526611328], [472093.6915874481], [4063.3623600006104]], "64": [[119.09818649291992], [98.08135032653809], [477827.7904987335], [4468.697786331177]], "67": [[127.105712890625], [97.08046913146973], [694347.1505641937], [4139.42551612854]], "70": [[125.10323524475098], [101.08351707458496], [690952.5256156921], [4798.971891403198]]}}