{"cost": {"40": [[2450], [2226], [1486], [1678]], "43": [[2570], [3007], [1745], [1976]], "46": [[2821], [3066], [2046], [2373]], "49": [[3515], [3885], [2265], [2776]], "52": [[3997], [4021], [2506], [3428]], "55": [[4178], [5114], [2926], [3735]], "58": [[4728], [5037], [3082], [3661]], "61": [[5234], [6035], [3348], [4371]], "64": [[6400], [6617], [4204], [5223]], "67": [[5886], [6341], [4164], [5000]], "70": [[7164], [8768], [5211], [6322]]}, "running_time": {"40": [[47.039031982421875], [34.02829170227051], [160648.95129203796], [3890.21897315979]], "43": [[48.03943634033203], [43.03550720214844], [130339.86520767212], [2184.8082542419434]], "46": [[60.04953384399414], [48.039913177490234], [193194.88263130188], [2496.065139770508]], "49": [[70.05786895751953], [54.044485092163086], [292335.4375362396], [2525.089979171753]], "52": [[73.06051254272461], [58.04800987243652], [263153.7787914276], [2781.301736831665]], "55": [[85.06965637207031], [69.05746459960938], [332036.82565689087], [3178.6303520202637]], "58": [[92.07630157470703], [76.06267929077148], [417567.61503219604], [3506.9024562835693]], "61": [[105.0870418548584], [81.06684684753418], [632238.2423877716], [3510.9055042266846]], "64": [[113.09337615966797], [86.07125282287598], [398773.34785461426], [4824.993371963501]], "67": [[129.10723686218262], [97.08070755004883], [490635.56432724], [5027.160167694092]], "70": [[126.10387802124023], [102.08487510681152], [378342.78893470764], [5200.303077697754]]}}