{"cost": {"40": [[4134], [2743], [1672], [1962]], "42": [[4409], [3032], [1533], [1886]], "44": [[5405], [3489], [2064], [2577]], "46": [[6668], [3860], [2259], [2793]], "48": [[7244], [4086], [2284], [2784]], "50": [[6759], [4389], [2677], [3121]], "52": [[6958], [4419], [2781], [3252]], "54": [[8505], [5562], [3362], [3991]], "56": [[8072], [5512], [3410], [3942]], "58": [[8416], [5589], [3543], [4069]], "60": [[9484], [6876], [4136], [4868]], "62": [[9733], [6967], [4430], [4916]], "64": [[10900], [7744], [4554], [5136]], "66": [[11646], [8643], [5192], [5991]], "68": [[13749], [8175], [5620], [6387]], "70": [[14539], [10862], [6148], [7047]]}, "running_time": {"40": [[77.06403732299805], [36.03005409240723], [40484.01236534119], [3101.5665531158447]], "42": [[89.07341957092285], [36.029815673828125], [72708.17112922668], [1421.1757183074951]], "44": [[93.07694435119629], [78.0646800994873], [85477.73909568787], [1323.0950832366943]], "46": [[132.1094036102295], [49.04055595397949], [61872.20358848572], [1521.2593078613281]], "48": [[140.11597633361816], [47.03927040100098], [92009.1438293457], [1791.4824485778809]], "50": [[140.11573791503906], [53.04455757141113], [134488.29889297485], [1492.2349452972412]], "52": [[151.1249542236328], [55.04560470581055], [102601.91035270691], [2172.7983951568604]], "54": [[147.12166786193848], [65.05393981933594], [111080.43551445007], [1803.4923076629639]], "56": [[166.1372184753418], [61.0506534576416], [72500.99968910217], [1970.6311225891113]], "58": [[173.1436252593994], [79.06532287597656], [89618.16549301147], [2302.905797958374]], "60": [[209.17296409606934], [79.06556129455566], [132449.6111869812], [2358.9518070220947]], "62": [[185.15372276306152], [79.06579971313477], [189680.97472190857], [2294.8989868164062]], "64": [[248.20542335510254], [89.07461166381836], [167130.31601905823], [2402.9884338378906]], "66": [[225.18610954284668], [90.07477760314941], [245168.89476776123], [2431.01167678833]], "68": [[265.21944999694824], [91.07542037963867], [109843.90354156494], [3275.7105827331543]], "70": [[247.20454216003418], [109.09056663513184], [113166.8164730072], [3439.846992492676]]}}