{"cost": {"40": [[5068], [2739], [1631], [1965]], "42": [[4476], [3565], [1958], [2349]], "44": [[5629], [2977], [1975], [2314]], "46": [[6733], [3611], [2338], [2784]], "48": [[5822], [3505], [2488], [2773]], "50": [[6728], [4718], [2716], [3122]], "52": [[7031], [4421], [2784], [3174]], "54": [[8606], [4789], [3304], [3791]], "56": [[6971], [5120], [3547], [3937]], "58": [[8786], [5738], [3663], [4238]], "60": [[9260], [7482], [4267], [4881]], "62": [[10089], [6595], [4111], [4660]], "64": [[9651], [7505], [4830], [5375]], "66": [[12189], [7643], [5183], [5561]], "68": [[11821], [7670], [5295], [5931]], "70": [[12400], [8625], [5689], [6421]]}, "running_time": {"40": [[87.07189559936523], [33.02764892578125], [40163.74707221985], [3291.7239665985107]], "42": [[84.06925201416016], [39.0322208404541], [65859.50374603271], [1364.128828048706]], "44": [[99.08151626586914], [39.0324592590332], [91610.81409454346], [1327.099084854126]], "46": [[123.10194969177246], [46.03743553161621], [51478.601694107056], [1389.1496658325195]], "48": [[104.08616065979004], [46.038150787353516], [75327.3389339447], [1688.39693069458]], "50": [[124.10235404968262], [54.04376983642578], [102129.51898574829], [1438.1904602050781]], "52": [[153.12623977661133], [60.04977226257324], [103899.98483657837], [1702.4085521697998]], "54": [[165.13633728027344], [62.05153465270996], [66235.81504821777], [1912.5828742980957]], "56": [[122.100830078125], [67.05522537231445], [44706.50672912598], [2092.731475830078]], "58": [[191.15805625915527], [74.06115531921387], [85634.86909866333], [2227.843999862671]], "60": [[183.1517219543457], [76.06267929077148], [154937.2217655182], [2103.7399768829346]], "62": [[195.1606273651123], [88.07253837585449], [113640.04492759705], [2135.767698287964]], "64": [[185.15276908874512], [95.07870674133301], [132396.56805992126], [2755.2804946899414]], "66": [[261.2161636352539], [88.0730152130127], [97144.39797401428], [2627.173900604248]], "68": [[216.17865562438965], [90.07477760314941], [234053.69639396667], [2600.151538848877]], "70": [[268.2220935821533], [93.07694435119629], [196669.75831985474], [2889.3911838531494]]}}