{"cost": {"40": [[3886], [2944], [1647], [1996]], "42": [[4428], [2696], [1701], [2065]], "44": [[5356], [4153], [2307], [2791]], "46": [[5443], [3771], [2157], [2680]], "48": [[6463], [3623], [2365], [2944]], "50": [[7001], [5077], [2737], [3046]], "52": [[7410], [4899], [3017], [3595]], "54": [[7402], [4540], [3203], [3578]], "56": [[8643], [6054], [3621], [3943]], "58": [[10471], [6297], [3693], [4420]], "60": [[9918], [6737], [3779], [4428]], "62": [[9418], [6451], [4379], [4907]], "64": [[11677], [7582], [4918], [5505]], "66": [[10843], [8727], [5165], [5995]], "68": [[13426], [9583], [5654], [6356]], "70": [[13888], [10494], [5805], [6406]]}, "running_time": {"40": [[72.06010818481445], [34.027814865112305], [39222.458839416504], [3054.5268058776855]], "42": [[87.07165718078613], [37.030696868896484], [47524.32894706726], [1246.0317611694336]], "44": [[87.07237243652344], [46.03862762451172], [59070.88541984558], [1887.561559677124]], "46": [[112.09273338317871], [41.03374481201172], [94333.57739448547], [1537.2717380523682]], "48": [[120.09930610656738], [53.04431915283203], [113633.04018974304], [1558.288812637329]], "50": [[144.1195011138916], [56.046247482299805], [75757.69472122192], [1470.2167510986328]], "52": [[140.11597633361816], [55.04560470581055], [78189.70775604248], [1561.2919330596924]], "54": [[143.11885833740234], [61.051130294799805], [84855.22317886353], [1765.460729598999]], "56": [[177.14619636535645], [69.05722618103027], [46052.11114883423], [2023.6749649047852]], "58": [[234.1940402984619], [76.06363296508789], [95839.31398391724], [2187.8106594085693]], "60": [[202.16727256774902], [77.06356048583984], [149212.9933834076], [2494.06361579895]], "62": [[183.1517219543457], [81.06684684753418], [144316.4324760437], [2498.067617416382]], "64": [[239.1982078552246], [91.07542037963867], [106360.02111434937], [2438.0176067352295]], "66": [[227.1883487701416], [90.07453918457031], [170252.89726257324], [2908.40744972229]], "68": [[321.26545906066895], [96.07934951782227], [158775.40135383606], [2933.4278106689453]], "70": [[311.25783920288086], [104.08592224121094], [114738.95478248596], [3324.75209236145]]}}