{"cost": {"40": [[4237], [2626], [1679], [2065]], "42": [[4790], [3269], [1932], [2440]], "44": [[5401], [3723], [1922], [2279]], "46": [[5560], [4025], [2154], [2634]], "48": [[6338], [4225], [2244], [2906]], "50": [[7380], [3929], [2453], [3054]], "52": [[7110], [4852], [2963], [3441]], "54": [[7459], [4909], [3213], [3678]], "56": [[8663], [5334], [3523], [3961]], "58": [[9638], [6062], [3715], [4272]], "60": [[9681], [6872], [3853], [4390]], "62": [[9664], [6529], [4354], [4982]], "64": [[10758], [8646], [4882], [5627]], "66": [[9944], [7258], [4634], [5135]], "68": [[12975], [8516], [5416], [6041]], "70": [[11976], [8884], [5611], [6197]]}, "running_time": {"40": [[85.07037162780762], [37.03045845031738], [46453.4432888031], [3362.7827167510986]], "42": [[81.06684684753418], [36.02957725524902], [55419.37184333801], [1245.030403137207]], "44": [[114.09425735473633], [47.03879356384277], [63729.74109649658], [1390.150547027588]], "46": [[113.09337615966797], [46.03838920593262], [77972.52821922302], [1739.4397258758545]], "48": [[124.10283088684082], [55.045366287231445], [96980.25798797607], [1715.4195308685303]], "50": [[158.13112258911133], [55.04488945007324], [127948.88687133789], [1719.4230556488037]], "52": [[136.11292839050293], [56.0457706451416], [101344.86985206604], [1654.369592666626]], "54": [[158.13136100769043], [59.04841423034668], [72050.13513565063], [1792.4840450286865]], "56": [[170.14074325561523], [69.05674934387207], [54941.46776199341], [1882.5583457946777]], "58": [[221.18282318115234], [71.05898857116699], [128377.24161148071], [2409.9948406219482]], "60": [[210.1738452911377], [79.06579971313477], [97172.41716384888], [2269.878625869751]], "62": [[181.14995956420898], [80.06644248962402], [152597.2855091095], [2271.8799114227295]], "64": [[233.19268226623535], [90.07477760314941], [142735.1233959198], [2771.293878555298]], "66": [[211.17472648620605], [85.07013320922852], [208735.74686050415], [2808.324098587036]], "68": [[295.2439785003662], [94.07782554626465], [119172.62411117554], [3390.8064365386963]], "70": [[232.1922779083252], [118.09754371643066], [217094.68340873718], [3646.017551422119]]}}