{"cost": {"40": [[4237], [2740], [1763], [2205]], "42": [[4403], [2909], [1837], [2235]], "44": [[5412], [2975], [1947], [2337]], "46": [[6133], [3685], [2259], [2859]], "48": [[7144], [4490], [2783], [3183]], "50": [[6520], [3942], [2700], [3010]], "52": [[7411], [5103], [3263], [3669]], "54": [[7520], [5179], [3136], [3553]], "56": [[7125], [4631], [3368], [3749]], "58": [[9109], [6247], [3684], [4291]], "60": [[9302], [6429], [4146], [4697]], "62": [[9674], [6423], [4540], [4933]], "64": [[11300], [9356], [5097], [5559]], "66": [[10617], [8149], [5194], [5778]], "68": [[12097], [7359], [5245], [6072]], "70": [[13914], [9928], [6299], [7064]]}, "running_time": {"40": [[79.06532287597656], [33.02812576293945], [39945.05715370178], [3166.6207313537598]], "42": [[85.07037162780762], [37.981510162353516], [45233.943462371826], [1601.3250350952148]], "44": [[111.09185218811035], [41.03374481201172], [43355.87978363037], [1485.229253768921]], "46": [[110.0912094116211], [48.03967475891113], [90457.86046981812], [1353.1193733215332]], "48": [[127.1054744720459], [51.04207992553711], [51501.62124633789], [1355.1208972930908]], "50": [[130.10787963867188], [50.04119873046875], [83753.3118724823], [1619.340419769287]], "52": [[135.11157035827637], [56.046247482299805], [48116.819858551025], [1637.3546123504639]], "54": [[162.13440895080566], [60.04953384399414], [60739.26520347595], [1826.5116214752197]], "56": [[151.1244773864746], [61.0504150390625], [103164.3762588501], [1975.635290145874]], "58": [[204.16903495788574], [73.06098937988281], [119849.69282150269], [2212.8307819366455]], "60": [[190.15860557556152], [78.06515693664551], [143579.82301712036], [2664.2048358917236]], "62": [[190.15765190124512], [83.0686092376709], [144168.30945014954], [2565.1230812072754]], "64": [[221.18306159973145], [101.08327865600586], [97385.5938911438], [2365.9582138061523]], "66": [[216.17937088012695], [93.07742118835449], [161427.59346961975], [3111.5753650665283]], "68": [[254.2099952697754], [95.07870674133301], [203538.44594955444], [2945.4379081726074]], "70": [[287.23788261413574], [112.09297180175781], [71752.38037109375], [3496.894359588623]]}}