{"cost": {"40": [[4752], [2483], [1702], [2015]], "42": [[5167], [2405], [1848], [2068]], "44": [[4902], [3500], [1948], [2236]], "46": [[4844], [3180], [2058], [2475]], "48": [[6410], [3947], [2423], [2886]], "50": [[6778], [4055], [2585], [2924]], "52": [[7582], [5510], [2939], [3344]], "54": [[7729], [5265], [3224], [3747]], "56": [[7891], [4813], [3158], [3574]], "58": [[8315], [5464], [3509], [4011]], "60": [[8327], [5821], [4091], [4661]], "62": [[11960], [7949], [4765], [5312]], "64": [[11132], [7740], [4609], [5246]], "66": [[10257], [6779], [4276], [4965]], "68": [[12999], [8278], [5293], [5805]], "70": [[14715], [8627], [5616], [6342]]}, "running_time": {"40": [[84.06949043273926], [33.026933670043945], [58239.19749259949], [2922.4183559417725]], "42": [[97.08046913146973], [38.031578063964844], [41292.68169403076], [1352.1194458007812]], "44": [[102.08439826965332], [48.039913177490234], [43955.3759098053], [1551.283836364746]], "46": [[94.07782554626465], [44.0363883972168], [70432.28816986084], [1453.202486038208]], "48": [[132.1094036102295], [49.040794372558594], [91464.69402313232], [1698.4055042266846]], "50": [[136.11292839050293], [56.04720115661621], [69147.22418785095], [1593.3187007904053]], "52": [[148.12207221984863], [67.05546379089355], [65298.038482666016], [1722.4252223968506]], "54": [[155.12847900390625], [67.05546379089355], [80879.93359565735], [2175.800323486328]], "56": [[183.1514835357666], [64.05353546142578], [117629.3466091156], [2220.8378314971924]], "58": [[170.14050483703613], [76.06267929077148], [122993.29447746277], [2294.8992252349854]], "60": [[152.12607383728027], [74.06115531921387], [126754.89830970764], [2151.780605316162]], "62": [[214.17760848999023], [79.06556129455566], [116026.02005004883], [2431.011915206909]], "64": [[246.20389938354492], [93.07718276977539], [162786.7181301117], [3071.5417861938477]], "66": [[222.1837043762207], [93.07670593261719], [199289.93010520935], [3231.6741943359375]], "68": [[276.2289047241211], [101.08375549316406], [119520.91217041016], [2857.3646545410156]], "70": [[310.2564811706543], [110.0914478302002], [117496.23656272888], [2891.392946243286]]}}