{"cost": {"40": [[4339], [2364], [1507], [1878]], "42": [[4328], [2751], [1707], [2086]], "44": [[5206], [3737], [1960], [2256]], "46": [[5031], [3345], [2195], [2620]], "48": [[5979], [4175], [2493], [2877]], "50": [[6721], [4060], [2541], [2925]], "52": [[7013], [4431], [2996], [3396]], "54": [[7345], [4669], [3325], [3906]], "56": [[8234], [5453], [3562], [4198]], "58": [[9006], [6457], [3606], [4179]], "60": [[9280], [6103], [4172], [4776]], "62": [[10600], [7817], [4786], [5509]], "64": [[9911], [7735], [4718], [5339]], "66": [[10494], [7501], [5127], [5550]], "68": [[12555], [9178], [5350], [5978]], "70": [[14376], [10175], [6028], [6648]]}, "running_time": {"40": [[81.06732368469238], [33.02717208862305], [54135.30969619751], [2975.4626750946045]], "42": [[80.06620407104492], [37.030696868896484], [62998.135566711426], [1249.0336894989014]], "44": [[100.0826358795166], [42.03486442565918], [43296.83184623718], [1396.1553573608398]], "46": [[95.0782299041748], [45.03750801086426], [80100.28886795044], [1924.5927333831787]], "48": [[108.08992385864258], [50.04167556762695], [74937.01577186584], [1658.3716869354248]], "50": [[129.10699844360352], [52.04319953918457], [92168.27535629272], [1976.635456085205]], "52": [[137.1138095855713], [60.050010681152344], [114791.99934005737], [1938.6038780212402]], "54": [[141.11733436584473], [60.04953384399414], [93700.05202293396], [1905.576467514038]], "56": [[165.13705253601074], [69.05674934387207], [140557.3215484619], [1940.6063556671143]], "58": [[187.15476989746094], [75.06203651428223], [112999.51553344727], [2126.760482788086]], "60": [[197.16358184814453], [77.06356048583984], [121938.91310691833], [2635.1797580718994]], "62": [[210.1738452911377], [91.07565879821777], [167076.26867294312], [2251.863479614258]], "64": [[199.16415214538574], [89.07389640808105], [168067.0907497406], [2517.083168029785]], "66": [[220.1824188232422], [89.07341957092285], [121266.35646820068], [3283.717632293701]], "68": [[262.21752166748047], [96.07958793640137], [80686.77425384521], [3059.532403945923]], "70": [[312.2584819793701], [104.03656959533691], [187395.10560035706], [2711.2436294555664]]}}