{"cost": {"40": [[3990], [2914], [1648], [1933]], "42": [[4990], [2693], [1756], [2197]], "44": [[5186], [3795], [2234], [2657]], "46": [[5790], [3453], [1951], [2330]], "48": [[8032], [4103], [2784], [3370]], "50": [[6057], [4655], [2636], [3011]], "52": [[6958], [5023], [2774], [3361]], "54": [[8084], [5257], [3210], [3796]], "56": [[8799], [6059], [3772], [4342]], "58": [[8793], [6079], [3581], [4020]], "60": [[10468], [6742], [4148], [4816]], "62": [[11743], [7082], [4578], [5045]], "64": [[10350], [7833], [4853], [5362]], "66": [[10493], [7217], [4982], [5468]], "68": [[11901], [8638], [5340], [5789]], "70": [[15046], [9047], [5762], [6422]]}, "running_time": {"40": [[73.06051254272461], [35.02845764160156], [47443.262338638306], [3063.535690307617]], "42": [[95.0784683227539], [37.03117370605469], [45613.25693130493], [1226.0150909423828]], "44": [[87.07189559936523], [42.03486442565918], [67384.765625], [1548.281192779541]], "46": [[107.08880424499512], [45.037269592285156], [77445.09148597717], [1465.2128219604492]], "48": [[148.12254905700684], [47.03855514526367], [56442.71230697632], [1527.2629261016846]], "50": [[123.10242652893066], [59.04865264892578], [80921.96917533875], [1866.544485092163]], "52": [[136.11221313476562], [62.05153465270996], [97898.0176448822], [1803.4923076629639]], "54": [[224.18570518493652], [66.0545825958252], [94505.20992279053], [2090.7304286956787]], "56": [[156.1286449432373], [72.05939292907715], [131046.959400177], [2407.9933166503906]], "58": [[170.14074325561523], [71.05875015258789], [89951.44128799438], [2111.748218536377]], "60": [[205.169677734375], [73.06027412414551], [175765.4585838318], [2454.030752182007]], "62": [[241.19997024536133], [81.06732368469238], [99601.42707824707], [2989.473819732666]], "64": [[205.1701545715332], [91.07565879821777], [149340.59047698975], [2591.14408493042]], "66": [[204.16951179504395], [91.07542037963867], [268724.3916988373], [2466.04061126709]], "68": [[232.1920394897461], [93.07646751403809], [171203.68313789368], [2699.2340087890625]], "70": [[291.2406921386719], [104.08568382263184], [199574.3248462677], [3551.9397258758545]]}}