{"cost": {"40": [[5026], [2900], [1793], [2196]], "42": [[5280], [3411], [1943], [2354]], "44": [[5471], [3377], [1941], [2306]], "46": [[5744], [4448], [2405], [2871]], "48": [[5534], [3771], [2328], [2737]], "50": [[7306], [4788], [2771], [3233]], "52": [[7071], [4673], [3032], [3397]], "54": [[7835], [5326], [3344], [3892]], "56": [[8553], [6730], [3599], [4290]], "58": [[8720], [6027], [3569], [3997]], "60": [[10004], [6291], [4261], [4943]], "62": [[9072], [5765], [4013], [4445]], "64": [[11914], [8354], [4966], [5421]], "66": [[11335], [8213], [5136], [5729]], "68": [[11795], [8201], [5353], [6024]], "70": [[13028], [8813], [5725], [6583]]}, "running_time": {"40": [[88.0730152130127], [33.02764892578125], [54406.02445602417], [3280.714988708496]], "42": [[93.07694435119629], [35.028934478759766], [65487.704038619995], [1216.0060405731201]], "44": [[108.08944702148438], [43.03622245788574], [74656.78405761719], [1291.0676002502441]], "46": [[100.0828742980957], [46.037912368774414], [63996.96183204651], [1656.3706398010254]], "48": [[140.11526107788086], [77.06451416015625], [61508.90326499939], [1714.4184112548828]], "50": [[136.11292839050293], [53.04408073425293], [97782.92202949524], [1675.3859519958496]], "52": [[153.12671661376953], [61.0501766204834], [60916.41306877136], [1635.3530883789062]], "54": [[156.1288833618164], [61.0504150390625], [80504.62317466736], [1982.640027999878]], "56": [[178.1473159790039], [81.06708526611328], [134366.70684814453], [2455.0318717956543]], "58": [[198.1637477874756], [69.05722618103027], [86250.37884712219], [2406.991720199585]], "60": [[218.18065643310547], [80.06644248962402], [110248.2385635376], [2373.9640712738037]], "62": [[187.15476989746094], [84.06949043273926], [85216.52388572693], [2772.29380607605]], "64": [[247.20430374145508], [91.07542037963867], [99163.06447982788], [2452.029228210449]], "66": [[236.19508743286133], [92.07701683044434], [158300.00472068787], [2753.2777786254883]], "68": [[250.20718574523926], [98.08135032653809], [126523.71144294739], [3218.663454055786]], "70": [[283.2343578338623], [114.09425735473633], [170256.8998336792], [3374.79305267334]]}}