{"cost": {"40": [[4849], [2711], [1694], [1992]], "42": [[4936], [2997], [1798], [2164]], "44": [[5527], [2931], [2016], [2396]], "46": [[5590], [3659], [2287], [2601]], "48": [[5948], [3597], [2278], [2751]], "50": [[6596], [3952], [2907], [3341]], "52": [[7993], [4454], [2995], [3486]], "54": [[8004], [5740], [3349], [3777]], "56": [[8242], [6617], [3808], [4229]], "58": [[9336], [5943], [3709], [4223]], "60": [[10228], [7148], [3887], [4517]], "62": [[9425], [7632], [4358], [4890]], "64": [[11482], [8239], [4907], [5361]], "66": [[11628], [8517], [5176], [5778]], "68": [[12376], [9607], [5564], [6097]], "70": [[12197], [9720], [5802], [6768]]}, "running_time": {"40": [[83.0693244934082], [33.02741050720215], [41860.64291000366], [3022.500991821289]], "42": [[88.0730152130127], [39.032936096191406], [68958.5771560669], [1212.0029926300049]], "44": [[114.09449577331543], [40.03334045410156], [41522.36247062683], [1302.0775318145752]], "46": [[113.09385299682617], [50.04143714904785], [86112.26391792297], [1423.17795753479]], "48": [[126.10459327697754], [47.039031982421875], [59033.85424613953], [1372.1356391906738]], "50": [[118.09802055358887], [51.04231834411621], [64379.2781829834], [1580.3074836730957]], "52": [[142.11773872375488], [59.04889106750488], [107138.66519927979], [2000.6556510925293]], "54": [[146.12126350402832], [62.052011489868164], [136342.83351898193], [1816.5032863616943]], "56": [[148.12254905700684], [69.05698776245117], [127217.79012680054], [2250.8628368377686]], "58": [[206.17103576660156], [72.05963134765625], [70883.66103172302], [2150.779962539673]], "60": [[215.1772975921631], [87.07141876220703], [169711.44843101501], [2154.7834873199463]], "62": [[189.15653228759766], [84.06949043273926], [132953.02844047546], [2648.191452026367]], "64": [[260.21504402160645], [87.07284927368164], [137081.4483165741], [2810.3256225585938]], "66": [[247.20478057861328], [96.07982635498047], [207768.94330978394], [2434.014320373535]], "68": [[265.22016525268555], [112.09273338317871], [83030.71331977844], [2866.3721084594727]], "70": [[211.17496490478516], [105.0875186920166], [238680.54699897766], [3480.88002204895]]}}