{"entropy": 172494342521811030264253227353215725308, "30": {"num_user": 200, "num_service": 141, "min_max_greedy": {"max_delay": 0.2846673592227832, "min_delay": 0.06542093428296118, "avg_delay": 0.11895323554418305, "min_max_difference": 0.219246424939822, "running_time": 17.014265060424805}, "min_max_equal_weight": {"max_delay": 0.285656799287287, "min_delay": 0.061926769524570796, "avg_delay": 0.10593685044570193, "min_max_difference": 0.2237300297627162, "running_time": 20.0192928314209}, "delay_balance": {"max_delay": 0.2846673592227832, "min_delay": 0.06542093428296118, "avg_delay": 0.11895323554418305, "min_max_difference": 0.219246424939822, "running_time": 19.016027450561523}}, "60": {"num_user": 200, "num_service": 141, "min_max_greedy": {"max_delay": 0.27470686092221663, "min_delay": 0.06595271364538187, "avg_delay": 0.10401201578619729, "min_max_difference": 0.20875414727683478, "running_time": 28.023481369018555}, "min_max_equal_weight": {"max_delay": 0.28382577556595395, "min_delay": 0.058511917219634585, "avg_delay": 0.09297671554158772, "min_max_difference": 0.22531385834631937, "running_time": 29.02698516845703}, "delay_balance": {"max_delay": 0.27470686092221663, "min_delay": 0.06595271364538187, "avg_delay": 0.10401201578619729, "min_max_difference": 0.20875414727683478, "running_time": 30.025005340576172}}, "90": {"num_user": 200, "num_service": 141, "min_max_greedy": {"max_delay": 0.21245703962037538, "min_delay": 0.06081976209341375, "avg_delay": 0.0910676328726733, "min_max_difference": 0.15163727752696163, "running_time": 41.036367416381836}, "min_max_equal_weight": {"max_delay": 0.2822563698647113, "min_delay": 0.05794251151839196, "avg_delay": 0.0823900080150382, "min_max_difference": 0.22431385834631934, "running_time": 38.03110122680664}, "delay_balance": {"max_delay": 0.21245703962037538, "min_delay": 0.06081976209341375, "avg_delay": 0.0910676328726733, "min_max_difference": 0.15163727752696163, "running_time": 44.63934898376465}}, "120": {"num_user": 200, "num_service": 141, "min_max_greedy": {"max_delay": 0.11866050054558899, "min_delay": 0.06081976209341375, "avg_delay": 0.08039378854809474, "min_max_difference": 0.057840738452175244, "running_time": 59.04865264892578}, "min_max_equal_weight": {"max_delay": 0.2822563698647113, "min_delay": 0.05794251151839196, "avg_delay": 0.07583374305165728, "min_max_difference": 0.22431385834631934, "running_time": 58.04800987243652}, "delay_balance": {"max_delay": 0.11866050054558899, "min_delay": 0.06081976209341375, "avg_delay": 0.08039378854809474, "min_max_difference": 0.057840738452175244, "running_time": 60.050010681152344}}, "150": {"num_user": 200, "num_service": 141, "min_max_greedy": {"max_delay": 0.09106837648143515, "min_delay": 0.05549350922719347, "avg_delay": 0.07318083963408567, "min_max_difference": 0.03557486725424168, "running_time": 88.0730152130127}, "min_max_equal_weight": {"max_delay": 0.09068534552901263, "min_delay": 0.05458888618032767, "avg_delay": 0.07000222858472982, "min_max_difference": 0.03609645934868495, "running_time": 71.05875015258789}, "delay_balance": {"max_delay": 0.09372101244720513, "min_delay": 0.05780135410097263, "avg_delay": 0.07674084797931544, "min_max_difference": 0.035919658346232494, "running_time": 77.06427574157715}}, "180": {"num_user": 200, "num_service": 141, "min_max_greedy": {"max_delay": 0.08555596809683251, "min_delay": 0.05780135410097263, "avg_delay": 0.07377243557205436, "min_max_difference": 0.027754613995859878, "running_time": 106.08744621276855}, "min_max_equal_weight": {"max_delay": 0.08314807004245839, "min_delay": 0.049238870079102943, "avg_delay": 0.06628073013461569, "min_max_difference": 0.033909199963355445, "running_time": 92.07653999328613}, "delay_balance": {"max_delay": 0.08633752189463335, "min_delay": 0.059801354100972634, "avg_delay": 0.07341852961496688, "min_max_difference": 0.02653616779366072, "running_time": 88.0734920501709}}, "210": {"num_user": 200, "num_service": 141, "min_max_greedy": {"max_delay": 0.08222105681972765, "min_delay": 0.05638590518561305, "avg_delay": 0.07019877276257872, "min_max_difference": 0.025835151634114595, "running_time": 128.1108856201172}, "min_max_equal_weight": {"max_delay": 0.08314321949447362, "min_delay": 0.049238870079102943, "avg_delay": 0.06380045921176437, "min_max_difference": 0.033904349415370676, "running_time": 108.09159278869629}, "delay_balance": {"max_delay": 0.08222105681972765, "min_delay": 0.058873759155350355, "avg_delay": 0.07084033892623286, "min_max_difference": 0.023347297664377292, "running_time": 101.08637809753418}}, "240": {"num_user": 200, "num_service": 141, "min_max_greedy": {"max_delay": 0.07850222258787659, "min_delay": 0.05350865461059126, "avg_delay": 0.06655955927924047, "min_max_difference": 0.02499356797728533, "running_time": 143.12291145324707}, "min_max_equal_weight": {"max_delay": 0.08314321949447362, "min_delay": 0.049238870079102943, "avg_delay": 0.06198306007887732, "min_max_difference": 0.033904349415370676, "running_time": 133.1157684326172}, "delay_balance": {"max_delay": 0.08137947316289837, "min_delay": 0.05638590518561305, "avg_delay": 0.06955390640330336, "min_max_difference": 0.024993567977285316, "running_time": 105.08990287780762}}, "270": {"num_user": 200, "num_service": 141, "min_max_greedy": {"max_delay": 0.07951726863625155, "min_delay": 0.05638590518561305, "avg_delay": 0.06828821207503785, "min_max_difference": 0.0231313634506385, "running_time": 156.13389015197754}, "min_max_equal_weight": {"max_delay": 0.07555505002898744, "min_delay": 0.045971213875010034, "avg_delay": 0.060449775773100456, "min_max_difference": 0.029583836153977403, "running_time": 150.12669563293457}, "delay_balance": {"max_delay": 0.07951726863625155, "min_delay": 0.05638590518561305, "avg_delay": 0.06851415053130298, "min_max_difference": 0.0231313634506385, "running_time": 113.09361457824707}}, "300": {"num_user": 200, "num_service": 141, "min_max_greedy": {"max_delay": 0.07378026039398036, "min_delay": 0.05407806031183389, "avg_delay": 0.06417711728116653, "min_max_difference": 0.019702200082146473, "running_time": 172.14250564575195}, "min_max_equal_weight": {"max_delay": 0.07546204383742082, "min_delay": 0.04587820768344342, "avg_delay": 0.0591886646664809, "min_max_difference": 0.029583836153977403, "running_time": 160.13312339782715}, "delay_balance": {"max_delay": 0.07529771702075878, "min_delay": 0.05638590518561305, "avg_delay": 0.06645900892961286, "min_max_difference": 0.01891181183514573, "running_time": 124.10306930541992}}}