{"entropy": 224226181081332963076187012991686478346, "30": {"num_user": 200, "num_service": 135, "min_max_greedy": {"max_delay": 0.7596425856934963, "min_delay": 0.0696728146604895, "avg_delay": 0.16274469053691587, "min_max_difference": 0.6899697710330068, "running_time": 23.01955223083496}, "min_max_equal_weight": {"max_delay": 0.8124725826412824, "min_delay": 0.06390874712148949, "avg_delay": 0.13609414121357338, "min_max_difference": 0.7485638355197929, "running_time": 20.015954971313477}, "delay_balance": {"max_delay": 0.7596425856934963, "min_delay": 0.0696728146604895, "avg_delay": 0.16274469053691587, "min_max_difference": 0.6899697710330068, "running_time": 25.020599365234375}}, "60": {"num_user": 200, "num_service": 135, "min_max_greedy": {"max_delay": 0.15299595979498043, "min_delay": 0.06221588817226652, "avg_delay": 0.10159289646274675, "min_max_difference": 0.09078007162271391, "running_time": 45.03774642944336}, "min_max_equal_weight": {"max_delay": 0.1307555260913073, "min_delay": 0.05613079310201352, "avg_delay": 0.09486371738254064, "min_max_difference": 0.07462473298929378, "running_time": 42.03462600708008}, "delay_balance": {"max_delay": 0.15299595979498043, "min_delay": 0.06227297255452181, "avg_delay": 0.10299184581450527, "min_max_difference": 0.09072298724045862, "running_time": 56.046485900878906}}, "90": {"num_user": 200, "num_service": 135, "min_max_greedy": {"max_delay": 0.12658237978061143, "min_delay": 0.05920008576178551, "avg_delay": 0.0928865210417627, "min_max_difference": 0.06738229401882592, "running_time": 59.049129486083984}, "min_max_equal_weight": {"max_delay": 0.12728355572850492, "min_delay": 0.05467283774999325, "avg_delay": 0.08586912992678145, "min_max_difference": 0.07261071797851167, "running_time": 58.04777145385742}, "delay_balance": {"max_delay": 0.12658237978061143, "min_delay": 0.05920008576178551, "avg_delay": 0.0928865210417627, "min_max_difference": 0.06738229401882592, "running_time": 64.05353546142578}}, "120": {"num_user": 200, "num_service": 135, "min_max_greedy": {"max_delay": 0.12141315320895817, "min_delay": 0.056146595512494527, "avg_delay": 0.08855911167546919, "min_max_difference": 0.06526655769646364, "running_time": 73.06075096130371}, "min_max_equal_weight": {"max_delay": 0.12628355572850491, "min_delay": 0.05467283774999325, "avg_delay": 0.0800171862766827, "min_max_difference": 0.07161071797851166, "running_time": 67.56114959716797}, "delay_balance": {"max_delay": 0.12141315320895817, "min_delay": 0.056146595512494527, "avg_delay": 0.08855911167546919, "min_max_difference": 0.06526655769646364, "running_time": 78.06801795959473}}, "150": {"num_user": 200, "num_service": 135, "min_max_greedy": {"max_delay": 0.11748354908538695, "min_delay": 0.05484777146038801, "avg_delay": 0.0840333841685593, "min_max_difference": 0.06263577762499895, "running_time": 87.07380294799805}, "min_max_equal_weight": {"max_delay": 0.12628355572850491, "min_delay": 0.05059347573081925, "avg_delay": 0.07545618590777348, "min_max_difference": 0.07569007999768566, "running_time": 80.06691932678223}, "delay_balance": {"max_delay": 0.11878237313749347, "min_delay": 0.056146595512494527, "avg_delay": 0.0853322082206658, "min_max_difference": 0.06263577762499895, "running_time": 89.07365798950195}}, "180": {"num_user": 200, "num_service": 135, "min_max_greedy": {"max_delay": 0.11337385559949051, "min_delay": 0.056146595512494527, "avg_delay": 0.0805486199002719, "min_max_difference": 0.05722726008699598, "running_time": 100.08525848388672}, "min_max_equal_weight": {"max_delay": 0.12596785645298758, "min_delay": 0.04829357886578294, "avg_delay": 0.07177644382097595, "min_max_difference": 0.07767427758720463, "running_time": 96.08221054077148}, "delay_balance": {"max_delay": 0.11337385559949051, "min_delay": 0.056146595512494527, "avg_delay": 0.0805486199002719, "min_max_difference": 0.05722726008699598, "running_time": 97.08261489868164}}, "210": {"num_user": 200, "num_service": 135, "min_max_greedy": {"max_delay": 0.10986852014992897, "min_delay": 0.056146595512494527, "avg_delay": 0.07585030711233882, "min_max_difference": 0.05372192463743444, "running_time": 115.09823799133301}, "min_max_equal_weight": {"max_delay": 0.12496785645298758, "min_delay": 0.04829357886578294, "avg_delay": 0.06881067666660753, "min_max_difference": 0.07667427758720463, "running_time": 104.08854484558105}, "delay_balance": {"max_delay": 0.10986852014992897, "min_delay": 0.056146595512494527, "avg_delay": 0.07585030711233882, "min_max_difference": 0.05372192463743444, "running_time": 104.08854484558105}}, "240": {"num_user": 200, "num_service": 135, "min_max_greedy": {"max_delay": 0.10420943987131162, "min_delay": 0.05613079310201352, "avg_delay": 0.07144293952422012, "min_max_difference": 0.0480786467692981, "running_time": 132.1103572845459}, "min_max_equal_weight": {"max_delay": 0.11850077276604691, "min_delay": 0.048277776455301936, "avg_delay": 0.0661586369443267, "min_max_difference": 0.07022299631074497, "running_time": 119.09866333007812}, "delay_balance": {"max_delay": 0.10420943987131162, "min_delay": 0.05613079310201352, "avg_delay": 0.07144293952422012, "min_max_difference": 0.0480786467692981, "running_time": 113.09361457824707}}, "270": {"num_user": 200, "num_service": 135, "min_max_greedy": {"max_delay": 0.09245172160931633, "min_delay": 0.05613079310201352, "avg_delay": 0.0688442052027575, "min_max_difference": 0.03632092850730281, "running_time": 149.1246223449707}, "min_max_equal_weight": {"max_delay": 0.1122644625848575, "min_delay": 0.048277776455301936, "avg_delay": 0.06410521217973146, "min_max_difference": 0.06398668612955558, "running_time": 127.1052360534668}, "delay_balance": {"max_delay": 0.09245172160931633, "min_delay": 0.05613079310201352, "avg_delay": 0.0688442052027575, "min_max_difference": 0.03632092850730281, "running_time": 122.1015453338623}}, "300": {"num_user": 200, "num_service": 135, "min_max_greedy": {"max_delay": 0.07755758230844995, "min_delay": 0.05529931239220406, "avg_delay": 0.06513779957211759, "min_max_difference": 0.02225826991624589, "running_time": 168.13945770263672}, "min_max_equal_weight": {"max_delay": 0.1122644625848575, "min_delay": 0.04674929677048671, "avg_delay": 0.06216232023684358, "min_max_difference": 0.0655151658143708, "running_time": 139.1158103942871}, "delay_balance": {"max_delay": 0.07755758230844995, "min_delay": 0.05529931239220406, "avg_delay": 0.06513779957211759, "min_max_difference": 0.02225826991624589, "running_time": 132.11369514465332}}}