{"entropy": 101730659937691192415208876588715954479, "30": {"num_user": 200, "num_service": 141, "min_max_greedy": {"max_delay": 0.3773364821997921, "min_delay": 0.07901705220520111, "avg_delay": 0.12720046679908933, "min_max_difference": 0.298319429994591, "running_time": 19.01531219482422}, "min_max_equal_weight": {"max_delay": 0.36200274061466603, "min_delay": 0.059627009783954556, "avg_delay": 0.09931668911692179, "min_max_difference": 0.30237573083071145, "running_time": 27.022600173950195}, "delay_balance": {"max_delay": 0.3773364821997921, "min_delay": 0.07901705220520111, "avg_delay": 0.12720046679908933, "min_max_difference": 0.298319429994591, "running_time": 20.01667022705078}}, "60": {"num_user": 200, "num_service": 141, "min_max_greedy": {"max_delay": 0.37179595614088373, "min_delay": 0.07805425340835309, "avg_delay": 0.10378113058048692, "min_max_difference": 0.29374170273253064, "running_time": 36.03005409240723}, "min_max_equal_weight": {"max_delay": 0.3589092385753936, "min_delay": 0.05928611423742919, "avg_delay": 0.08099272707685644, "min_max_difference": 0.2996231243379644, "running_time": 37.030935287475586}, "delay_balance": {"max_delay": 0.37179595614088373, "min_delay": 0.07805425340835309, "avg_delay": 0.10378113058048692, "min_max_difference": 0.29374170273253064, "running_time": 38.03133964538574}}, "90": {"num_user": 200, "num_service": 141, "min_max_greedy": {"max_delay": 0.10121117550826145, "min_delay": 0.060718899741479156, "avg_delay": 0.0773178424841046, "min_max_difference": 0.04049227576678229, "running_time": 62.052011489868164}, "min_max_equal_weight": {"max_delay": 0.09664413076428038, "min_delay": 0.05315685407901262, "avg_delay": 0.07211277038624005, "min_max_difference": 0.043487276685267764, "running_time": 58.04800987243652}, "delay_balance": {"max_delay": 0.09928444028959783, "min_delay": 0.060718899741479156, "avg_delay": 0.07724966170073963, "min_max_difference": 0.03856554054811868, "running_time": 54.04496192932129}}, "120": {"num_user": 200, "num_service": 141, "min_max_greedy": {"max_delay": 0.09202072475362741, "min_delay": 0.059627009783954556, "avg_delay": 0.07306360736111801, "min_max_difference": 0.03239371496967285, "running_time": 84.06949043273926}, "min_max_equal_weight": {"max_delay": 0.09267166857872405, "min_delay": 0.04848369613078686, "avg_delay": 0.0682374050008296, "min_max_difference": 0.04418797244793719, "running_time": 81.06732368469238}, "delay_balance": {"max_delay": 0.0874182294467416, "min_delay": 0.060718899741479156, "avg_delay": 0.07421908091717187, "min_max_difference": 0.026699329705262446, "running_time": 66.0545825958252}}, "150": {"num_user": 200, "num_service": 141, "min_max_greedy": {"max_delay": 0.08082791080150378, "min_delay": 0.05712469150621381, "avg_delay": 0.06888648645987373, "min_max_difference": 0.02370321929528997, "running_time": 110.0914478302002}, "min_max_equal_weight": {"max_delay": 0.09267166857872405, "min_delay": 0.04848369613078686, "avg_delay": 0.06549481469552823, "min_max_difference": 0.04418797244793719, "running_time": 103.08575630187988}, "delay_balance": {"max_delay": 0.08326765600447203, "min_delay": 0.0606316552433981, "avg_delay": 0.07237781669437394, "min_max_difference": 0.02263600076107393, "running_time": 76.06291770935059}}, "180": {"num_user": 200, "num_service": 141, "min_max_greedy": {"max_delay": 0.07782791080150378, "min_delay": 0.054598047493055656, "avg_delay": 0.066976743916537, "min_max_difference": 0.023229863308448125, "running_time": 125.10323524475098}, "min_max_equal_weight": {"max_delay": 0.09213254396825094, "min_delay": 0.04743023676829858, "avg_delay": 0.06329513430714279, "min_max_difference": 0.04470230719995236, "running_time": 122.100830078125}, "delay_balance": {"max_delay": 0.08152089138410998, "min_delay": 0.0606316552433981, "avg_delay": 0.07138050460548379, "min_max_difference": 0.020889236140711878, "running_time": 83.0690860748291}}, "210": {"num_user": 200, "num_service": 141, "min_max_greedy": {"max_delay": 0.07742233058700054, "min_delay": 0.0561404546333923, "avg_delay": 0.06679300889637202, "min_max_difference": 0.02128187595360824, "running_time": 139.115571975708}, "min_max_equal_weight": {"max_delay": 0.09213254396825094, "min_delay": 0.04743023676829858, "avg_delay": 0.06192394681900297, "min_max_difference": 0.04470230719995236, "running_time": 139.115571975708}, "delay_balance": {"max_delay": 0.07959415616544638, "min_delay": 0.05918324580552509, "avg_delay": 0.06935295009713516, "min_max_difference": 0.020410910359921285, "running_time": 95.0784683227539}}, "240": {"num_user": 200, "num_service": 141, "min_max_greedy": {"max_delay": 0.07642233058700054, "min_delay": 0.0561404546333923, "avg_delay": 0.06565013241868199, "min_max_difference": 0.02028187595360824, "running_time": 152.12607383728027}, "min_max_equal_weight": {"max_delay": 0.07602196347784132, "min_delay": 0.04743023676829858, "avg_delay": 0.06061608147147294, "min_max_difference": 0.028591726709542742, "running_time": 149.1234302520752}, "delay_balance": {"max_delay": 0.07937031794184043, "min_delay": 0.05918324580552509, "avg_delay": 0.06853413272761322, "min_max_difference": 0.02018707213631534, "running_time": 102.08463668823242}}, "270": {"num_user": 200, "num_service": 141, "min_max_greedy": {"max_delay": 0.07400585928528905, "min_delay": 0.054723983331680805, "avg_delay": 0.06341693171407264, "min_max_difference": 0.019281875953608245, "running_time": 166.1388874053955}, "min_max_equal_weight": {"max_delay": 0.07602196347784132, "min_delay": 0.04537489928705815, "avg_delay": 0.05944767814227821, "min_max_difference": 0.03064706419078317, "running_time": 178.1480312347412}, "delay_balance": {"max_delay": 0.07758378911758776, "min_delay": 0.05918324580552509, "avg_delay": 0.06714387711924626, "min_max_difference": 0.018400543312062666, "running_time": 110.0916862487793}}, "300": {"num_user": 200, "num_service": 141, "min_max_greedy": {"max_delay": 0.07281844306799604, "min_delay": 0.05484829030990589, "avg_delay": 0.06304486890719775, "min_max_difference": 0.01797015275809015, "running_time": 178.1482696533203}, "min_max_equal_weight": {"max_delay": 0.07602196347784132, "min_delay": 0.04537489928705815, "avg_delay": 0.05850349720699484, "min_max_difference": 0.03064706419078317, "running_time": 196.16341590881348}, "delay_balance": {"max_delay": 0.07542233058700054, "min_delay": 0.05800799419307583, "avg_delay": 0.0659018697490656, "min_max_difference": 0.017414336393924708, "running_time": 122.1017837524414}}}