{"entropy": 51524696197913330244046834382038266754, "30": {"num_user": 200, "num_service": 147, "min_max_greedy": {"max_delay": 5.0566083054305935, "min_delay": 0.06753712823812646, "avg_delay": 0.45333002820610824, "min_max_difference": 4.989071177192467, "running_time": 22.017955780029297}, "min_max_equal_weight": {"max_delay": 5.071334753431932, "min_delay": 0.06606740693019864, "avg_delay": 0.3262012151878197, "min_max_difference": 5.005267346501734, "running_time": 26.021718978881836}, "delay_balance": {"max_delay": 5.0566083054305935, "min_delay": 0.06753712823812646, "avg_delay": 0.45333002820610824, "min_max_difference": 4.989071177192467, "running_time": 25.020599365234375}}, "60": {"num_user": 200, "num_service": 147, "min_max_greedy": {"max_delay": 0.1668441918837475, "min_delay": 0.06579336868589217, "avg_delay": 0.10295476848075266, "min_max_difference": 0.10105082319785533, "running_time": 43.03598403930664}, "min_max_equal_weight": {"max_delay": 0.16611977800989658, "min_delay": 0.05546289094781635, "avg_delay": 0.09735142955781724, "min_max_difference": 0.11065688706208024, "running_time": 39.0324592590332}, "delay_balance": {"max_delay": 0.1668441918837475, "min_delay": 0.06579336868589217, "avg_delay": 0.10295476848075266, "min_max_difference": 0.10105082319785533, "running_time": 45.037269592285156}}, "90": {"num_user": 200, "num_service": 147, "min_max_greedy": {"max_delay": 0.152656596882903, "min_delay": 0.0633972027353473, "avg_delay": 0.09590762444899624, "min_max_difference": 0.08925939414755571, "running_time": 56.04672431945801}, "min_max_equal_weight": {"max_delay": 0.1487079078447746, "min_delay": 0.05409513383401546, "avg_delay": 0.08537452639188403, "min_max_difference": 0.09461277401075915, "running_time": 58.048248291015625}, "delay_balance": {"max_delay": 0.152656596882903, "min_delay": 0.0633972027353473, "avg_delay": 0.09590762444899624, "min_max_difference": 0.08925939414755571, "running_time": 60.050010681152344}}, "120": {"num_user": 200, "num_service": 147, "min_max_greedy": {"max_delay": 0.14641097056221325, "min_delay": 0.0633972027353473, "avg_delay": 0.09081802042606112, "min_max_difference": 0.08301376782686595, "running_time": 71.0592269897461}, "min_max_equal_weight": {"max_delay": 0.14736121886730394, "min_delay": 0.05509866201716152, "avg_delay": 0.07922680982011675, "min_max_difference": 0.09226255685014242, "running_time": 71.05898857116699}, "delay_balance": {"max_delay": 0.14641097056221325, "min_delay": 0.0633972027353473, "avg_delay": 0.09081802042606112, "min_max_difference": 0.08301376782686595, "running_time": 75.06227493286133}}, "150": {"num_user": 200, "num_service": 147, "min_max_greedy": {"max_delay": 0.11107555720824892, "min_delay": 0.057801724734600185, "avg_delay": 0.08437198549686153, "min_max_difference": 0.05327383247364874, "running_time": 90.07501602172852}, "min_max_equal_weight": {"max_delay": 0.14412515307979973, "min_delay": 0.05251237906904058, "avg_delay": 0.07429939412070187, "min_max_difference": 0.09161277401075915, "running_time": 91.07637405395508}, "delay_balance": {"max_delay": 0.11407555720824893, "min_delay": 0.06080172473460018, "avg_delay": 0.08650793300819747, "min_max_difference": 0.053273832473648745, "running_time": 87.07284927368164}}, "180": {"num_user": 200, "num_service": 147, "min_max_greedy": {"max_delay": 0.09996811568221581, "min_delay": 0.057801724734600185, "avg_delay": 0.07889875328687918, "min_max_difference": 0.04216639094761562, "running_time": 110.0919246673584}, "min_max_equal_weight": {"max_delay": 0.14312515307979973, "min_delay": 0.04989438011794779, "avg_delay": 0.07053591018495882, "min_max_difference": 0.09323077296185193, "running_time": 114.09449577331543}, "delay_balance": {"max_delay": 0.10354988763867302, "min_delay": 0.057801724734600185, "avg_delay": 0.0825328717422713, "min_max_difference": 0.04574816290407284, "running_time": 100.0833511352539}}, "210": {"num_user": 200, "num_service": 147, "min_max_greedy": {"max_delay": 0.0948987700221135, "min_delay": 0.057801724734600185, "avg_delay": 0.07453173867446149, "min_max_difference": 0.037097045287513314, "running_time": 125.10466575622559}, "min_max_equal_weight": {"max_delay": 0.14015674515801635, "min_delay": 0.049039840012661345, "avg_delay": 0.06763359145590711, "min_max_difference": 0.091116905145355, "running_time": 126.10459327697754}, "delay_balance": {"max_delay": 0.09954988763867302, "min_delay": 0.057801724734600185, "avg_delay": 0.07971894203679533, "min_max_difference": 0.041748162904072836, "running_time": 111.09256744384766}}, "240": {"num_user": 200, "num_service": 147, "min_max_greedy": {"max_delay": 0.0923169980656563, "min_delay": 0.057801724734600185, "avg_delay": 0.0722432586531751, "min_max_difference": 0.03451527333105611, "running_time": 142.1184539794922}, "min_max_equal_weight": {"max_delay": 0.09175625331002735, "min_delay": 0.049039840012661345, "avg_delay": 0.06519066872596486, "min_max_difference": 0.042716413297366, "running_time": 140.11669158935547}, "delay_balance": {"max_delay": 0.09524545899958417, "min_delay": 0.06022157879183447, "avg_delay": 0.07499661419561403, "min_max_difference": 0.0350238802077497, "running_time": 133.11028480529785}}, "270": {"num_user": 200, "num_service": 147, "min_max_greedy": {"max_delay": 0.0908987700221135, "min_delay": 0.057801724734600185, "avg_delay": 0.06967717608444288, "min_max_difference": 0.03309704528751331, "running_time": 163.13552856445312}, "min_max_equal_weight": {"max_delay": 0.09175625331002735, "min_delay": 0.049039840012661345, "avg_delay": 0.0630092207232434, "min_max_difference": 0.042716413297366, "running_time": 152.12678909301758}, "delay_balance": {"max_delay": 0.09127705107780079, "min_delay": 0.05679819655145412, "avg_delay": 0.07127619577438382, "min_max_difference": 0.03447885452634667, "running_time": 130.10787963867188}}, "300": {"num_user": 200, "num_service": 147, "min_max_greedy": {"max_delay": 0.08669470547495102, "min_delay": 0.057801724734600185, "avg_delay": 0.0662567226374772, "min_max_difference": 0.028892980740350835, "running_time": 189.15724754333496}, "min_max_equal_weight": {"max_delay": 0.09022069885455639, "min_delay": 0.04749040658388723, "avg_delay": 0.060858982590807374, "min_max_difference": 0.04273029227066916, "running_time": 172.14393615722656}, "delay_balance": {"max_delay": 0.08669470547495102, "min_delay": 0.057801724734600185, "avg_delay": 0.06708095219521809, "min_max_difference": 0.028892980740350835, "running_time": 139.1153335571289}}}