{"entropy": 70445901015449452049669012066589463224, "30": {"num_user": 200, "num_service": 135, "min_max_greedy": {"max_delay": 0.12743348137325677, "min_delay": 0.06513902778252492, "avg_delay": 0.09286727268616403, "min_max_difference": 0.06229445359073185, "running_time": 32.02700614929199}, "min_max_equal_weight": {"max_delay": 0.13432611427972208, "min_delay": 0.058073146949280625, "avg_delay": 0.08403198932491435, "min_max_difference": 0.07625296733044146, "running_time": 31.02564811706543}, "delay_balance": {"max_delay": 0.12743348137325677, "min_delay": 0.06513902778252492, "avg_delay": 0.09286727268616403, "min_max_difference": 0.06229445359073185, "running_time": 33.02764892578125}}, "60": {"num_user": 200, "num_service": 135, "min_max_greedy": {"max_delay": 0.12282283289055951, "min_delay": 0.06332919930628368, "avg_delay": 0.0851354841959087, "min_max_difference": 0.059493633584275826, "running_time": 58.04848670959473}, "min_max_equal_weight": {"max_delay": 0.1287628696533773, "min_delay": 0.055225774779148334, "avg_delay": 0.07577866646106826, "min_max_difference": 0.07353709487422896, "running_time": 62.05248832702637}, "delay_balance": {"max_delay": 0.12282283289055951, "min_delay": 0.06332919930628368, "avg_delay": 0.0851354841959087, "min_max_difference": 0.059493633584275826, "running_time": 61.0506534576416}}, "90": {"num_user": 200, "num_service": 135, "min_max_greedy": {"max_delay": 0.09302962192029968, "min_delay": 0.05808676906314869, "avg_delay": 0.07346828055500927, "min_max_difference": 0.034942852857150986, "running_time": 93.07670593261719}, "min_max_equal_weight": {"max_delay": 0.12242379314945903, "min_delay": 0.050651461079761075, "avg_delay": 0.06950089785641626, "min_max_difference": 0.07177233206969796, "running_time": 76.06315612792969}, "delay_balance": {"max_delay": 0.09642467999330237, "min_delay": 0.0614818271361514, "avg_delay": 0.07686333862801197, "min_max_difference": 0.03494285285715097, "running_time": 81.06684684753418}}, "120": {"num_user": 200, "num_service": 135, "min_max_greedy": {"max_delay": 0.08941827955463272, "min_delay": 0.05862083285215104, "avg_delay": 0.07306694860216754, "min_max_difference": 0.030797446702481676, "running_time": 110.0914478302002}, "min_max_equal_weight": {"max_delay": 0.12242379314945903, "min_delay": 0.050651461079761075, "avg_delay": 0.06578981515735634, "min_max_difference": 0.07177233206969796, "running_time": 97.08142280578613}, "delay_balance": {"max_delay": 0.09153651631953613, "min_delay": 0.059871178653454135, "avg_delay": 0.07452386926530238, "min_max_difference": 0.031665337666082, "running_time": 90.07453918457031}}, "150": {"num_user": 200, "num_service": 135, "min_max_greedy": {"max_delay": 0.08713328704888558, "min_delay": 0.05862083285215104, "avg_delay": 0.0711003221959873, "min_max_difference": 0.028512454196734538, "running_time": 128.10659408569336}, "min_max_equal_weight": {"max_delay": 0.08431829332289126, "min_delay": 0.049699545752563315, "avg_delay": 0.06305434067663424, "min_max_difference": 0.03461874757032794, "running_time": 111.09352111816406}, "delay_balance": {"max_delay": 0.08768648602938918, "min_delay": 0.059871178653454135, "avg_delay": 0.07228566560563797, "min_max_difference": 0.027815307375935044, "running_time": 100.08549690246582}}, "180": {"num_user": 200, "num_service": 135, "min_max_greedy": {"max_delay": 0.08549991006096698, "min_delay": 0.05862083285215104, "avg_delay": 0.06987156795660825, "min_max_difference": 0.026879077208815938, "running_time": 140.11836051940918}, "min_max_equal_weight": {"max_delay": 0.0841120582182828, "min_delay": 0.04849331064795485, "avg_delay": 0.06098476915992948, "min_max_difference": 0.03561874757032795, "running_time": 131.10828399658203}, "delay_balance": {"max_delay": 0.08613328704888558, "min_delay": 0.059871178653454135, "avg_delay": 0.07074176724688418, "min_max_difference": 0.026262108395431444, "running_time": 107.09142684936523}}, "210": {"num_user": 200, "num_service": 135, "min_max_greedy": {"max_delay": 0.0829468174900756, "min_delay": 0.05862083285215104, "avg_delay": 0.0691189760430355, "min_max_difference": 0.024325984637924555, "running_time": 147.1245288848877}, "min_max_equal_weight": {"max_delay": 0.08162961927648732, "min_delay": 0.047184899672019415, "avg_delay": 0.0593177312224235, "min_max_difference": 0.034444719604467905, "running_time": 146.12603187561035}, "delay_balance": {"max_delay": 0.08352634053113708, "min_delay": 0.059871178653454135, "avg_delay": 0.06994572985326193, "min_max_difference": 0.023655161877682948, "running_time": 112.09535598754883}}, "240": {"num_user": 200, "num_service": 135, "min_max_greedy": {"max_delay": 0.07993666543462222, "min_delay": 0.05862083285215104, "avg_delay": 0.06842311206939243, "min_max_difference": 0.021315832582471175, "running_time": 157.13119506835938}, "min_max_equal_weight": {"max_delay": 0.08162961927648732, "min_delay": 0.04583099697157155, "avg_delay": 0.05803674298900693, "min_max_difference": 0.03579862230491577, "running_time": 161.1337661743164}, "delay_balance": {"max_delay": 0.0806957278794508, "min_delay": 0.059871178653454135, "avg_delay": 0.06926218935451454, "min_max_difference": 0.020824549225996664, "running_time": 116.09601974487305}}, "270": {"num_user": 200, "num_service": 135, "min_max_greedy": {"max_delay": 0.07744522477039109, "min_delay": 0.05862083285215104, "avg_delay": 0.06613860781786929, "min_max_difference": 0.01882439191824005, "running_time": 171.1421012878418}, "min_max_equal_weight": {"max_delay": 0.08162961927648732, "min_delay": 0.04583099697157155, "avg_delay": 0.05696541123873988, "min_max_difference": 0.03579862230491577, "running_time": 174.14474487304688}, "delay_balance": {"max_delay": 0.0780220475577402, "min_delay": 0.05939040084442879, "avg_delay": 0.06724899331192351, "min_max_difference": 0.01863164671331141, "running_time": 124.10306930541992}}, "300": {"num_user": 200, "num_service": 135, "min_max_greedy": {"max_delay": 0.07520851711655017, "min_delay": 0.05852940656042843, "avg_delay": 0.06525567946414805, "min_max_difference": 0.016679110556121743, "running_time": 183.1519603729248}, "min_max_equal_weight": {"max_delay": 0.0802222461809241, "min_delay": 0.04583099697157155, "avg_delay": 0.05602364618201084, "min_max_difference": 0.034391249209352555, "running_time": 203.1712532043457}, "delay_balance": {"max_delay": 0.07639509308497239, "min_delay": 0.05939040084442879, "avg_delay": 0.06652200733312665, "min_max_difference": 0.0170046922405436, "running_time": 129.11200523376465}}}