{"entropy": 146198312541076928548642305878627943823, "30": {"num_user": 200, "num_service": 142, "min_max_greedy": {"max_delay": 1.7174447780779503, "min_delay": 0.06893984608708854, "avg_delay": 0.15256096111085563, "min_max_difference": 1.6485049319908618, "running_time": 10.008573532104492}, "min_max_equal_weight": {"max_delay": 1.7236455026301312, "min_delay": 0.06658012669753616, "avg_delay": 0.14329640041019867, "min_max_difference": 1.657065375932595, "running_time": 12.01009750366211}, "delay_balance": {"max_delay": 1.7174447780779503, "min_delay": 0.06893984608708854, "avg_delay": 0.15256096111085563, "min_max_difference": 1.6485049319908618, "running_time": 13.010740280151367}}, "60": {"num_user": 200, "num_service": 142, "min_max_greedy": {"max_delay": 0.1463438785655795, "min_delay": 0.06483003597372819, "avg_delay": 0.09695559966550928, "min_max_difference": 0.08151384259185132, "running_time": 21.017789840698242}, "min_max_equal_weight": {"max_delay": 0.14604371219264806, "min_delay": 0.062470316584175796, "avg_delay": 0.09396894026986757, "min_max_difference": 0.08357339560847227, "running_time": 19.01555061340332}, "delay_balance": {"max_delay": 0.1463438785655795, "min_delay": 0.06483003597372819, "avg_delay": 0.09695559966550928, "min_max_difference": 0.08151384259185132, "running_time": 23.019075393676758}}, "90": {"num_user": 200, "num_service": 142, "min_max_greedy": {"max_delay": 0.13658672699397284, "min_delay": 0.0617850179879662, "avg_delay": 0.08962828719445305, "min_max_difference": 0.07480170900600663, "running_time": 39.032697677612305}, "min_max_equal_weight": {"max_delay": 0.1373360748297843, "min_delay": 0.05331942347033218, "avg_delay": 0.08145317053697347, "min_max_difference": 0.08401665135945212, "running_time": 43.035030364990234}, "delay_balance": {"max_delay": 0.13658672699397284, "min_delay": 0.0617850179879662, "avg_delay": 0.08962828719445305, "min_max_difference": 0.07480170900600663, "running_time": 42.03438758850098}}, "120": {"num_user": 200, "num_service": 142, "min_max_greedy": {"max_delay": 0.10524350818597412, "min_delay": 0.06135519386496484, "avg_delay": 0.08384985104553896, "min_max_difference": 0.043888314321009286, "running_time": 57.047128677368164}, "min_max_equal_weight": {"max_delay": 0.13421895243889975, "min_delay": 0.05039954834333643, "avg_delay": 0.07627921898991245, "min_max_difference": 0.08381940409556332, "running_time": 56.046247482299805}, "delay_balance": {"max_delay": 0.10524350818597412, "min_delay": 0.0622671153782557, "avg_delay": 0.08399573738006147, "min_max_difference": 0.04297639280771842, "running_time": 60.050010681152344}}, "150": {"num_user": 200, "num_service": 142, "min_max_greedy": {"max_delay": 0.09902154425607451, "min_delay": 0.05608178533796121, "avg_delay": 0.0788641776345813, "min_max_difference": 0.0429397589181133, "running_time": 71.05875015258789}, "min_max_equal_weight": {"max_delay": 0.13421895243889975, "min_delay": 0.05039954834333643, "avg_delay": 0.07258550740948766, "min_max_difference": 0.08381940409556332, "running_time": 71.05851173400879}, "delay_balance": {"max_delay": 0.10224350818597412, "min_delay": 0.058441504727513596, "avg_delay": 0.08136978335865612, "min_max_difference": 0.043802003458460526, "running_time": 66.0548210144043}}, "180": {"num_user": 200, "num_service": 142, "min_max_greedy": {"max_delay": 0.09702154425607451, "min_delay": 0.05608178533796121, "avg_delay": 0.07652999628222101, "min_max_difference": 0.0409397589181133, "running_time": 84.06972885131836}, "min_max_equal_weight": {"max_delay": 0.13226437756272183, "min_delay": 0.05039954834333643, "avg_delay": 0.06973435541966505, "min_max_difference": 0.0818648292193854, "running_time": 86.07149124145508}, "delay_balance": {"max_delay": 0.10124350818597412, "min_delay": 0.058441504727513596, "avg_delay": 0.08060084237979971, "min_max_difference": 0.042802003458460525, "running_time": 73.06122779846191}}, "210": {"num_user": 200, "num_service": 142, "min_max_greedy": {"max_delay": 0.09304015184448308, "min_delay": 0.05534758833179646, "avg_delay": 0.07417153129144582, "min_max_difference": 0.03769256351268662, "running_time": 98.08158874511719}, "min_max_equal_weight": {"max_delay": 0.09108205170336603, "min_delay": 0.049651278690687445, "avg_delay": 0.06722257441351626, "min_max_difference": 0.041430773012678584, "running_time": 103.08527946472168}, "delay_balance": {"max_delay": 0.09813406824020021, "min_delay": 0.058441504727513596, "avg_delay": 0.07835399244737401, "min_max_difference": 0.039692563512686616, "running_time": 80.06644248962402}}, "240": {"num_user": 200, "num_service": 142, "min_max_greedy": {"max_delay": 0.0937426172608618, "min_delay": 0.058441504727513596, "avg_delay": 0.07487271142021476, "min_max_difference": 0.03530111253334821, "running_time": 110.0912094116211}, "min_max_equal_weight": {"max_delay": 0.09108205170336603, "min_delay": 0.050317592863586, "avg_delay": 0.06502585982478198, "min_max_difference": 0.04076445883978003, "running_time": 110.09359359741211}, "delay_balance": {"max_delay": 0.09513406824020022, "min_delay": 0.058441504727513596, "avg_delay": 0.0764891969685218, "min_max_difference": 0.03669256351268663, "running_time": 87.07404136657715}}, "270": {"num_user": 200, "num_service": 142, "min_max_greedy": {"max_delay": 0.08846761024862185, "min_delay": 0.05408178533796121, "avg_delay": 0.07101509207571194, "min_max_difference": 0.03438582491066064, "running_time": 123.10910224914551}, "min_max_equal_weight": {"max_delay": 0.09108205170336603, "min_delay": 0.049651278690687445, "avg_delay": 0.0629426061094395, "min_max_difference": 0.041430773012678584, "running_time": 126.10721588134766}, "delay_balance": {"max_delay": 0.09248635661436744, "min_delay": 0.056441504727513594, "avg_delay": 0.07470992015113909, "min_max_difference": 0.03604485188685384, "running_time": 94.08092498779297}}, "300": {"num_user": 200, "num_service": 142, "min_max_greedy": {"max_delay": 0.08546761024862184, "min_delay": 0.05363610300523071, "avg_delay": 0.06899482619760722, "min_max_difference": 0.031831507243391136, "running_time": 136.11602783203125}, "min_max_equal_weight": {"max_delay": 0.08970245225379578, "min_delay": 0.04912923895341255, "avg_delay": 0.06140569498754798, "min_max_difference": 0.04057321330038323, "running_time": 137.1161937713623}, "delay_balance": {"max_delay": 0.08967675469417076, "min_delay": 0.056441504727513594, "avg_delay": 0.07337573702121764, "min_max_difference": 0.033235249966657165, "running_time": 100.08573532104492}}}