{"entropy": 164450149322438527166628113277177108784, "30": {"num_user": 200, "num_service": 136, "min_max_greedy": {"max_delay": 1.120749664444731, "min_delay": 0.1308603431073277, "avg_delay": 0.29463752251652076, "min_max_difference": 0.9898893213374034, "running_time": 13.011455535888672}, "min_max_equal_weight": {"max_delay": 1.0673788166832037, "min_delay": 0.06820508224459168, "avg_delay": 0.21651494044412353, "min_max_difference": 0.999173734438612, "running_time": 13.011932373046875}, "delay_balance": {"max_delay": 1.120749664444731, "min_delay": 0.1308603431073277, "avg_delay": 0.29463752251652076, "min_max_difference": 0.9898893213374034, "running_time": 16.01266860961914}}, "60": {"num_user": 200, "num_service": 136, "min_max_greedy": {"max_delay": 1.0503355142740056, "min_delay": 0.06820508224459168, "avg_delay": 0.16371841617039276, "min_max_difference": 0.982130432029414, "running_time": 24.019956588745117}, "min_max_equal_weight": {"max_delay": 1.058094403581995, "min_delay": 0.06569572009013752, "avg_delay": 0.14655984587432044, "min_max_difference": 0.9923986834918574, "running_time": 27.022361755371094}, "delay_balance": {"max_delay": 1.0503355142740056, "min_delay": 0.06820508224459168, "avg_delay": 0.16371841617039276, "min_max_difference": 0.982130432029414, "running_time": 27.022600173950195}}, "90": {"num_user": 200, "num_service": 136, "min_max_greedy": {"max_delay": 0.3569647122913698, "min_delay": 0.12990748950841172, "avg_delay": 0.16305760920146198, "min_max_difference": 0.22705722278295806, "running_time": 47.03879356384277}, "min_max_equal_weight": {"max_delay": 0.31467671394329877, "min_delay": 0.06636305811962616, "avg_delay": 0.10381901386311823, "min_max_difference": 0.2483136558236726, "running_time": 36.02957725524902}, "delay_balance": {"max_delay": 0.3569647122913698, "min_delay": 0.12990748950841172, "avg_delay": 0.16305760920146198, "min_max_difference": 0.22705722278295806, "running_time": 50.04143714904785}}, "120": {"num_user": 200, "num_service": 136, "min_max_greedy": {"max_delay": 0.13683504195602703, "min_delay": 0.06508704078607477, "avg_delay": 0.09522718826939686, "min_max_difference": 0.07174800116995225, "running_time": 62.05153465270996}, "min_max_equal_weight": {"max_delay": 0.13515476230932372, "min_delay": 0.06099402786626061, "avg_delay": 0.08550791737653154, "min_max_difference": 0.0741607344430631, "running_time": 60.05048751831055}, "delay_balance": {"max_delay": 0.13683504195602703, "min_delay": 0.06508704078607477, "avg_delay": 0.09522718826939686, "min_max_difference": 0.07174800116995225, "running_time": 65.05346298217773}}, "150": {"num_user": 200, "num_service": 136, "min_max_greedy": {"max_delay": 0.12821574653321643, "min_delay": 0.06388457480384842, "avg_delay": 0.08689855399777198, "min_max_difference": 0.06433117172936802, "running_time": 81.06708526611328}, "min_max_equal_weight": {"max_delay": 0.12821411934681334, "min_delay": 0.058791561884034255, "avg_delay": 0.07834644062981627, "min_max_difference": 0.06942255746277909, "running_time": 78.0644416809082}, "delay_balance": {"max_delay": 0.12821574653321643, "min_delay": 0.06388457480384842, "avg_delay": 0.08689855399777198, "min_max_difference": 0.06433117172936802, "running_time": 85.07061004638672}}, "180": {"num_user": 200, "num_service": 136, "min_max_greedy": {"max_delay": 0.12648014409660896, "min_delay": 0.06397173742368889, "avg_delay": 0.08297353857948538, "min_max_difference": 0.06250840667292007, "running_time": 94.07806396484375}, "min_max_equal_weight": {"max_delay": 0.12772163479064708, "min_delay": 0.05372316594572016, "avg_delay": 0.07375994741320226, "min_max_difference": 0.07399846884492692, "running_time": 95.07918357849121}, "delay_balance": {"max_delay": 0.12648014409660896, "min_delay": 0.06397173742368889, "avg_delay": 0.08297353857948538, "min_max_difference": 0.06250840667292007, "running_time": 99.08199310302734}}, "210": {"num_user": 200, "num_service": 136, "min_max_greedy": {"max_delay": 0.12114351323850771, "min_delay": 0.06250285772277328, "avg_delay": 0.07840049621567649, "min_max_difference": 0.05864065551573443, "running_time": 112.09344863891602}, "min_max_equal_weight": {"max_delay": 0.12389928454803509, "min_delay": 0.05372316594572016, "avg_delay": 0.07027634695177717, "min_max_difference": 0.07017611860231493, "running_time": 108.09040069580078}, "delay_balance": {"max_delay": 0.12114351323850771, "min_delay": 0.06250285772277328, "avg_delay": 0.07840049621567649, "min_max_difference": 0.05864065551573443, "running_time": 117.0969009399414}}, "240": {"num_user": 200, "num_service": 136, "min_max_greedy": {"max_delay": 0.09286126452112023, "min_delay": 0.061502857722773294, "avg_delay": 0.07492044437288892, "min_max_difference": 0.031358406798346936, "running_time": 132.1098804473877}, "min_max_equal_weight": {"max_delay": 0.12389928454803509, "min_delay": 0.05372316594572016, "avg_delay": 0.06774354329732564, "min_max_difference": 0.07017611860231493, "running_time": 126.10530853271484}, "delay_balance": {"max_delay": 0.09286126452112023, "min_delay": 0.061502857722773294, "avg_delay": 0.07492044437288892, "min_max_difference": 0.031358406798346936, "running_time": 127.1054744720459}}, "270": {"num_user": 200, "num_service": 136, "min_max_greedy": {"max_delay": 0.082896610962111, "min_delay": 0.06133214258303719, "avg_delay": 0.07153212254400337, "min_max_difference": 0.02156446837907381, "running_time": 151.12543106079102}, "min_max_equal_weight": {"max_delay": 0.12270482917171084, "min_delay": 0.0510496143520246, "avg_delay": 0.06566200895410067, "min_max_difference": 0.07165521481968624, "running_time": 139.6481990814209}, "delay_balance": {"max_delay": 0.082896610962111, "min_delay": 0.061502857722773294, "avg_delay": 0.07164085194061892, "min_max_difference": 0.021393753239337704, "running_time": 140.11645317077637}}, "300": {"num_user": 200, "num_service": 136, "min_max_greedy": {"max_delay": 0.08219938278029329, "min_delay": 0.05610298030019906, "avg_delay": 0.07054208790494845, "min_max_difference": 0.026096402480094233, "running_time": 162.13512420654297}, "min_max_equal_weight": {"max_delay": 0.12185067526321329, "min_delay": 0.0510496143520246, "avg_delay": 0.06392859530053424, "min_max_difference": 0.07080106091118869, "running_time": 147.12214469909668}, "delay_balance": {"max_delay": 0.08219938278029329, "min_delay": 0.05610298030019906, "avg_delay": 0.07054208790494845, "min_max_difference": 0.026096402480094233, "running_time": 144.1202163696289}}}