{"entropy": 13601864301503686724016948633757974685, "30": {"num_user": 200, "num_service": 140, "min_max_greedy": {"max_delay": 0.3698552305845573, "min_delay": 0.07096089888229394, "avg_delay": 0.18250175818534436, "min_max_difference": 0.29889433170226337, "running_time": 13.010501861572266}, "min_max_equal_weight": {"max_delay": 0.30764307170273103, "min_delay": 0.05402238054901334, "avg_delay": 0.14836825685075777, "min_max_difference": 0.2536206911537177, "running_time": 18.01466941833496}, "delay_balance": {"max_delay": 0.3698552305845573, "min_delay": 0.07096089888229394, "avg_delay": 0.18250175818534436, "min_max_difference": 0.29889433170226337, "running_time": 14.01209831237793}}, "60": {"num_user": 200, "num_service": 140, "min_max_greedy": {"max_delay": 0.31546617360346435, "min_delay": 0.07096089888229394, "avg_delay": 0.15977238332591395, "min_max_difference": 0.2445052747211704, "running_time": 32.03916549682617}, "min_max_equal_weight": {"max_delay": 0.30764307170273103, "min_delay": 0.053022380549013336, "avg_delay": 0.12859742908763042, "min_max_difference": 0.2546206911537177, "running_time": 33.02764892578125}, "delay_balance": {"max_delay": 0.31546617360346435, "min_delay": 0.07096089888229394, "avg_delay": 0.15977238332591395, "min_max_difference": 0.2445052747211704, "running_time": 34.02829170227051}}, "90": {"num_user": 200, "num_service": 140, "min_max_greedy": {"max_delay": 0.2616683815470097, "min_delay": 0.07096089888229394, "avg_delay": 0.13607916610905973, "min_max_difference": 0.19070748266471577, "running_time": 47.03831672668457}, "min_max_equal_weight": {"max_delay": 0.3051183065436436, "min_delay": 0.053022380549013336, "avg_delay": 0.11155039794305763, "min_max_difference": 0.25209592599463027, "running_time": 44.04878616333008}, "delay_balance": {"max_delay": 0.2616683815470097, "min_delay": 0.07096089888229394, "avg_delay": 0.13607916610905973, "min_max_difference": 0.19070748266471577, "running_time": 49.041748046875}}, "120": {"num_user": 200, "num_service": 140, "min_max_greedy": {"max_delay": 0.23732027420380453, "min_delay": 0.07014759149688754, "avg_delay": 0.13070944167255222, "min_max_difference": 0.167172682706917, "running_time": 60.06455421447754}, "min_max_equal_weight": {"max_delay": 0.2977736219127916, "min_delay": 0.052307350215422294, "avg_delay": 0.0981375155983927, "min_max_difference": 0.24546627169736931, "running_time": 57.0375919342041}, "delay_balance": {"max_delay": 0.23732027420380453, "min_delay": 0.07072104664395251, "avg_delay": 0.1335070831682318, "min_max_difference": 0.16659922755985201, "running_time": 67.05546379089355}}, "150": {"num_user": 200, "num_service": 140, "min_max_greedy": {"max_delay": 0.23247973148230622, "min_delay": 0.07014759149688754, "avg_delay": 0.11459662499049651, "min_max_difference": 0.16233213998541868, "running_time": 75.06394386291504}, "min_max_equal_weight": {"max_delay": 0.2970079604445199, "min_delay": 0.05154168874715055, "avg_delay": 0.08711824351426735, "min_max_difference": 0.24546627169736934, "running_time": 72.05963134765625}, "delay_balance": {"max_delay": 0.23247973148230622, "min_delay": 0.07072104664395251, "avg_delay": 0.11739426648617607, "min_max_difference": 0.1617586848383537, "running_time": 83.0690860748291}}, "180": {"num_user": 200, "num_service": 140, "min_max_greedy": {"max_delay": 0.17888092578227802, "min_delay": 0.07014759149688754, "avg_delay": 0.10559646772688351, "min_max_difference": 0.10873333428539048, "running_time": 92.07630157470703}, "min_max_equal_weight": {"max_delay": 0.2950079604445199, "min_delay": 0.05154168874715055, "avg_delay": 0.078450411734538, "min_max_difference": 0.24346627169736934, "running_time": 85.07108688354492}, "delay_balance": {"max_delay": 0.17888092578227802, "min_delay": 0.07072104664395251, "avg_delay": 0.10839410922256304, "min_max_difference": 0.1081598791383255, "running_time": 98.08158874511719}}, "210": {"num_user": 200, "num_service": 140, "min_max_greedy": {"max_delay": 0.12401663396027242, "min_delay": 0.06537024760883411, "avg_delay": 0.08760752902465002, "min_max_difference": 0.058646386351438304, "running_time": 115.09513854980469}, "min_max_equal_weight": {"max_delay": 0.21067975664202077, "min_delay": 0.05154168874715055, "avg_delay": 0.07088178730197554, "min_max_difference": 0.15913806789487023, "running_time": 96.07982635498047}, "delay_balance": {"max_delay": 0.12401663396027242, "min_delay": 0.06537024760883411, "avg_delay": 0.08760752902465002, "min_max_difference": 0.058646386351438304, "running_time": 122.1010684967041}}, "240": {"num_user": 200, "num_service": 140, "min_max_greedy": {"max_delay": 0.1133442939966186, "min_delay": 0.06437024760883411, "avg_delay": 0.0833032093073599, "min_max_difference": 0.04897404638778449, "running_time": 139.115571975708}, "min_max_equal_weight": {"max_delay": 0.10381819512704184, "min_delay": 0.05132622823195188, "avg_delay": 0.06593942514109016, "min_max_difference": 0.052491966895089955, "running_time": 112.09344863891602}, "delay_balance": {"max_delay": 0.1133442939966186, "min_delay": 0.06437024760883411, "avg_delay": 0.0833032093073599, "min_max_difference": 0.04897404638778449, "running_time": 140.11621475219727}}, "270": {"num_user": 200, "num_service": 140, "min_max_greedy": {"max_delay": 0.10258577917473419, "min_delay": 0.06405896251031223, "avg_delay": 0.08022251619975652, "min_max_difference": 0.03852681666442195, "running_time": 158.13112258911133}, "min_max_equal_weight": {"max_delay": 0.09683420393093739, "min_delay": 0.05090997284113387, "avg_delay": 0.06276885392093429, "min_max_difference": 0.04592423108980352, "running_time": 128.10778617858887}, "delay_balance": {"max_delay": 0.10258577917473419, "min_delay": 0.06405896251031223, "avg_delay": 0.08022251619975652, "min_max_difference": 0.03852681666442195, "running_time": 147.12214469909668}}, "300": {"num_user": 200, "num_service": 140, "min_max_greedy": {"max_delay": 0.07793241304134191, "min_delay": 0.05271109545049146, "avg_delay": 0.06608776513356646, "min_max_difference": 0.025221317590850445, "running_time": 175.14538764953613}, "min_max_equal_weight": {"max_delay": 0.09683420393093739, "min_delay": 0.045052391342528544, "avg_delay": 0.06052954301809838, "min_max_difference": 0.051781812588408846, "running_time": 150.12526512145996}, "delay_balance": {"max_delay": 0.08856595379804375, "min_delay": 0.06405896251031223, "avg_delay": 0.07456994886382816, "min_max_difference": 0.02450699128773151, "running_time": 157.13071823120117}}}