{"entropy": 67381391859868756535877479841662779454, "30": {"num_user": 200, "num_service": 144, "min_max_greedy": {"max_delay": 0.7803993360957034, "min_delay": 0.06492648170977944, "avg_delay": 0.14579015378353674, "min_max_difference": 0.715472854385924, "running_time": 10.00833511352539}, "min_max_equal_weight": {"max_delay": 0.7785723523773239, "min_delay": 0.06492648170977944, "avg_delay": 0.13411849428071085, "min_max_difference": 0.7136458706675445, "running_time": 10.008573532104492}, "delay_balance": {"max_delay": 0.7803993360957034, "min_delay": 0.06492648170977944, "avg_delay": 0.14579015378353674, "min_max_difference": 0.715472854385924, "running_time": 12.01009750366211}}, "60": {"num_user": 200, "num_service": 144, "min_max_greedy": {"max_delay": 0.7566257389286083, "min_delay": 0.06492648170977944, "avg_delay": 0.11475327613767938, "min_max_difference": 0.6916992572188289, "running_time": 18.015384674072266}, "min_max_equal_weight": {"max_delay": 0.7599616225358267, "min_delay": 0.06271260610383195, "avg_delay": 0.10976649205725607, "min_max_difference": 0.6972490164319947, "running_time": 20.016908645629883}, "delay_balance": {"max_delay": 0.7566257389286083, "min_delay": 0.06492648170977944, "avg_delay": 0.11475327613767938, "min_max_difference": 0.6916992572188289, "running_time": 21.01731300354004}}, "90": {"num_user": 200, "num_service": 144, "min_max_greedy": {"max_delay": 0.2826538313183996, "min_delay": 0.06492648170977944, "avg_delay": 0.10064437417112143, "min_max_difference": 0.21772734960862017, "running_time": 27.022600173950195}, "min_max_equal_weight": {"max_delay": 0.2804399557124521, "min_delay": 0.055247155085028525, "avg_delay": 0.09006412925291386, "min_max_difference": 0.22519280062742358, "running_time": 30.025243759155273}, "delay_balance": {"max_delay": 0.2826538313183996, "min_delay": 0.06492648170977944, "avg_delay": 0.10064437417112143, "min_max_difference": 0.21772734960862017, "running_time": 29.02364730834961}}, "120": {"num_user": 200, "num_service": 144, "min_max_greedy": {"max_delay": 0.27439381866741847, "min_delay": 0.06492648170977944, "avg_delay": 0.09446281584661605, "min_max_difference": 0.20946733695763903, "running_time": 36.03005409240723}, "min_max_equal_weight": {"max_delay": 0.27158904895427943, "min_delay": 0.05104257749890992, "avg_delay": 0.08148654492819377, "min_max_difference": 0.2205464714553695, "running_time": 47.03950881958008}, "delay_balance": {"max_delay": 0.27439381866741847, "min_delay": 0.06492648170977944, "avg_delay": 0.09446281584661605, "min_max_difference": 0.20946733695763903, "running_time": 38.03110122680664}}, "150": {"num_user": 200, "num_service": 144, "min_max_greedy": {"max_delay": 0.09508953919613738, "min_delay": 0.062417674632961336, "avg_delay": 0.08040046596467684, "min_max_difference": 0.03267186456317605, "running_time": 51.04207992553711}, "min_max_equal_weight": {"max_delay": 0.26915865748535156, "min_delay": 0.05104257749890992, "avg_delay": 0.07530498660368838, "min_max_difference": 0.21811607998644164, "running_time": 54.04520034790039}, "delay_balance": {"max_delay": 0.10329216877338668, "min_delay": 0.06385790329675312, "avg_delay": 0.08314891914218833, "min_max_difference": 0.03943426547663356, "running_time": 54.04496192932129}}, "180": {"num_user": 200, "num_service": 144, "min_max_greedy": {"max_delay": 0.09308953919613738, "min_delay": 0.05486966827971065, "avg_delay": 0.07753840689485438, "min_max_difference": 0.038219870916426736, "running_time": 67.05570220947266}, "min_max_equal_weight": {"max_delay": 0.08539303960253591, "min_delay": 0.050641720501936494, "avg_delay": 0.07035121653301887, "min_max_difference": 0.03475131910059942, "running_time": 69.56362724304199}, "delay_balance": {"max_delay": 0.10016252905796838, "min_delay": 0.059433365153875886, "avg_delay": 0.07995019252328903, "min_max_difference": 0.040729163904092494, "running_time": 61.052560806274414}}, "210": {"num_user": 200, "num_service": 144, "min_max_greedy": {"max_delay": 0.08676567482241862, "min_delay": 0.05486966827971065, "avg_delay": 0.07436938357475983, "min_max_difference": 0.03189600654270797, "running_time": 87.07404136657715}, "min_max_equal_weight": {"max_delay": 0.08447329187061807, "min_delay": 0.049165097196571333, "avg_delay": 0.0671549626412053, "min_max_difference": 0.035308194674046736, "running_time": 89.07628059387207}, "delay_balance": {"max_delay": 0.09395989948071909, "min_delay": 0.05488360594071005, "avg_delay": 0.07995429836157561, "min_max_difference": 0.03907629354000904, "running_time": 64.05305862426758}}, "240": {"num_user": 200, "num_service": 144, "min_max_greedy": {"max_delay": 0.08682952654515624, "min_delay": 0.05486966827971065, "avg_delay": 0.0735645225178855, "min_max_difference": 0.0319598582654456, "running_time": 95.08156776428223}, "min_max_equal_weight": {"max_delay": 0.08437978971786936, "min_delay": 0.049165097196571333, "avg_delay": 0.06487058336874563, "min_max_difference": 0.035214692521298024, "running_time": 102.08725929260254}, "delay_balance": {"max_delay": 0.09266176775991095, "min_delay": 0.05488360594071005, "avg_delay": 0.07545352942852601, "min_max_difference": 0.0377781618192009, "running_time": 73.06313514709473}}, "270": {"num_user": 200, "num_service": 144, "min_max_greedy": {"max_delay": 0.08489531453783691, "min_delay": 0.05486966827971065, "avg_delay": 0.07130715409574537, "min_max_difference": 0.030025646258126266, "running_time": 111.09495162963867}, "min_max_equal_weight": {"max_delay": 0.08437978971786936, "min_delay": 0.049165097196571333, "avg_delay": 0.06287456818125108, "min_max_difference": 0.035214692521298024, "running_time": 125.10800361633301}, "delay_balance": {"max_delay": 0.08921965916416182, "min_delay": 0.056524597519667694, "avg_delay": 0.07230729348600455, "min_max_difference": 0.03269506164449412, "running_time": 86.0738754272461}}, "300": {"num_user": 200, "num_service": 144, "min_max_greedy": {"max_delay": 0.08333161766367168, "min_delay": 0.05486966827971065, "avg_delay": 0.0690727459044871, "min_max_difference": 0.028461949383961037, "running_time": 125.10418891906738}, "min_max_equal_weight": {"max_delay": 0.08437978971786936, "min_delay": 0.04758887630969208, "avg_delay": 0.06133671274829831, "min_max_difference": 0.03679091340817728, "running_time": 144.1195011138916}, "delay_balance": {"max_delay": 0.08559986123898357, "min_delay": 0.05488360594071005, "avg_delay": 0.07027955114790224, "min_max_difference": 0.030716255298273522, "running_time": 90.07549285888672}}}