{"entropy": 267468724088148010591237279623558623017, "30": {"num_user": 200, "num_service": 138, "min_max_greedy": {"max_delay": 0.22771318958533315, "min_delay": 0.07477837192308219, "avg_delay": 0.12587623601135037, "min_max_difference": 0.15293481766225098, "running_time": 13.010263442993164}, "min_max_equal_weight": {"max_delay": 0.21095331101783354, "min_delay": 0.06593662213507696, "avg_delay": 0.11128521621125444, "min_max_difference": 0.1450166888827566, "running_time": 17.0137882232666}, "delay_balance": {"max_delay": 0.22771318958533315, "min_delay": 0.07851939719190006, "avg_delay": 0.1272224693545186, "min_max_difference": 0.1491937923934331, "running_time": 19.015789031982422}}, "60": {"num_user": 200, "num_service": 138, "min_max_greedy": {"max_delay": 0.22040853607284705, "min_delay": 0.0684737184105961, "avg_delay": 0.11284041578302315, "min_max_difference": 0.15193481766225095, "running_time": 23.01955223083496}, "min_max_equal_weight": {"max_delay": 0.20632351534165627, "min_delay": 0.05818897381271531, "avg_delay": 0.1021687073162195, "min_max_difference": 0.14813454152894096, "running_time": 29.02388572692871}, "delay_balance": {"max_delay": 0.22040853607284705, "min_delay": 0.0684737184105961, "avg_delay": 0.11284041578302315, "min_max_difference": 0.15193481766225095, "running_time": 25.020837783813477}}, "90": {"num_user": 200, "num_service": 138, "min_max_greedy": {"max_delay": 0.21493542895088233, "min_delay": 0.06737912975812922, "avg_delay": 0.10636089375788327, "min_max_difference": 0.1475562991927531, "running_time": 33.02741050720215}, "min_max_equal_weight": {"max_delay": 0.20632351534165627, "min_delay": 0.05818897381271531, "avg_delay": 0.09409130725721009, "min_max_difference": 0.14813454152894096, "running_time": 36.03005409240723}, "delay_balance": {"max_delay": 0.21493542895088233, "min_delay": 0.06737912975812922, "avg_delay": 0.10636089375788327, "min_max_difference": 0.1475562991927531, "running_time": 36.02886199951172}}, "120": {"num_user": 200, "num_service": 138, "min_max_greedy": {"max_delay": 0.21774433617458783, "min_delay": 0.07477837192308219, "avg_delay": 0.10770208587857912, "min_max_difference": 0.14296596425150565, "running_time": 40.03334045410156}, "min_max_equal_weight": {"max_delay": 0.20615118326514728, "min_delay": 0.05801664173620631, "avg_delay": 0.08880301186484026, "min_max_difference": 0.14813454152894096, "running_time": 48.039913177490234}, "delay_balance": {"max_delay": 0.21774433617458783, "min_delay": 0.07477837192308219, "avg_delay": 0.10770208587857912, "min_max_difference": 0.14296596425150565, "running_time": 43.03622245788574}}, "150": {"num_user": 200, "num_service": 138, "min_max_greedy": {"max_delay": 0.20521799142633618, "min_delay": 0.06763197433404534, "avg_delay": 0.09511515122213648, "min_max_difference": 0.13758601709229085, "running_time": 51.04255676269531}, "min_max_equal_weight": {"max_delay": 0.20480291169529985, "min_delay": 0.0538831388524041, "avg_delay": 0.0843711839678948, "min_max_difference": 0.15091977284289576, "running_time": 64.05305862426758}, "delay_balance": {"max_delay": 0.20521799142633618, "min_delay": 0.06763197433404534, "avg_delay": 0.09511515122213648, "min_max_difference": 0.13758601709229085, "running_time": 55.045366287231445}}, "180": {"num_user": 200, "num_service": 138, "min_max_greedy": {"max_delay": 0.12463373323320133, "min_delay": 0.07377837192308219, "avg_delay": 0.09186223124674721, "min_max_difference": 0.05085536131011914, "running_time": 61.0499382019043}, "min_max_equal_weight": {"max_delay": 0.20443834900664287, "min_delay": 0.0538831388524041, "avg_delay": 0.08033248393839008, "min_max_difference": 0.15055521015423878, "running_time": 71.06137275695801}, "delay_balance": {"max_delay": 0.12463373323320133, "min_delay": 0.07377837192308219, "avg_delay": 0.09186223124674721, "min_max_difference": 0.05085536131011914, "running_time": 64.05282020568848}}, "210": {"num_user": 200, "num_service": 138, "min_max_greedy": {"max_delay": 0.10626563765750302, "min_delay": 0.0606775388818749, "avg_delay": 0.08035439930803381, "min_max_difference": 0.04558809877562812, "running_time": 75.06442070007324}, "min_max_equal_weight": {"max_delay": 0.2009569322953506, "min_delay": 0.0538831388524041, "avg_delay": 0.07629378390888535, "min_max_difference": 0.14707379344294652, "running_time": 77.06642150878906}, "delay_balance": {"max_delay": 0.11366487982245599, "min_delay": 0.06807678104682788, "avg_delay": 0.08775364147298675, "min_max_difference": 0.04558809877562811, "running_time": 72.06201553344727}}, "240": {"num_user": 200, "num_service": 138, "min_max_greedy": {"max_delay": 0.10922709820252717, "min_delay": 0.06807678104682788, "avg_delay": 0.08585325272633325, "min_max_difference": 0.04115031715569929, "running_time": 82.07559585571289}, "min_max_equal_weight": {"max_delay": 0.10227656957749266, "min_delay": 0.05380081577538575, "avg_delay": 0.07267066773722301, "min_max_difference": 0.04847575380210691, "running_time": 90.08407592773438}, "delay_balance": {"max_delay": 0.10922709820252717, "min_delay": 0.06807678104682788, "avg_delay": 0.08585325272633325, "min_max_difference": 0.04115031715569929, "running_time": 77.06379890441895}}, "270": {"num_user": 200, "num_service": 138, "min_max_greedy": {"max_delay": 0.10622709820252717, "min_delay": 0.06807678104682788, "avg_delay": 0.08370732923574183, "min_max_difference": 0.03815031715569929, "running_time": 97.08309173583984}, "min_max_equal_weight": {"max_delay": 0.10064113226614965, "min_delay": 0.05380081577538575, "avg_delay": 0.07010743947536878, "min_max_difference": 0.0468403164907639, "running_time": 103.09028625488281}, "delay_balance": {"max_delay": 0.10622709820252717, "min_delay": 0.06807678104682788, "avg_delay": 0.08370732923574183, "min_max_difference": 0.03815031715569929, "running_time": 85.07084846496582}}, "300": {"num_user": 200, "num_service": 138, "min_max_greedy": {"max_delay": 0.09803079597035333, "min_delay": 0.06728503114675904, "avg_delay": 0.08084223144931489, "min_max_difference": 0.030745764823594285, "running_time": 115.0975227355957}, "min_max_equal_weight": {"max_delay": 0.10064113226614965, "min_delay": 0.05380081577538575, "avg_delay": 0.06794750821479828, "min_max_difference": 0.0468403164907639, "running_time": 110.0914478302002}, "delay_balance": {"max_delay": 0.09803079597035333, "min_delay": 0.06728503114675904, "avg_delay": 0.08084223144931489, "min_max_difference": 0.030745764823594285, "running_time": 93.07742118835449}}}