{"entropy": 15200211666981149049841214413709617054, "30": {"num_user": 200, "num_service": 140, "min_max_greedy": {"max_delay": 0.13523820009355833, "min_delay": 0.062148133410423675, "avg_delay": 0.09474362905128299, "min_max_difference": 0.07309006668313466, "running_time": 26.021718978881836}, "min_max_equal_weight": {"max_delay": 0.13088829640147315, "min_delay": 0.05982418771440108, "avg_delay": 0.08892663179832122, "min_max_difference": 0.07106410868707207, "running_time": 23.01931381225586}, "delay_balance": {"max_delay": 0.13523820009355833, "min_delay": 0.062148133410423675, "avg_delay": 0.09474362905128299, "min_max_difference": 0.07309006668313466, "running_time": 29.024839401245117}}, "60": {"num_user": 200, "num_service": 140, "min_max_greedy": {"max_delay": 0.11814946395938862, "min_delay": 0.05836340000143228, "avg_delay": 0.08860812798311186, "min_max_difference": 0.05978606395795634, "running_time": 44.0363883972168}, "min_max_equal_weight": {"max_delay": 0.11656976901773738, "min_delay": 0.05197997681839472, "avg_delay": 0.08094435443199406, "min_max_difference": 0.06458979219934266, "running_time": 44.0363883972168}, "delay_balance": {"max_delay": 0.11814946395938862, "min_delay": 0.05836340000143228, "avg_delay": 0.08860812798311186, "min_max_difference": 0.05978606395795634, "running_time": 45.03750801086426}}, "90": {"num_user": 200, "num_service": 140, "min_max_greedy": {"max_delay": 0.1161874151315054, "min_delay": 0.057462231274040966, "avg_delay": 0.08469243880997757, "min_max_difference": 0.05872518385746444, "running_time": 58.04800987243652}, "min_max_equal_weight": {"max_delay": 0.11607120787297509, "min_delay": 0.05197997681839472, "avg_delay": 0.07626509801333908, "min_max_difference": 0.06409123105458037, "running_time": 60.050010681152344}, "delay_balance": {"max_delay": 0.11676579297825945, "min_delay": 0.061207725546278284, "avg_delay": 0.08259072708310713, "min_max_difference": 0.05555806743198117, "running_time": 56.046247482299805}}, "120": {"num_user": 200, "num_service": 140, "min_max_greedy": {"max_delay": 0.11545708640308955, "min_delay": 0.057462231274040966, "avg_delay": 0.08275241532895518, "min_max_difference": 0.05799485512904858, "running_time": 73.06075096130371}, "min_max_equal_weight": {"max_delay": 0.11567781913735303, "min_delay": 0.05197997681839472, "avg_delay": 0.07235382294948525, "min_max_difference": 0.06369784231895831, "running_time": 74.06163215637207}, "delay_balance": {"max_delay": 0.11306146324620835, "min_delay": 0.06073124253721559, "avg_delay": 0.07940539928798851, "min_max_difference": 0.05233022070899276, "running_time": 61.0508918762207}}, "150": {"num_user": 200, "num_service": 140, "min_max_greedy": {"max_delay": 0.10518556092943396, "min_delay": 0.057462231274040966, "avg_delay": 0.07970904389021606, "min_max_difference": 0.04772332965539299, "running_time": 90.07477760314941}, "min_max_equal_weight": {"max_delay": 0.11567781913735303, "min_delay": 0.05197997681839472, "avg_delay": 0.06916634466507278, "min_max_difference": 0.06369784231895831, "running_time": 95.07942199707031}, "delay_balance": {"max_delay": 0.09791184701154672, "min_delay": 0.06073124253721559, "avg_delay": 0.07606233685002213, "min_max_difference": 0.03718060447433113, "running_time": 73.06098937988281}}, "180": {"num_user": 200, "num_service": 140, "min_max_greedy": {"max_delay": 0.0947671948126571, "min_delay": 0.053735961882232064, "avg_delay": 0.07215970220126906, "min_max_difference": 0.04103123293042503, "running_time": 111.09209060668945}, "min_max_equal_weight": {"max_delay": 0.11517558003545532, "min_delay": 0.04855478077181057, "avg_delay": 0.06653467472632685, "min_max_difference": 0.06662079926364475, "running_time": 111.09256744384766}, "delay_balance": {"max_delay": 0.08793711342216365, "min_delay": 0.05736340000143228, "avg_delay": 0.07309831891622669, "min_max_difference": 0.03057371342073137, "running_time": 79.06770706176758}}, "210": {"num_user": 200, "num_service": 140, "min_max_greedy": {"max_delay": 0.08648063701316311, "min_delay": 0.0548806140811217, "avg_delay": 0.07040040252057364, "min_max_difference": 0.03160002293204141, "running_time": 128.10778617858887}, "min_max_equal_weight": {"max_delay": 0.11441986301905278, "min_delay": 0.04855478077181057, "avg_delay": 0.06440178106537862, "min_max_difference": 0.06586508224724222, "running_time": 123.09837341308594}, "delay_balance": {"max_delay": 0.08548063701316311, "min_delay": 0.0543570970901844, "avg_delay": 0.07036954873102635, "min_max_difference": 0.031123539922978706, "running_time": 89.07723426818848}}, "240": {"num_user": 200, "num_service": 140, "min_max_greedy": {"max_delay": 0.08444838788838997, "min_delay": 0.05345592836279309, "avg_delay": 0.06717308602550949, "min_max_difference": 0.030992459525596885, "running_time": 145.12252807617188}, "min_max_equal_weight": {"max_delay": 0.08573178674199605, "min_delay": 0.04855478077181057, "avg_delay": 0.062436414827877665, "min_max_difference": 0.03717700597018548, "running_time": 132.11393356323242}, "delay_balance": {"max_delay": 0.08327184584207088, "min_delay": 0.0543570970901844, "avg_delay": 0.06699038352211482, "min_max_difference": 0.02891474875188648, "running_time": 103.0876636505127}}, "270": {"num_user": 200, "num_service": 140, "min_max_greedy": {"max_delay": 0.08199191147938945, "min_delay": 0.052544039016038234, "avg_delay": 0.06362264263493944, "min_max_difference": 0.02944787246335121, "running_time": 163.13695907592773}, "min_max_equal_weight": {"max_delay": 0.08573178674199605, "min_delay": 0.04755478077181057, "avg_delay": 0.06074453613655339, "min_max_difference": 0.03817700597018548, "running_time": 149.1239070892334}, "delay_balance": {"max_delay": 0.08225013130130185, "min_delay": 0.0543570970901844, "avg_delay": 0.06532022820559241, "min_max_difference": 0.027893034211117447, "running_time": 112.09273338317871}}, "300": {"num_user": 200, "num_service": 140, "min_max_greedy": {"max_delay": 0.08089308020678075, "min_delay": 0.05344520774342955, "avg_delay": 0.06314255810176433, "min_max_difference": 0.027447872463351203, "running_time": 175.14514923095703}, "min_max_equal_weight": {"max_delay": 0.08569825953009885, "min_delay": 0.04752125355991337, "avg_delay": 0.05952333866184151, "min_max_difference": 0.03817700597018548, "running_time": 168.13969612121582}, "delay_balance": {"max_delay": 0.07977364829223915, "min_delay": 0.05344520774342955, "avg_delay": 0.06317177036642752, "min_max_difference": 0.026328440548809603, "running_time": 119.09890174865723}}}