{"entropy": 14528962847565189925582057675813898841, "30": {"num_user": 200, "num_service": 143, "min_max_greedy": {"max_delay": 0.15266199361425248, "min_delay": 0.07029086848993457, "avg_delay": 0.09213601296999015, "min_max_difference": 0.0823711251243179, "running_time": 24.019956588745117}, "min_max_equal_weight": {"max_delay": 0.14419954713944913, "min_delay": 0.053188179767271485, "avg_delay": 0.08396718445894398, "min_max_difference": 0.09101136737217765, "running_time": 26.021242141723633}, "delay_balance": {"max_delay": 0.15266199361425248, "min_delay": 0.07029086848993457, "avg_delay": 0.09213601296999015, "min_max_difference": 0.0823711251243179, "running_time": 26.021480560302734}}, "60": {"num_user": 200, "num_service": 143, "min_max_greedy": {"max_delay": 0.150178492166414, "min_delay": 0.06955349522491638, "avg_delay": 0.0892395131355113, "min_max_difference": 0.0806249969414976, "running_time": 33.02717208862305}, "min_max_equal_weight": {"max_delay": 0.1389240606949405, "min_delay": 0.05288951367388197, "avg_delay": 0.07857072360540336, "min_max_difference": 0.08603454702105853, "running_time": 43.03622245788574}, "delay_balance": {"max_delay": 0.150178492166414, "min_delay": 0.06955349522491638, "avg_delay": 0.0892395131355113, "min_max_difference": 0.0806249969414976, "running_time": 35.028934478759766}}, "90": {"num_user": 200, "num_service": 143, "min_max_greedy": {"max_delay": 0.14320117603572846, "min_delay": 0.06955349522491638, "avg_delay": 0.08634301330103245, "min_max_difference": 0.07364768081081208, "running_time": 41.03398323059082}, "min_max_equal_weight": {"max_delay": 0.1389240606949405, "min_delay": 0.05288951367388197, "avg_delay": 0.07422597385368512, "min_max_difference": 0.08603454702105853, "running_time": 51.04231834411621}, "delay_balance": {"max_delay": 0.14320117603572846, "min_delay": 0.06955349522491638, "avg_delay": 0.08634301330103245, "min_max_difference": 0.07364768081081208, "running_time": 44.0366268157959}}, "120": {"num_user": 200, "num_service": 143, "min_max_greedy": {"max_delay": 0.10806016951378668, "min_delay": 0.06755349522491638, "avg_delay": 0.08380857594586345, "min_max_difference": 0.040506674288870295, "running_time": 50.04119873046875}, "min_max_equal_weight": {"max_delay": 0.1389240606949405, "min_delay": 0.05080705122672595, "avg_delay": 0.07081635112472912, "min_max_difference": 0.08811700946821456, "running_time": 74.06115531921387}, "delay_balance": {"max_delay": 0.10806016951378668, "min_delay": 0.06755349522491638, "avg_delay": 0.08380857594586345, "min_max_difference": 0.040506674288870295, "running_time": 53.04360389709473}}, "150": {"num_user": 200, "num_service": 143, "min_max_greedy": {"max_delay": 0.09703194403321987, "min_delay": 0.05805578713488644, "avg_delay": 0.07516131737809156, "min_max_difference": 0.038976156898333426, "running_time": 63.05241584777832}, "min_max_equal_weight": {"max_delay": 0.1389240606949405, "min_delay": 0.05080705122672595, "avg_delay": 0.06830338241827354, "min_max_difference": 0.08811700946821456, "running_time": 93.07718276977539}, "delay_balance": {"max_delay": 0.10304892266765872, "min_delay": 0.06460051116761478, "avg_delay": 0.08112044786339677, "min_max_difference": 0.03844841150004394, "running_time": 60.050010681152344}}, "180": {"num_user": 200, "num_service": 143, "min_max_greedy": {"max_delay": 0.09068171626564223, "min_delay": 0.057563669599148416, "avg_delay": 0.07305878284304797, "min_max_difference": 0.03311804666649381, "running_time": 75.06227493286133}, "min_max_equal_weight": {"max_delay": 0.1389240606949405, "min_delay": 0.05080705122672595, "avg_delay": 0.0660864739481625, "min_max_difference": 0.08811700946821456, "running_time": 103.08575630187988}, "delay_balance": {"max_delay": 0.09722644029837056, "min_delay": 0.06410839363187676, "avg_delay": 0.07960350687577632, "min_max_difference": 0.0331180466664938, "running_time": 66.0548210144043}}, "210": {"num_user": 200, "num_service": 143, "min_max_greedy": {"max_delay": 0.09363671881109444, "min_delay": 0.06410839363187676, "avg_delay": 0.07765115337895016, "min_max_difference": 0.029528325179217677, "running_time": 85.07156372070312}, "min_max_equal_weight": {"max_delay": 0.1379240606949405, "min_delay": 0.05080705122672595, "avg_delay": 0.06391409907230339, "min_max_difference": 0.08711700946821456, "running_time": 111.09161376953125}, "delay_balance": {"max_delay": 0.09363671881109444, "min_delay": 0.06410839363187676, "avg_delay": 0.07765115337895016, "min_max_difference": 0.029528325179217677, "running_time": 72.05963134765625}}, "240": {"num_user": 200, "num_service": 143, "min_max_greedy": {"max_delay": 0.08742263730630337, "min_delay": 0.06325178878531304, "avg_delay": 0.07483460114047671, "min_max_difference": 0.02417084852099033, "running_time": 113.09432983398438}, "min_max_equal_weight": {"max_delay": 0.09332223659447472, "min_delay": 0.05080705122672595, "avg_delay": 0.06177775484473447, "min_max_difference": 0.04251518536774877, "running_time": 121.09971046447754}, "delay_balance": {"max_delay": 0.08742263730630337, "min_delay": 0.06325178878531304, "avg_delay": 0.07483460114047671, "min_max_difference": 0.02417084852099033, "running_time": 87.07237243652344}}, "270": {"num_user": 200, "num_service": 143, "min_max_greedy": {"max_delay": 0.08152764083334753, "min_delay": 0.06051598331495821, "avg_delay": 0.07214672574599812, "min_max_difference": 0.02101165751838932, "running_time": 152.12631225585938}, "min_max_equal_weight": {"max_delay": 0.09320030715132002, "min_delay": 0.04793859686445323, "avg_delay": 0.060010055952234645, "min_max_difference": 0.04526171028686679, "running_time": 149.1239070892334}, "delay_balance": {"max_delay": 0.08155759085129691, "min_delay": 0.06224343149028511, "avg_delay": 0.07055550610440597, "min_max_difference": 0.019314159361011794, "running_time": 102.08439826965332}}, "300": {"num_user": 200, "num_service": 143, "min_max_greedy": {"max_delay": 0.07257971257912917, "min_delay": 0.05397125928222986, "avg_delay": 0.06194697888585734, "min_max_difference": 0.018608453296899308, "running_time": 181.1501979827881}, "min_max_equal_weight": {"max_delay": 0.09120030715132002, "min_delay": 0.04793859686445323, "avg_delay": 0.058490989258311143, "min_max_difference": 0.04326171028686679, "running_time": 171.1423397064209}, "delay_balance": {"max_delay": 0.07776599630444322, "min_delay": 0.06087015976614782, "avg_delay": 0.06889944058219044, "min_max_difference": 0.016895836538295406, "running_time": 120.09954452514648}}}