{"entropy": 143879981038836634198767302076703902372, "30": {"num_user": 200, "num_service": 139, "min_max_greedy": {"max_delay": 0.32593508287887174, "min_delay": 0.06777513457363936, "avg_delay": 0.10853361581955458, "min_max_difference": 0.25815994830523237, "running_time": 16.012907028198242}, "min_max_equal_weight": {"max_delay": 0.3260279641354043, "min_delay": 0.056948966962539704, "avg_delay": 0.09388048050300761, "min_max_difference": 0.2690789971728646, "running_time": 17.0135498046875}, "delay_balance": {"max_delay": 0.32593508287887174, "min_delay": 0.06777513457363936, "avg_delay": 0.10853361581955458, "min_max_difference": 0.25815994830523237, "running_time": 18.015384674072266}}, "60": {"num_user": 200, "num_service": 139, "min_max_greedy": {"max_delay": 0.15960977157772638, "min_delay": 0.06595761905915987, "avg_delay": 0.09071040011548794, "min_max_difference": 0.09365215251856651, "running_time": 32.027244567871094}, "min_max_equal_weight": {"max_delay": 0.15438690960813645, "min_delay": 0.056948966962539704, "avg_delay": 0.08114927050639953, "min_max_difference": 0.09743794264559674, "running_time": 29.024124145507812}, "delay_balance": {"max_delay": 0.15960977157772638, "min_delay": 0.06595761905915987, "avg_delay": 0.09071040011548794, "min_max_difference": 0.09365215251856651, "running_time": 35.02941131591797}}, "90": {"num_user": 200, "num_service": 139, "min_max_greedy": {"max_delay": 0.10550911893966927, "min_delay": 0.06260129072969987, "avg_delay": 0.08382439000331451, "min_max_difference": 0.0429078282099694, "running_time": 55.04560470581055}, "min_max_equal_weight": {"max_delay": 0.1527452909773713, "min_delay": 0.05458998039566968, "avg_delay": 0.0728459558916639, "min_max_difference": 0.09815531058170163, "running_time": 47.03927040100098}, "delay_balance": {"max_delay": 0.10550911893966927, "min_delay": 0.06260129072969987, "avg_delay": 0.08382439000331451, "min_max_difference": 0.0429078282099694, "running_time": 55.04631996154785}}, "120": {"num_user": 200, "num_service": 139, "min_max_greedy": {"max_delay": 0.09790760417781988, "min_delay": 0.0612175408194502, "avg_delay": 0.07825797744777106, "min_max_difference": 0.036690063358369676, "running_time": 87.07284927368164}, "min_max_equal_weight": {"max_delay": 0.1527452909773713, "min_delay": 0.049246786084752255, "avg_delay": 0.06764836448344741, "min_max_difference": 0.10349850489261905, "running_time": 81.06780052185059}, "delay_balance": {"max_delay": 0.09106217358625471, "min_delay": 0.06035467771892162, "avg_delay": 0.07581612667424845, "min_max_difference": 0.03070749586733309, "running_time": 70.05786895751953}}, "150": {"num_user": 200, "num_service": 139, "min_max_greedy": {"max_delay": 0.08846531237322777, "min_delay": 0.06035467771892162, "avg_delay": 0.07374246097647137, "min_max_difference": 0.028110634654306153, "running_time": 105.0872802734375}, "min_max_equal_weight": {"max_delay": 0.07699237547666835, "min_delay": 0.049246786084752255, "avg_delay": 0.06369270427730353, "min_max_difference": 0.02774558939191609, "running_time": 99.08199310302734}, "delay_balance": {"max_delay": 0.08660028754357482, "min_delay": 0.06035467771892162, "avg_delay": 0.07389630112168107, "min_max_difference": 0.026245609824653203, "running_time": 79.06508445739746}}, "180": {"num_user": 200, "num_service": 139, "min_max_greedy": {"max_delay": 0.08307614044400286, "min_delay": 0.06035467771892162, "avg_delay": 0.07122596213396769, "min_max_difference": 0.022721462725081236, "running_time": 130.10835647583008}, "min_max_equal_weight": {"max_delay": 0.07699237547666835, "min_delay": 0.049246786084752255, "avg_delay": 0.06121322234656104, "min_max_difference": 0.02774558939191609, "running_time": 121.10066413879395}, "delay_balance": {"max_delay": 0.08283177343582726, "min_delay": 0.06035467771892162, "avg_delay": 0.07106733770766527, "min_max_difference": 0.02247709571690564, "running_time": 94.07758712768555}}, "210": {"num_user": 200, "num_service": 139, "min_max_greedy": {"max_delay": 0.07515072053436214, "min_delay": 0.054131815749331645, "avg_delay": 0.0638611317877244, "min_max_difference": 0.021018904785030497, "running_time": 147.12166786193848}, "min_max_equal_weight": {"max_delay": 0.07672375793415256, "min_delay": 0.045877124683439255, "avg_delay": 0.05938910521014713, "min_max_difference": 0.03084663325071331, "running_time": 137.1138095855713}, "delay_balance": {"max_delay": 0.08125999486399652, "min_delay": 0.06035467771892162, "avg_delay": 0.06982461855667371, "min_max_difference": 0.020905317145074896, "running_time": 102.08511352539062}}, "240": {"num_user": 200, "num_service": 139, "min_max_greedy": {"max_delay": 0.07973199015872408, "min_delay": 0.06035467771892162, "avg_delay": 0.06864148422529852, "min_max_difference": 0.01937731243980246, "running_time": 163.13552856445312}, "min_max_equal_weight": {"max_delay": 0.07672375793415256, "min_delay": 0.045877124683439255, "avg_delay": 0.05796415904089763, "min_max_difference": 0.03084663325071331, "running_time": 154.1275978088379}, "delay_balance": {"max_delay": 0.07973199015872408, "min_delay": 0.06035467771892162, "avg_delay": 0.06864148422529852, "min_max_difference": 0.01937731243980246, "running_time": 111.09209060668945}}, "270": {"num_user": 200, "num_service": 139, "min_max_greedy": {"max_delay": 0.07597097060906588, "min_delay": 0.06035467771892162, "avg_delay": 0.06688861982220365, "min_max_difference": 0.01561629289014426, "running_time": 178.14874649047852}, "min_max_equal_weight": {"max_delay": 0.07672375793415256, "min_delay": 0.045877124683439255, "avg_delay": 0.0568695811155348, "min_max_difference": 0.03084663325071331, "running_time": 176.1462688446045}, "delay_balance": {"max_delay": 0.07697097060906588, "min_delay": 0.06035467771892162, "avg_delay": 0.06694249497476085, "min_max_difference": 0.01661629289014426, "running_time": 119.09914016723633}}, "300": {"num_user": 200, "num_service": 139, "min_max_greedy": {"max_delay": 0.07305815951205893, "min_delay": 0.059340459559415124, "avg_delay": 0.06601116992850053, "min_max_difference": 0.013717699952643811, "running_time": 194.16046142578125}, "min_max_equal_weight": {"max_delay": 0.07672375793415256, "min_delay": 0.045877124683439255, "avg_delay": 0.05597611236734964, "min_max_difference": 0.03084663325071331, "running_time": 189.15772438049316}, "delay_balance": {"max_delay": 0.07305815951205893, "min_delay": 0.059340459559415124, "avg_delay": 0.06601116992850053, "min_max_difference": 0.013717699952643811, "running_time": 128.10635566711426}}}