{"entropy": 8791096427049394618028991266527462758, "30": {"num_user": 200, "num_service": 143, "min_max_greedy": {"max_delay": 1.3005686093016502, "min_delay": 0.06782004591724133, "avg_delay": 0.17599058559373082, "min_max_difference": 1.2327485633844089, "running_time": 31.025409698486328}, "min_max_equal_weight": {"max_delay": 1.3133607247253447, "min_delay": 0.06467417363201429, "avg_delay": 0.15598860463372877, "min_max_difference": 1.2486865510933305, "running_time": 31.026363372802734}, "delay_balance": {"max_delay": 1.3005686093016502, "min_delay": 0.06782004591724133, "avg_delay": 0.17599058559373082, "min_max_difference": 1.2327485633844089, "running_time": 35.02988815307617}}, "60": {"num_user": 200, "num_service": 143, "min_max_greedy": {"max_delay": 0.16105914077413772, "min_delay": 0.06415661959569272, "avg_delay": 0.08998922427858354, "min_max_difference": 0.096902521178445, "running_time": 67.05498695373535}, "min_max_equal_weight": {"max_delay": 0.1350342238306161, "min_delay": 0.061074379839368184, "avg_delay": 0.0836071013849759, "min_max_difference": 0.07395984399124793, "running_time": 56.04720115661621}, "delay_balance": {"max_delay": 0.16105914077413772, "min_delay": 0.06415661959569272, "avg_delay": 0.08998922427858354, "min_max_difference": 0.096902521178445, "running_time": 71.05898857116699}}, "90": {"num_user": 200, "num_service": 143, "min_max_greedy": {"max_delay": 0.0933914656613988, "min_delay": 0.05945814650342145, "avg_delay": 0.0776989289877234, "min_max_difference": 0.03393331915797736, "running_time": 92.07677841186523}, "min_max_equal_weight": {"max_delay": 0.11051749125414402, "min_delay": 0.055802489643070184, "avg_delay": 0.0700022549130697, "min_max_difference": 0.05471500161107384, "running_time": 76.06315612792969}, "delay_balance": {"max_delay": 0.0933914656613988, "min_delay": 0.060471546883858904, "avg_delay": 0.07567351938576061, "min_max_difference": 0.0329199187775399, "running_time": 90.07525444030762}}, "120": {"num_user": 200, "num_service": 143, "min_max_greedy": {"max_delay": 0.08931519585228745, "min_delay": 0.05616611372188171, "avg_delay": 0.0752107561540387, "min_max_difference": 0.03314908213040574, "running_time": 117.0969009399414}, "min_max_equal_weight": {"max_delay": 0.08854807707668921, "min_delay": 0.05083866361359471, "avg_delay": 0.06497701450738308, "min_max_difference": 0.037709413463094504, "running_time": 106.08887672424316}, "delay_balance": {"max_delay": 0.08603216621794499, "min_delay": 0.05746972459866199, "avg_delay": 0.07344642050867853, "min_max_difference": 0.028562441619283, "running_time": 101.08375549316406}}, "150": {"num_user": 200, "num_service": 143, "min_max_greedy": {"max_delay": 0.08511418466403108, "min_delay": 0.05616611372188171, "avg_delay": 0.0719367215114573, "min_max_difference": 0.028948070942149365, "running_time": 149.1239070892334}, "min_max_equal_weight": {"max_delay": 0.07908317206710423, "min_delay": 0.05001170978617392, "avg_delay": 0.061878386579431316, "min_max_difference": 0.029071462280930313, "running_time": 126.10483169555664}, "delay_balance": {"max_delay": 0.08211418466403107, "min_delay": 0.056573351393928495, "avg_delay": 0.07010210367282252, "min_max_difference": 0.025540833270102578, "running_time": 123.10242652893066}}, "180": {"num_user": 200, "num_service": 143, "min_max_greedy": {"max_delay": 0.08211418466403107, "min_delay": 0.05616611372188171, "avg_delay": 0.07050139760431724, "min_max_difference": 0.025948070942149362, "running_time": 169.14010047912598}, "min_max_equal_weight": {"max_delay": 0.07837217321299399, "min_delay": 0.04826406662966945, "avg_delay": 0.05955590581871207, "min_max_difference": 0.030108106583324537, "running_time": 161.1335277557373}, "delay_balance": {"max_delay": 0.07861507373564887, "min_delay": 0.057096284197396124, "avg_delay": 0.06829397894016173, "min_max_difference": 0.021518789538252744, "running_time": 136.11340522766113}}, "210": {"num_user": 200, "num_service": 143, "min_max_greedy": {"max_delay": 0.07695589640883366, "min_delay": 0.0524810410100479, "avg_delay": 0.06643732298682099, "min_max_difference": 0.024474855398785758, "running_time": 190.15789031982422}, "min_max_equal_weight": {"max_delay": 0.07737217321299399, "min_delay": 0.04826406662966945, "avg_delay": 0.05779119788903022, "min_max_difference": 0.029108106583324536, "running_time": 182.15179443359375}, "delay_balance": {"max_delay": 0.07543434652624283, "min_delay": 0.0544810410100479, "avg_delay": 0.06576450469938931, "min_max_difference": 0.020953305516194926, "running_time": 144.1197395324707}}, "240": {"num_user": 200, "num_service": 143, "min_max_greedy": {"max_delay": 0.07343434652624284, "min_delay": 0.0524810410100479, "avg_delay": 0.06300480266948032, "min_max_difference": 0.02095330551619494, "running_time": 218.18065643310547}, "min_max_equal_weight": {"max_delay": 0.07737217321299399, "min_delay": 0.046030755748665414, "avg_delay": 0.056345790806930564, "min_max_difference": 0.03134141746432857, "running_time": 199.16558265686035}, "delay_balance": {"max_delay": 0.07290228567356587, "min_delay": 0.0544810410100479, "avg_delay": 0.06361324490597284, "min_max_difference": 0.018421244663517966, "running_time": 156.1300754547119}}, "270": {"num_user": 200, "num_service": 143, "min_max_greedy": {"max_delay": 0.07004510533615553, "min_delay": 0.0524810410100479, "avg_delay": 0.06151761955433533, "min_max_difference": 0.01756406432610763, "running_time": 251.20830535888672}, "min_max_equal_weight": {"max_delay": 0.07718776304708258, "min_delay": 0.04584634558275402, "avg_delay": 0.055107626328498804, "min_max_difference": 0.03134141746432856, "running_time": 225.1873016357422}, "delay_balance": {"max_delay": 0.06835286498660079, "min_delay": 0.0544810410100479, "avg_delay": 0.060406498132757565, "min_max_difference": 0.013871823976552886, "running_time": 175.14491081237793}}, "300": {"num_user": 200, "num_service": 143, "min_max_greedy": {"max_delay": 0.06419770625563803, "min_delay": 0.0524810410100479, "avg_delay": 0.0593612722037689, "min_max_difference": 0.011716665245590133, "running_time": 278.2309055328369}, "min_max_equal_weight": {"max_delay": 0.07644223800584435, "min_delay": 0.04529058108495925, "avg_delay": 0.05411214426198055, "min_max_difference": 0.031151656920885097, "running_time": 255.21135330200195}, "delay_balance": {"max_delay": 0.06416346032296477, "min_delay": 0.0524810410100479, "avg_delay": 0.05939069525731367, "min_max_difference": 0.011682419312916872, "running_time": 190.15812873840332}}}