{"entropy": 85977204683222095259957035772984486533, "30": {"num_user": 200, "num_service": 146, "min_max_greedy": {"max_delay": 0.6237470131734058, "min_delay": 0.07291236934984381, "avg_delay": 0.1547930537626565, "min_max_difference": 0.550834643823562, "running_time": 10.00833511352539}, "min_max_equal_weight": {"max_delay": 0.6215677834858825, "min_delay": 0.05885827307481846, "avg_delay": 0.14212675608584768, "min_max_difference": 0.562709510411064, "running_time": 23.01955223083496}, "delay_balance": {"max_delay": 0.6237470131734058, "min_delay": 0.07291236934984381, "avg_delay": 0.1547930537626565, "min_max_difference": 0.550834643823562, "running_time": 12.009859085083008}}, "60": {"num_user": 200, "num_service": 146, "min_max_greedy": {"max_delay": 0.6160918059217413, "min_delay": 0.07291236934984381, "avg_delay": 0.1335228156891608, "min_max_difference": 0.5431794365718975, "running_time": 19.016027450561523}, "min_max_equal_weight": {"max_delay": 0.6172717596890003, "min_delay": 0.05885827307481846, "avg_delay": 0.11022139897560418, "min_max_difference": 0.5584134866141818, "running_time": 30.02452850341797}, "delay_balance": {"max_delay": 0.6160918059217413, "min_delay": 0.07291236934984381, "avg_delay": 0.1335228156891608, "min_max_difference": 0.5431794365718975, "running_time": 20.016908645629883}}, "90": {"num_user": 200, "num_service": 146, "min_max_greedy": {"max_delay": 0.32785855809314135, "min_delay": 0.06936614220491458, "avg_delay": 0.10546410873146556, "min_max_difference": 0.2584924158882268, "running_time": 32.02652931213379}, "min_max_equal_weight": {"max_delay": 0.6172042939765582, "min_delay": 0.05913552057110216, "avg_delay": 0.09152442557144853, "min_max_difference": 0.558068773405456, "running_time": 38.03110122680664}, "delay_balance": {"max_delay": 0.32785855809314135, "min_delay": 0.06936614220491458, "avg_delay": 0.10546410873146556, "min_max_difference": 0.2584924158882268, "running_time": 36.029815673828125}}, "120": {"num_user": 200, "num_service": 146, "min_max_greedy": {"max_delay": 0.11650842240103884, "min_delay": 0.058984743548853205, "avg_delay": 0.08754653715617115, "min_max_difference": 0.057523678852185636, "running_time": 59.04889106750488}, "min_max_equal_weight": {"max_delay": 0.11062241047446003, "min_delay": 0.05885827307481846, "avg_delay": 0.0780931513145883, "min_max_difference": 0.05176413739964157, "running_time": 49.0412712097168}, "delay_balance": {"max_delay": 0.11650842240103884, "min_delay": 0.058984743548853205, "avg_delay": 0.08754653715617115, "min_max_difference": 0.057523678852185636, "running_time": 62.05034255981445}}, "150": {"num_user": 200, "num_service": 146, "min_max_greedy": {"max_delay": 0.10064467818914578, "min_delay": 0.056594247227275754, "avg_delay": 0.07853592904729816, "min_max_difference": 0.04405043096187003, "running_time": 77.06379890441895}, "min_max_equal_weight": {"max_delay": 0.10304126409482464, "min_delay": 0.053938446054510994, "avg_delay": 0.07219617267536929, "min_max_difference": 0.04910281804031365, "running_time": 69.05722618103027}, "delay_balance": {"max_delay": 0.10601569816948594, "min_delay": 0.0670615816102321, "avg_delay": 0.0857103422693628, "min_max_difference": 0.03895411655925385, "running_time": 89.07365798950195}}, "180": {"num_user": 200, "num_service": 146, "min_max_greedy": {"max_delay": 0.09369866421336995, "min_delay": 0.05498768049205789, "avg_delay": 0.07309038069546712, "min_max_difference": 0.038710983721312056, "running_time": 96.08006477355957}, "min_max_equal_weight": {"max_delay": 0.10192752261039661, "min_delay": 0.05295210675096253, "avg_delay": 0.0689777805369518, "min_max_difference": 0.04897541585943409, "running_time": 94.07854080200195}, "delay_balance": {"max_delay": 0.09890890504452524, "min_delay": 0.06146293397646334, "avg_delay": 0.07944410679284891, "min_max_difference": 0.0374459710680619, "running_time": 81.06756210327148}}, "210": {"num_user": 200, "num_service": 146, "min_max_greedy": {"max_delay": 0.08880734165153373, "min_delay": 0.056091913996123184, "avg_delay": 0.07271664285001031, "min_max_difference": 0.032715427655410544, "running_time": 110.0916862487793}, "min_max_equal_weight": {"max_delay": 0.08366207742513693, "min_delay": 0.051760849212153695, "avg_delay": 0.06646034331892425, "min_max_difference": 0.03190122821298323, "running_time": 110.0916862487793}, "delay_balance": {"max_delay": 0.09417836163187387, "min_delay": 0.06146293397646334, "avg_delay": 0.07808766283035046, "min_max_difference": 0.03271542765541054, "running_time": 91.07589721679688}}, "240": {"num_user": 200, "num_service": 146, "min_max_greedy": {"max_delay": 0.08292569142433143, "min_delay": 0.056091913996123184, "avg_delay": 0.06936632121496414, "min_max_difference": 0.026833777428208243, "running_time": 126.10483169555664}, "min_max_equal_weight": {"max_delay": 0.08366207742513693, "min_delay": 0.051760849212153695, "avg_delay": 0.0644525410694257, "min_max_difference": 0.03190122821298323, "running_time": 135.11204719543457}, "delay_balance": {"max_delay": 0.08829671140467157, "min_delay": 0.06146293397646334, "avg_delay": 0.07473734119530426, "min_max_difference": 0.026833777428208236, "running_time": 99.08151626586914}}, "270": {"num_user": 200, "num_service": 146, "min_max_greedy": {"max_delay": 0.07965756565965833, "min_delay": 0.054823788231450093, "avg_delay": 0.06699244824389505, "min_max_difference": 0.024833777428208234, "running_time": 145.12014389038086}, "min_max_equal_weight": {"max_delay": 0.08361192664895714, "min_delay": 0.04973496969626816, "avg_delay": 0.06281798343152256, "min_max_difference": 0.03387695695268898, "running_time": 152.12631225585938}, "delay_balance": {"max_delay": 0.08629671140467157, "min_delay": 0.06146293397646334, "avg_delay": 0.07347695082449525, "min_max_difference": 0.024833777428208234, "running_time": 106.08768463134766}}, "300": {"num_user": 200, "num_service": 146, "min_max_greedy": {"max_delay": 0.07838270862840613, "min_delay": 0.05498768049205789, "avg_delay": 0.06618035418952024, "min_max_difference": 0.023395028136348237, "running_time": 154.127836227417}, "min_max_equal_weight": {"max_delay": 0.08361192664895714, "min_delay": 0.04903619140993852, "avg_delay": 0.061558503517617595, "min_max_difference": 0.03457573523901862, "running_time": 171.1423397064209}, "delay_balance": {"max_delay": 0.0846199405750721, "min_delay": 0.06146293397646334, "avg_delay": 0.07256740317866746, "min_max_difference": 0.023157006598608768, "running_time": 113.09385299682617}}}