{"entropy": 41831565474246414055539020851023714074, "30": {"num_user": 200, "num_service": 144, "min_max_greedy": {"max_delay": 0.47493969440088524, "min_delay": 0.06770898897141688, "avg_delay": 0.20044781979946996, "min_max_difference": 0.4072307054294684, "running_time": 9.007453918457031}, "min_max_equal_weight": {"max_delay": 0.46936524546641695, "min_delay": 0.06013454003694863, "avg_delay": 0.18059978968774573, "min_max_difference": 0.4092307054294683, "running_time": 14.011621475219727}, "delay_balance": {"max_delay": 0.47493969440088524, "min_delay": 0.06770898897141688, "avg_delay": 0.20044781979946996, "min_max_difference": 0.4072307054294684, "running_time": 12.009859085083008}}, "60": {"num_user": 200, "num_service": 144, "min_max_greedy": {"max_delay": 0.4716829434959331, "min_delay": 0.06770898897141688, "avg_delay": 0.17503210941114924, "min_max_difference": 0.40397395452451623, "running_time": 19.016265869140625}, "min_max_equal_weight": {"max_delay": 0.4557368975931876, "min_delay": 0.06013454003694863, "avg_delay": 0.15752898938122317, "min_max_difference": 0.39560235755623896, "running_time": 20.01667022705078}, "delay_balance": {"max_delay": 0.4716829434959331, "min_delay": 0.06770898897141688, "avg_delay": 0.17503210941114924, "min_max_difference": 0.40397395452451623, "running_time": 20.016193389892578}}, "90": {"num_user": 200, "num_service": 144, "min_max_greedy": {"max_delay": 0.4623113465276558, "min_delay": 0.06770898897141688, "avg_delay": 0.1586934384472287, "min_max_difference": 0.39460235755623896, "running_time": 27.024507522583008}, "min_max_equal_weight": {"max_delay": 0.4557368975931876, "min_delay": 0.06013454003694863, "avg_delay": 0.1357440947626626, "min_max_difference": 0.39560235755623896, "running_time": 27.022600173950195}, "delay_balance": {"max_delay": 0.4623113465276558, "min_delay": 0.06770898897141688, "avg_delay": 0.1586934384472287, "min_max_difference": 0.39460235755623896, "running_time": 29.02364730834961}}, "120": {"num_user": 200, "num_service": 144, "min_max_greedy": {"max_delay": 0.45337931014752364, "min_delay": 0.06770898897141688, "avg_delay": 0.14235476748330828, "min_max_difference": 0.3856703211761068, "running_time": 35.02202033996582}, "min_max_equal_weight": {"max_delay": 0.4367261822665876, "min_delay": 0.05566697885863424, "avg_delay": 0.12214047452725765, "min_max_difference": 0.38105920340795335, "running_time": 40.03286361694336}, "delay_balance": {"max_delay": 0.45337931014752364, "min_delay": 0.06770898897141688, "avg_delay": 0.14235476748330828, "min_max_difference": 0.3856703211761068, "running_time": 38.033246994018555}}, "150": {"num_user": 200, "num_service": 144, "min_max_greedy": {"max_delay": 0.4441656850443529, "min_delay": 0.06770898897141688, "avg_delay": 0.1296469122891479, "min_max_difference": 0.376456696072936, "running_time": 44.0363883972168}, "min_max_equal_weight": {"max_delay": 0.4362023586172154, "min_delay": 0.05566697885863424, "avg_delay": 0.11124802721797736, "min_max_difference": 0.38053537975858115, "running_time": 46.04077339172363}, "delay_balance": {"max_delay": 0.4441656850443529, "min_delay": 0.06770898897141688, "avg_delay": 0.1296469122891479, "min_max_difference": 0.376456696072936, "running_time": 46.03838920593262}}, "180": {"num_user": 200, "num_service": 144, "min_max_greedy": {"max_delay": 0.4426418613949807, "min_delay": 0.06770898897141688, "avg_delay": 0.11875446497986757, "min_max_difference": 0.3749328724235638, "running_time": 53.046226501464844}, "min_max_equal_weight": {"max_delay": 0.4362023586172154, "min_delay": 0.05566697885863424, "avg_delay": 0.10035557990869709, "min_max_difference": 0.38053537975858115, "running_time": 53.046226501464844}, "delay_balance": {"max_delay": 0.4426418613949807, "min_delay": 0.06770898897141688, "avg_delay": 0.11875446497986757, "min_max_difference": 0.3749328724235638, "running_time": 55.045366287231445}}, "210": {"num_user": 200, "num_service": 144, "min_max_greedy": {"max_delay": 0.43343219791617255, "min_delay": 0.06770898897141688, "avg_delay": 0.10786201767058726, "min_max_difference": 0.3657232089447557, "running_time": 62.05415725708008}, "min_max_equal_weight": {"max_delay": 0.4362023586172154, "min_delay": 0.05566697885863424, "avg_delay": 0.08946313259941681, "min_max_difference": 0.38053537975858115, "running_time": 59.0517520904541}, "delay_balance": {"max_delay": 0.43343219791617255, "min_delay": 0.06770898897141688, "avg_delay": 0.10786201767058726, "min_max_difference": 0.3657232089447557, "running_time": 65.05346298217773}}, "240": {"num_user": 200, "num_service": 144, "min_max_greedy": {"max_delay": 0.13324970651441392, "min_delay": 0.06410648163639951, "avg_delay": 0.09480848365821153, "min_max_difference": 0.06914322487801441, "running_time": 81.06756210327148}, "min_max_equal_weight": {"max_delay": 0.4362023586172154, "min_delay": 0.05566697885863424, "avg_delay": 0.07857068529013646, "min_max_difference": 0.38053537975858115, "running_time": 68.05682182312012}, "delay_balance": {"max_delay": 0.13324970651441392, "min_delay": 0.06410648163639951, "avg_delay": 0.09480848365821153, "min_max_difference": 0.06914322487801441, "running_time": 85.07061004638672}}, "270": {"num_user": 200, "num_service": 144, "min_max_greedy": {"max_delay": 0.09007921024616847, "min_delay": 0.06410648163639951, "avg_delay": 0.07758222111981446, "min_max_difference": 0.025972728609768958, "running_time": 101.08423233032227}, "min_max_equal_weight": {"max_delay": 0.12481020373664864, "min_delay": 0.052706508773338746, "avg_delay": 0.06955393301637602, "min_max_difference": 0.0721036949633099, "running_time": 87.07284927368164}, "delay_balance": {"max_delay": 0.09007921024616847, "min_delay": 0.06410648163639951, "avg_delay": 0.07758222111981446, "min_max_difference": 0.025972728609768958, "running_time": 102.08511352539062}}, "300": {"num_user": 200, "num_service": 144, "min_max_greedy": {"max_delay": 0.07990293492147296, "min_delay": 0.05604064713014796, "avg_delay": 0.06908558845645917, "min_max_difference": 0.023862287791325, "running_time": 114.09544944763184}, "min_max_equal_weight": {"max_delay": 0.07649699979417773, "min_delay": 0.05243481895930362, "avg_delay": 0.06504803333953268, "min_max_difference": 0.024062180834874117, "running_time": 104.08663749694824}, "delay_balance": {"max_delay": 0.0874773838559412, "min_delay": 0.06361509606461621, "avg_delay": 0.0766600373909274, "min_max_difference": 0.023862287791324988, "running_time": 109.09008979797363}}}