{"entropy": 103351063017024342678544917690692297961, "30": {"num_user": 200, "num_service": 143, "min_max_greedy": {"max_delay": 0.3116294376145502, "min_delay": 0.06436768541937701, "avg_delay": 0.0957593259344439, "min_max_difference": 0.24726175219517318, "running_time": 17.014265060424805}, "min_max_equal_weight": {"max_delay": 0.313933309100322, "min_delay": 0.060571718999857596, "avg_delay": 0.08955612371919461, "min_max_difference": 0.25336159010046444, "running_time": 17.014026641845703}, "delay_balance": {"max_delay": 0.3116294376145502, "min_delay": 0.06436768541937701, "avg_delay": 0.0957593259344439, "min_max_difference": 0.24726175219517318, "running_time": 19.01865005493164}}, "60": {"num_user": 200, "num_service": 143, "min_max_greedy": {"max_delay": 0.11334124501677842, "min_delay": 0.061149550972629356, "avg_delay": 0.08337543235892741, "min_max_difference": 0.05219169404414906, "running_time": 31.02588653564453}, "min_max_equal_weight": {"max_delay": 0.11029212261237317, "min_delay": 0.05987799986623067, "avg_delay": 0.07875569468960057, "min_max_difference": 0.0504141227461425, "running_time": 32.02652931213379}, "delay_balance": {"max_delay": 0.11403496415040534, "min_delay": 0.06184327010625627, "avg_delay": 0.08406915149255431, "min_max_difference": 0.05219169404414907, "running_time": 34.02876853942871}}, "90": {"num_user": 200, "num_service": 143, "min_max_greedy": {"max_delay": 0.11347514639416978, "min_delay": 0.06989660360638211, "avg_delay": 0.08775865634771643, "min_max_difference": 0.043578542787787666, "running_time": 49.041032791137695}, "min_max_equal_weight": {"max_delay": 0.10252225870779044, "min_delay": 0.053053236570013165, "avg_delay": 0.07421488959056437, "min_max_difference": 0.04946902213777728, "running_time": 48.039913177490234}, "delay_balance": {"max_delay": 0.11347514639416978, "min_delay": 0.06989660360638211, "avg_delay": 0.08775865634771643, "min_max_difference": 0.043578542787787666, "running_time": 46.03981971740723}}, "120": {"num_user": 200, "num_service": 143, "min_max_greedy": {"max_delay": 0.09809588701579222, "min_delay": 0.061149550972629356, "avg_delay": 0.07768348195245296, "min_max_difference": 0.036946336043162865, "running_time": 61.0504150390625}, "min_max_equal_weight": {"max_delay": 0.10232291979862401, "min_delay": 0.052853897660846735, "avg_delay": 0.07171880726273633, "min_max_difference": 0.04946902213777728, "running_time": 62.05415725708008}, "delay_balance": {"max_delay": 0.106842939649545, "min_delay": 0.06989660360638211, "avg_delay": 0.08643053458620573, "min_max_difference": 0.036946336043162886, "running_time": 50.05168914794922}}, "150": {"num_user": 200, "num_service": 143, "min_max_greedy": {"max_delay": 0.10293868141586955, "min_delay": 0.06580028920376593, "avg_delay": 0.08445302371516991, "min_max_difference": 0.03713839221210362, "running_time": 71.0592269897461}, "min_max_equal_weight": {"max_delay": 0.10206766329589773, "min_delay": 0.05005623599087024, "avg_delay": 0.06944102362345049, "min_max_difference": 0.05201142730502749, "running_time": 68.06015968322754}, "delay_balance": {"max_delay": 0.10293868141586955, "min_delay": 0.06580028920376593, "avg_delay": 0.08445302371516991, "min_max_difference": 0.03713839221210362, "running_time": 57.05094337463379}}, "180": {"num_user": 200, "num_service": 143, "min_max_greedy": {"max_delay": 0.1003511246094872, "min_delay": 0.06344169294598581, "avg_delay": 0.08160995700613588, "min_max_difference": 0.036909431663501385, "running_time": 82.06844329833984}, "min_max_equal_weight": {"max_delay": 0.10206766329589773, "min_delay": 0.04983635253245733, "avg_delay": 0.06761173724968456, "min_max_difference": 0.0522313107634404, "running_time": 84.06996726989746}, "delay_balance": {"max_delay": 0.10071635756389921, "min_delay": 0.06580028920376593, "avg_delay": 0.0834199247128052, "min_max_difference": 0.03491606836013328, "running_time": 64.05329704284668}}, "210": {"num_user": 200, "num_service": 143, "min_max_greedy": {"max_delay": 0.08953235402556664, "min_delay": 0.05538835944585997, "avg_delay": 0.07212171593808271, "min_max_difference": 0.03414399457970667, "running_time": 94.07877922058105}, "min_max_equal_weight": {"max_delay": 0.10206766329589773, "min_delay": 0.04983635253245733, "avg_delay": 0.06604583805982292, "min_max_difference": 0.0522313107634404, "running_time": 97.08070755004883}, "delay_balance": {"max_delay": 0.0983511246094872, "min_delay": 0.06580028920376593, "avg_delay": 0.08223202907351113, "min_max_difference": 0.03255083540572126, "running_time": 69.05674934387207}}, "240": {"num_user": 200, "num_service": 143, "min_max_greedy": {"max_delay": 0.08668463985299994, "min_delay": 0.05374695570364009, "avg_delay": 0.07051039937963893, "min_max_difference": 0.03293768414935985, "running_time": 109.08985137939453}, "min_max_equal_weight": {"max_delay": 0.10199579693095423, "min_delay": 0.04976448616751385, "avg_delay": 0.06480617087791472, "min_max_difference": 0.05223131076344038, "running_time": 109.09080505371094}, "delay_balance": {"max_delay": 0.09499813071931013, "min_delay": 0.06580028920376593, "avg_delay": 0.08050699215349592, "min_max_difference": 0.029197841515544193, "running_time": 76.06291770935059}}, "270": {"num_user": 200, "num_service": 143, "min_max_greedy": {"max_delay": 0.08576266793323668, "min_delay": 0.05374695570364009, "avg_delay": 0.06934406245207217, "min_max_difference": 0.03201571222959659, "running_time": 119.09890174865723}, "min_max_equal_weight": {"max_delay": 0.10199579693095423, "min_delay": 0.04976448616751385, "avg_delay": 0.06360651105858249, "min_max_difference": 0.05223131076344038, "running_time": 118.09825897216797}, "delay_balance": {"max_delay": 0.09411987291913436, "min_delay": 0.06180028920376593, "avg_delay": 0.07918580494714002, "min_max_difference": 0.03231958371536843, "running_time": 82.06820487976074}}, "300": {"num_user": 200, "num_service": 143, "min_max_greedy": {"max_delay": 0.08256665442079063, "min_delay": 0.053053236570013165, "avg_delay": 0.0675761680407226, "min_max_difference": 0.029513417850777462, "running_time": 131.10852241516113}, "min_max_equal_weight": {"max_delay": 0.09932291979862402, "min_delay": 0.04983635253245733, "avg_delay": 0.062460953666621674, "min_max_difference": 0.049486567266166695, "running_time": 129.10747528076172}, "delay_balance": {"max_delay": 0.09173797335312578, "min_delay": 0.06180028920376593, "avg_delay": 0.07789799427440938, "min_max_difference": 0.02993768414935985, "running_time": 88.0727767944336}}}