{"entropy": 292721853669890970917541378111839526227, "30": {"num_user": 200, "num_service": 132, "min_max_greedy": {"max_delay": 0.2385052819173909, "min_delay": 0.06398936767156699, "avg_delay": 0.12933948349058308, "min_max_difference": 0.1745159142458239, "running_time": 13.010740280151367}, "min_max_equal_weight": {"max_delay": 0.20365638037405862, "min_delay": 0.05560990812765456, "avg_delay": 0.1134645595562241, "min_max_difference": 0.14804647224640405, "running_time": 18.014192581176758}, "delay_balance": {"max_delay": 0.2385052819173909, "min_delay": 0.07023939026901417, "avg_delay": 0.1331205517546003, "min_max_difference": 0.16826589164837674, "running_time": 23.018598556518555}}, "60": {"num_user": 200, "num_service": 132, "min_max_greedy": {"max_delay": 0.21604542821717077, "min_delay": 0.06398936767156699, "avg_delay": 0.12228774073828584, "min_max_difference": 0.15205606054560378, "running_time": 23.01931381225586}, "min_max_equal_weight": {"max_delay": 0.20365638037405862, "min_delay": 0.052595476096735434, "avg_delay": 0.10260100108732556, "min_max_difference": 0.1510609042773232, "running_time": 37.03117370605469}, "delay_balance": {"max_delay": 0.21604542821717077, "min_delay": 0.06684744065291608, "avg_delay": 0.12606880900230305, "min_max_difference": 0.14919798756425467, "running_time": 35.02941131591797}}, "90": {"num_user": 200, "num_service": 132, "min_max_greedy": {"max_delay": 0.19589348900978784, "min_delay": 0.06341115236690004, "avg_delay": 0.11435062305411713, "min_max_difference": 0.1324823366428878, "running_time": 34.02829170227051}, "min_max_equal_weight": {"max_delay": 0.20060823826175922, "min_delay": 0.052595476096735434, "avg_delay": 0.09302854615901683, "min_max_difference": 0.1480127621650238, "running_time": 46.038150787353516}, "delay_balance": {"max_delay": 0.19589348900978784, "min_delay": 0.06341115236690004, "avg_delay": 0.11435062305411713, "min_max_difference": 0.1324823366428878, "running_time": 37.03045845031738}}, "120": {"num_user": 200, "num_service": 132, "min_max_greedy": {"max_delay": 0.1855847469134814, "min_delay": 0.06341115236690004, "avg_delay": 0.1034469815415489, "min_max_difference": 0.12217359454658136, "running_time": 53.04408073425293}, "min_max_equal_weight": {"max_delay": 0.20060823826175922, "min_delay": 0.05228531437909798, "avg_delay": 0.08592506797675911, "min_max_difference": 0.14832292388266125, "running_time": 57.04784393310547}, "delay_balance": {"max_delay": 0.1855847469134814, "min_delay": 0.06341115236690004, "avg_delay": 0.1034469815415489, "min_max_difference": 0.12217359454658136, "running_time": 56.04672431945801}}, "150": {"num_user": 200, "num_service": 132, "min_max_greedy": {"max_delay": 0.17481514536936849, "min_delay": 0.06341115236690004, "avg_delay": 0.09783195521255142, "min_max_difference": 0.11140399300246845, "running_time": 63.05241584777832}, "min_max_equal_weight": {"max_delay": 0.20060823826175922, "min_delay": 0.05228531437909798, "avg_delay": 0.0797652549455245, "min_max_difference": 0.14832292388266125, "running_time": 72.05963134765625}, "delay_balance": {"max_delay": 0.17481514536936849, "min_delay": 0.06341115236690004, "avg_delay": 0.09783195521255142, "min_max_difference": 0.11140399300246845, "running_time": 67.05570220947266}}, "180": {"num_user": 200, "num_service": 132, "min_max_greedy": {"max_delay": 0.1400851318232725, "min_delay": 0.06060392992002488, "avg_delay": 0.08393998205310853, "min_max_difference": 0.07948120190324763, "running_time": 81.06708526611328}, "min_max_equal_weight": {"max_delay": 0.20060823826175922, "min_delay": 0.05199936802620794, "avg_delay": 0.07478517252565726, "min_max_difference": 0.14860887023555128, "running_time": 86.07149124145508}, "delay_balance": {"max_delay": 0.1400851318232725, "min_delay": 0.06060392992002488, "avg_delay": 0.08393998205310853, "min_max_difference": 0.07948120190324763, "running_time": 83.0686092376709}}, "210": {"num_user": 200, "num_service": 132, "min_max_greedy": {"max_delay": 0.10176540251028399, "min_delay": 0.061289745181656405, "avg_delay": 0.07862464571775761, "min_max_difference": 0.04047565732862758, "running_time": 96.07958793640137}, "min_max_equal_weight": {"max_delay": 0.17400792292249334, "min_delay": 0.05043562811657968, "avg_delay": 0.07051302407120058, "min_max_difference": 0.12357229480591367, "running_time": 102.08487510681152}, "delay_balance": {"max_delay": 0.10176540251028399, "min_delay": 0.061289745181656405, "avg_delay": 0.07862464571775761, "min_max_difference": 0.04047565732862758, "running_time": 96.08006477355957}}, "240": {"num_user": 200, "num_service": 132, "min_max_greedy": {"max_delay": 0.0972805613625446, "min_delay": 0.0583492929900255, "avg_delay": 0.07672280965302362, "min_max_difference": 0.03893126837251909, "running_time": 105.0875186920166}, "min_max_equal_weight": {"max_delay": 0.16908005253053512, "min_delay": 0.04998785932930648, "avg_delay": 0.06723560492665731, "min_max_difference": 0.11909219320122864, "running_time": 113.09409141540527}, "delay_balance": {"max_delay": 0.0972805613625446, "min_delay": 0.0583492929900255, "avg_delay": 0.07672280965302362, "min_max_difference": 0.03893126837251909, "running_time": 101.08399391174316}}, "270": {"num_user": 200, "num_service": 132, "min_max_greedy": {"max_delay": 0.09515915417730096, "min_delay": 0.05784637574498107, "avg_delay": 0.07476280752902663, "min_max_difference": 0.03731277843231989, "running_time": 116.09578132629395}, "min_max_equal_weight": {"max_delay": 0.09627336739648629, "min_delay": 0.04998785932930648, "avg_delay": 0.06440185789325079, "min_max_difference": 0.046285508067179806, "running_time": 128.10659408569336}, "delay_balance": {"max_delay": 0.09515915417730096, "min_delay": 0.05784637574498107, "avg_delay": 0.07476280752902663, "min_max_difference": 0.03731277843231989, "running_time": 107.08880424499512}}, "300": {"num_user": 200, "num_service": 132, "min_max_greedy": {"max_delay": 0.09144334327138387, "min_delay": 0.056099270392578324, "avg_delay": 0.07214931969765073, "min_max_difference": 0.035344072878805546, "running_time": 128.10635566711426}, "min_max_equal_weight": {"max_delay": 0.09627336739648629, "min_delay": 0.04739387986296327, "avg_delay": 0.06229786550253892, "min_max_difference": 0.04887948753352302, "running_time": 145.12062072753906}, "delay_balance": {"max_delay": 0.09157679875893887, "min_delay": 0.056099270392578324, "avg_delay": 0.07233531441832551, "min_max_difference": 0.03547752836636055, "running_time": 114.09401893615723}}}