{"entropy": 117547199702982299341320891723225335996, "30": {"num_user": 200, "num_service": 149, "min_max_greedy": {"max_delay": 0.38195247399850263, "min_delay": 0.062287943135355926, "avg_delay": 0.12011286742528152, "min_max_difference": 0.3196645308631467, "running_time": 20.016193389892578}, "min_max_equal_weight": {"max_delay": 0.42122512746683477, "min_delay": 0.062287943135355926, "avg_delay": 0.10985523280123236, "min_max_difference": 0.35893718433147886, "running_time": 17.014026641845703}, "delay_balance": {"max_delay": 0.38195247399850263, "min_delay": 0.062287943135355926, "avg_delay": 0.12011286742528152, "min_max_difference": 0.3196645308631467, "running_time": 23.01931381225586}}, "60": {"num_user": 200, "num_service": 149, "min_max_greedy": {"max_delay": 0.37763089298101954, "min_delay": 0.062287943135355926, "avg_delay": 0.09245340029224451, "min_max_difference": 0.31534294984566363, "running_time": 36.02933883666992}, "min_max_equal_weight": {"max_delay": 0.3824481742617224, "min_delay": 0.05556589902837757, "avg_delay": 0.08733294500514446, "min_max_difference": 0.32688227523334484, "running_time": 34.02853012084961}, "delay_balance": {"max_delay": 0.37763089298101954, "min_delay": 0.062287943135355926, "avg_delay": 0.09245340029224451, "min_max_difference": 0.31534294984566363, "running_time": 40.032386779785156}}, "90": {"num_user": 200, "num_service": 149, "min_max_greedy": {"max_delay": 0.12509715530587295, "min_delay": 0.062287943135355926, "avg_delay": 0.08209364962873585, "min_max_difference": 0.06280921217051702, "running_time": 56.046485900878906}, "min_max_equal_weight": {"max_delay": 0.126283370121762, "min_delay": 0.0548372661480419, "avg_delay": 0.07409060466810358, "min_max_difference": 0.07144610397372009, "running_time": 48.03943634033203}, "delay_balance": {"max_delay": 0.12509715530587295, "min_delay": 0.062287943135355926, "avg_delay": 0.08209364962873585, "min_max_difference": 0.06280921217051702, "running_time": 58.04848670959473}}, "120": {"num_user": 200, "num_service": 149, "min_max_greedy": {"max_delay": 0.08881128908264047, "min_delay": 0.05978197228324337, "avg_delay": 0.0754830407273255, "min_max_difference": 0.029029316799397097, "running_time": 74.06187057495117}, "min_max_equal_weight": {"max_delay": 0.12014384158493617, "min_delay": 0.05022851763912742, "avg_delay": 0.06881846852921684, "min_max_difference": 0.06991532394580875, "running_time": 69.05746459960938}, "delay_balance": {"max_delay": 0.08992359607390385, "min_delay": 0.05978197228324337, "avg_delay": 0.07646527596465763, "min_max_difference": 0.03014162379066048, "running_time": 70.05834579467773}}, "150": {"num_user": 200, "num_service": 149, "min_max_greedy": {"max_delay": 0.08684072558433806, "min_delay": 0.055332468166276405, "avg_delay": 0.07294817532111784, "min_max_difference": 0.03150825741806165, "running_time": 91.07542037963867}, "min_max_equal_weight": {"max_delay": 0.08653734971599268, "min_delay": 0.04939339703473269, "avg_delay": 0.06501423342504267, "min_max_difference": 0.037143952681259994, "running_time": 90.07453918457031}, "delay_balance": {"max_delay": 0.08792359607390385, "min_delay": 0.05978197228324337, "avg_delay": 0.07471872045984636, "min_max_difference": 0.02814162379066048, "running_time": 78.0649185180664}}, "180": {"num_user": 200, "num_service": 149, "min_max_greedy": {"max_delay": 0.0847057152729057, "min_delay": 0.055332468166276405, "avg_delay": 0.07086052956369804, "min_max_difference": 0.029373247106629294, "running_time": 110.0921630859375}, "min_max_equal_weight": {"max_delay": 0.08075240155196894, "min_delay": 0.046113617114084966, "avg_delay": 0.06300156227095838, "min_max_difference": 0.03463878443788398, "running_time": 105.0870418548584}, "delay_balance": {"max_delay": 0.08632196611078766, "min_delay": 0.05848525802222329, "avg_delay": 0.0726620641950243, "min_max_difference": 0.027836708088564366, "running_time": 88.0732536315918}}, "210": {"num_user": 200, "num_service": 149, "min_max_greedy": {"max_delay": 0.08259263009222154, "min_delay": 0.055332468166276405, "avg_delay": 0.06944760199958516, "min_max_difference": 0.02726016192594513, "running_time": 123.10194969177246}, "min_max_equal_weight": {"max_delay": 0.07960744452293933, "min_delay": 0.04726799677916492, "avg_delay": 0.06148868904647108, "min_max_difference": 0.03233944774377441, "running_time": 122.1013069152832}, "delay_balance": {"max_delay": 0.08342566632727261, "min_delay": 0.058263881438614856, "avg_delay": 0.07045617062645985, "min_max_difference": 0.02516178488865775, "running_time": 99.08246994018555}}, "240": {"num_user": 200, "num_service": 149, "min_max_greedy": {"max_delay": 0.08055481196148229, "min_delay": 0.055332468166276405, "avg_delay": 0.06790375203942484, "min_max_difference": 0.02522234379520588, "running_time": 141.11781120300293}, "min_max_equal_weight": {"max_delay": 0.07960744452293933, "min_delay": 0.04596866008505536, "avg_delay": 0.060242678208374124, "min_max_difference": 0.03363878443788397, "running_time": 140.11621475219727}, "delay_balance": {"max_delay": 0.0817057152729057, "min_delay": 0.058263881438614856, "avg_delay": 0.06965038110037733, "min_max_difference": 0.02344183383429084, "running_time": 107.08832740783691}}, "270": {"num_user": 200, "num_service": 149, "min_max_greedy": {"max_delay": 0.07916669813969475, "min_delay": 0.055332468166276405, "avg_delay": 0.06713024348928764, "min_max_difference": 0.023834229973418344, "running_time": 161.1332893371582}, "min_max_equal_weight": {"max_delay": 0.0789531353023565, "min_delay": 0.04596866008505536, "avg_delay": 0.0590575519336009, "min_max_difference": 0.032984475217301135, "running_time": 152.12655067443848}, "delay_balance": {"max_delay": 0.07964793866614436, "min_delay": 0.058263881438614856, "avg_delay": 0.06869997420537884, "min_max_difference": 0.021384057227529507, "running_time": 116.09625816345215}}, "300": {"num_user": 200, "num_service": 149, "min_max_greedy": {"max_delay": 0.0770360524879319, "min_delay": 0.055332468166276405, "avg_delay": 0.06590082876370838, "min_max_difference": 0.021703584321655492, "running_time": 167.13953018188477}, "min_max_equal_weight": {"max_delay": 0.07860484473063709, "min_delay": 0.045186307420721994, "avg_delay": 0.05803465667807307, "min_max_difference": 0.03341853730991509, "running_time": 164.1366481781006}, "delay_balance": {"max_delay": 0.07811096625331271, "min_delay": 0.056332468166276406, "avg_delay": 0.06672565331038585, "min_max_difference": 0.021778498087036302, "running_time": 131.10899925231934}}}