{"entropy": 67030123136720163890234231878736639326, "30": {"num_user": 200, "num_service": 143, "min_max_greedy": {"max_delay": 0.40149279475057925, "min_delay": 0.06686279163134713, "avg_delay": 0.1544005703321546, "min_max_difference": 0.33463000311923213, "running_time": 24.019718170166016}, "min_max_equal_weight": {"max_delay": 0.3430529128643945, "min_delay": 0.06686279163134713, "avg_delay": 0.132459956098992, "min_max_difference": 0.27619012123304737, "running_time": 19.016265869140625}, "delay_balance": {"max_delay": 0.40149279475057925, "min_delay": 0.06686279163134713, "avg_delay": 0.1544005703321546, "min_max_difference": 0.33463000311923213, "running_time": 26.021718978881836}}, "60": {"num_user": 200, "num_service": 143, "min_max_greedy": {"max_delay": 0.22207685401948712, "min_delay": 0.06662921263592678, "avg_delay": 0.10779088949984793, "min_max_difference": 0.15544764138356035, "running_time": 48.039913177490234}, "min_max_equal_weight": {"max_delay": 0.220116445260265, "min_delay": 0.06095248187744369, "avg_delay": 0.09787800484138266, "min_max_difference": 0.1591639633828213, "running_time": 42.03510284423828}, "delay_balance": {"max_delay": 0.22207685401948712, "min_delay": 0.06662921263592678, "avg_delay": 0.10779088949984793, "min_max_difference": 0.15544764138356035, "running_time": 51.04255676269531}}, "90": {"num_user": 200, "num_service": 143, "min_max_greedy": {"max_delay": 0.20928586030663437, "min_delay": 0.06359933654276184, "avg_delay": 0.09902012743791598, "min_max_difference": 0.14568652376387253, "running_time": 59.049129486083984}, "min_max_equal_weight": {"max_delay": 0.20860803517931986, "min_delay": 0.06095248187744369, "avg_delay": 0.08550673907327534, "min_max_difference": 0.14765555330187619, "running_time": 51.041603088378906}, "delay_balance": {"max_delay": 0.20928586030663437, "min_delay": 0.06359933654276184, "avg_delay": 0.09902012743791598, "min_max_difference": 0.14568652376387253, "running_time": 64.05353546142578}}, "120": {"num_user": 200, "num_service": 143, "min_max_greedy": {"max_delay": 0.12770994912838177, "min_delay": 0.06363030700475822, "avg_delay": 0.08837421291426674, "min_max_difference": 0.06407964212362355, "running_time": 73.06027412414551}, "min_max_equal_weight": {"max_delay": 0.20542902088939868, "min_delay": 0.05311921173529695, "avg_delay": 0.07731606649174719, "min_max_difference": 0.15230980915410175, "running_time": 70.05763053894043}, "delay_balance": {"max_delay": 0.12770994912838177, "min_delay": 0.06363030700475822, "avg_delay": 0.08837421291426674, "min_max_difference": 0.06407964212362355, "running_time": 77.06332206726074}}, "150": {"num_user": 200, "num_service": 143, "min_max_greedy": {"max_delay": 0.12103212400106725, "min_delay": 0.06095248187744369, "avg_delay": 0.07845209800126268, "min_max_difference": 0.06007964212362356, "running_time": 83.06884765625}, "min_max_equal_weight": {"max_delay": 0.11403690739630545, "min_delay": 0.05311921173529695, "avg_delay": 0.07207474455835781, "min_max_difference": 0.060917695661008506, "running_time": 79.06556129455566}, "delay_balance": {"max_delay": 0.12103212400106725, "min_delay": 0.06095248187744369, "avg_delay": 0.07845209800126268, "min_max_difference": 0.06007964212362356, "running_time": 87.07284927368164}}, "180": {"num_user": 200, "num_service": 143, "min_max_greedy": {"max_delay": 0.10896707627027895, "min_delay": 0.06095248187744369, "avg_delay": 0.07515958822528067, "min_max_difference": 0.04801459439283526, "running_time": 95.07918357849121}, "min_max_equal_weight": {"max_delay": 0.1118056932645041, "min_delay": 0.05160863878201266, "avg_delay": 0.06833777638031506, "min_max_difference": 0.060197054482491436, "running_time": 99.08223152160645}, "delay_balance": {"max_delay": 0.11144394234313898, "min_delay": 0.06247020684407964, "avg_delay": 0.07757723701871914, "min_max_difference": 0.04897373549905934, "running_time": 94.07854080200195}}, "210": {"num_user": 200, "num_service": 143, "min_max_greedy": {"max_delay": 0.09726752509991618, "min_delay": 0.06249827406398216, "avg_delay": 0.07623476362998659, "min_max_difference": 0.03476925103593402, "running_time": 104.08663749694824}, "min_max_equal_weight": {"max_delay": 0.1118056932645041, "min_delay": 0.04931135281523829, "avg_delay": 0.06561479936730681, "min_max_difference": 0.06249434044926581, "running_time": 119.09937858581543}, "delay_balance": {"max_delay": 0.09726752509991618, "min_delay": 0.06249827406398216, "avg_delay": 0.07623476362998659, "min_max_difference": 0.03476925103593402, "running_time": 98.08111190795898}}, "240": {"num_user": 200, "num_service": 143, "min_max_greedy": {"max_delay": 0.08488117384552601, "min_delay": 0.05410478291722859, "avg_delay": 0.06855698174274603, "min_max_difference": 0.030776390928297426, "running_time": 123.10290336608887}, "min_max_equal_weight": {"max_delay": 0.10928611182128609, "min_delay": 0.048284408580643486, "avg_delay": 0.0634742327445066, "min_max_difference": 0.0610017032406426, "running_time": 135.11228561401367}, "delay_balance": {"max_delay": 0.08744920142734099, "min_delay": 0.062297315009527676, "avg_delay": 0.07225704388058489, "min_max_difference": 0.02515188641781331, "running_time": 123.10242652893066}}, "270": {"num_user": 200, "num_service": 143, "min_max_greedy": {"max_delay": 0.08120247736912788, "min_delay": 0.05678260804454312, "avg_delay": 0.0692386672112372, "min_max_difference": 0.02441986932458476, "running_time": 142.1182155609131}, "min_max_equal_weight": {"max_delay": 0.10918637505841008, "min_delay": 0.048184671817767484, "avg_delay": 0.06192961699028303, "min_max_difference": 0.0610017032406426, "running_time": 155.12919425964355}, "delay_balance": {"max_delay": 0.07968979590848313, "min_delay": 0.05609444528441771, "avg_delay": 0.06895413189507708, "min_max_difference": 0.02359535062406542, "running_time": 120.09930610656738}}, "300": {"num_user": 200, "num_service": 143, "min_max_greedy": {"max_delay": 0.07807382644347147, "min_delay": 0.05678260804454312, "avg_delay": 0.06835207139139649, "min_max_difference": 0.02129121839892835, "running_time": 154.63614463806152}, "min_max_equal_weight": {"max_delay": 0.10862050082464059, "min_delay": 0.048184671817767484, "avg_delay": 0.060581449023753314, "min_max_difference": 0.0604358290068731, "running_time": 171.14710807800293}, "delay_balance": {"max_delay": 0.07799970950011315, "min_delay": 0.05678260804454312, "avg_delay": 0.06834690029114764, "min_max_difference": 0.021217101455570028, "running_time": 126.10697746276855}}}