{"cost": {"40": [[2362], [2512], [1604], [1957]], "42": [[2738], [2774], [1865], [2122]], "44": [[2985], [2804], [1960], [2322]], "46": [[3438], [3818], [2276], [2723]], "48": [[3405], [4235], [2395], [2782]], "50": [[3491], [4209], [2634], [3067]], "52": [[3858], [4924], [2787], [3225]], "54": [[5513], [5073], [3428], [3893]], "56": [[5416], [6252], [3421], [3873]], "58": [[5640], [6594], [3499], [4121]], "60": [[5819], [5427], [3921], [4263]], "62": [[7336], [7543], [4742], [5261]], "64": [[6285], [7154], [4455], [5014]], "66": [[7354], [7918], [4824], [5414]], "68": [[8369], [8337], [5408], [6030]], "70": [[9002], [8934], [5594], [6191]]}, "running_time": {"40": [[47.03879356384277], [32.02652931213379], [36048.83337020874], [2990.4749393463135]], "42": [[52.04296112060547], [38.03133964538574], [49560.01424789429], [1189.9843215942383]], "44": [[55.045366287231445], [41.03398323059082], [61706.0661315918], [1235.0223064422607]], "46": [[60.04953384399414], [52.04319953918457], [78857.25998878479], [1501.2423992156982]], "48": [[60.04953384399414], [49.04055595397949], [57876.89685821533], [1689.3980503082275]], "50": [[71.05851173400879], [59.04960632324219], [77149.84726905823], [1644.3605422973633]], "52": [[69.05770301818848], [61.0506534576416], [88973.63257408142], [1883.558750152588]], "54": [[93.07718276977539], [63.051462173461914], [111541.32604598999], [1939.6049976348877]], "56": [[88.0727767944336], [66.0545825958252], [125989.4015789032], [2172.7986335754395]], "58": [[101.08327865600586], [79.06532287597656], [147705.44385910034], [2167.7935123443604]], "60": [[93.07718276977539], [76.06363296508789], [63990.97490310669], [2228.84464263916]], "62": [[112.09297180175781], [79.06532287597656], [154997.300863266], [2668.208599090576]], "64": [[108.08944702148438], [83.0690860748291], [146787.50491142273], [3270.7064151763916]], "66": [[125.10347366333008], [89.07341957092285], [146775.41279792786], [2883.3861351013184]], "68": [[128.10611724853516], [105.0877571105957], [188516.24202728271], [2994.478464126587]], "70": [[130.10787963867188], [111.09185218811035], [233248.13795089722], [3102.567672729492]]}}