{"cost": {"40": [[2587], [3461], [1727], [2116]], "42": [[2644], [2902], [1803], [2200]], "44": [[2895], [3124], [1927], [2319]], "46": [[3147], [3615], [2284], [2766]], "48": [[3873], [4207], [2556], [3021]], "50": [[4033], [4239], [2540], [3027]], "52": [[4667], [4999], [3051], [3482]], "54": [[4400], [6059], [3251], [3877]], "56": [[5780], [5282], [3516], [4154]], "58": [[5286], [5567], [3583], [4121]], "60": [[6067], [6753], [3859], [4474]], "62": [[6839], [7466], [4645], [5101]], "64": [[6952], [7734], [4652], [5049]], "66": [[7774], [8370], [5233], [6184]], "68": [[8404], [8769], [5327], [5855]], "70": [[8666], [9279], [5576], [6334]]}, "running_time": {"40": [[44.0366268157959], [35.02917289733887], [36862.038135528564], [2929.424524307251]], "42": [[48.040151596069336], [39.0324592590332], [45724.84064102173], [1299.0751266479492]], "44": [[57.047367095947266], [40.03310203552246], [56802.0076751709], [1321.0935592651367]], "46": [[65.05417823791504], [44.035911560058594], [94988.609790802], [1504.2450428009033]], "48": [[66.0543441772461], [48.03967475891113], [63911.8914604187], [1898.571252822876]], "50": [[72.05963134765625], [56.046247482299805], [103497.65157699585], [1659.3732833862305]], "52": [[76.06291770935059], [51.04207992553711], [96190.60468673706], [1754.4517517089844]], "54": [[75.06132125854492], [68.05658340454102], [80778.86819839478], [2045.6926822662354]], "56": [[98.08135032653809], [70.05810737609863], [139551.6254901886], [2259.8702907562256]], "58": [[95.07870674133301], [70.05786895751953], [130206.96187019348], [2299.903631210327]], "60": [[102.08415985107422], [83.06884765625], [199245.92852592468], [2615.164279937744]], "62": [[114.09425735473633], [82.06796646118164], [189364.74990844727], [2854.3624877929688]], "64": [[111.09137535095215], [83.0683708190918], [72973.39057922363], [2828.3402919769287]], "66": [[125.10371208190918], [94.07782554626465], [185539.1697883606], [2630.1774978637695]], "68": [[133.10956954956055], [94.07687187194824], [257574.10311698914], [2465.0402069091797]], "70": [[136.11245155334473], [107.08832740783691], [171409.7933769226], [3033.510446548462]]}}