{"cost": {"40": [[2403], [2615], [1615], [1972]], "42": [[2862], [2740], [1864], [2226]], "44": [[2942], [3306], [1971], [2392]], "46": [[3377], [3829], [2317], [2835]], "48": [[3483], [3576], [2430], [2839]], "50": [[4092], [4547], [2679], [3137]], "52": [[4765], [4866], [3136], [3593]], "54": [[4923], [5724], [3279], [3905]], "56": [[4734], [5584], [3410], [4187]], "58": [[5719], [5649], [3864], [4497]], "60": [[5854], [7190], [4099], [4650]], "62": [[6484], [7870], [4769], [5172]], "64": [[6760], [7071], [4677], [5250]], "66": [[7371], [7860], [4815], [5484]], "68": [[8379], [8809], [5527], [6335]], "70": [[9145], [10258], [5912], [6648]]}, "running_time": {"40": [[45.03750801086426], [39.0322208404541], [53542.84310340881], [2990.4747009277344]], "42": [[48.03943634033203], [38.03110122680664], [59060.877323150635], [1415.1711463928223]], "44": [[53.04360389709473], [41.03422164916992], [67642.97986030579], [1404.1621685028076]], "46": [[59.04865264892578], [60.04953384399414], [111128.96728515625], [1654.3688774108887]], "48": [[67.05546379089355], [47.03927040100098], [72505.00297546387], [1441.192626953125]], "50": [[75.06203651428223], [54.044485092163086], [55876.24168395996], [1495.2373504638672]], "52": [[75.06203651428223], [57.047367095947266], [51457.58533477783], [1886.5609169006348]], "54": [[88.0730152130127], [69.05722618103027], [91312.58654594421], [1651.3667106628418]], "56": [[83.0686092376709], [72.05891609191895], [140233.18934440613], [2590.1434421539307]], "58": [[98.08111190795898], [75.06227493286133], [68287.20116615295], [2021.6729640960693]], "60": [[104.08663749694824], [80.06620407104492], [125147.08638191223], [2241.8556213378906]], "62": [[109.09032821655273], [84.06949043273926], [141109.81631278992], [2612.161874771118]], "64": [[124.10306930541992], [90.07430076599121], [167594.73395347595], [2487.058162689209]], "66": [[122.1010684967041], [93.07694435119629], [220562.5548362732], [2763.287305831909]], "68": [[127.1052360534668], [104.08592224121094], [102001.56712532043], [3131.591320037842]], "70": [[139.1153335571289], [100.0828742980957], [139838.232755661], [3110.5740070343018]]}}