{"cost": {"40": [[2383], [2510], [1606], [2026]], "42": [[2442], [2694], [1775], [2123]], "44": [[2922], [2944], [1964], [2240]], "46": [[3531], [3431], [2221], [2707]], "48": [[3172], [4150], [2364], [2792]], "50": [[3789], [4599], [2681], [3089]], "52": [[4392], [4894], [3107], [3597]], "54": [[4704], [5230], [3026], [3501]], "56": [[5178], [5845], [3797], [4228]], "58": [[6173], [5762], [3821], [4329]], "60": [[6059], [6588], [3932], [4459]], "62": [[6508], [6820], [4708], [5154]], "64": [[6851], [8173], [4656], [5290]], "66": [[7583], [8360], [5315], [5812]], "68": [[8861], [9118], [5570], [6249]], "70": [[9130], [9017], [5807], [6623]]}, "running_time": {"40": [[47.03807830810547], [36.02910041809082], [26479.446172714233], [3147.6049423217773]], "42": [[43.03574562072754], [38.031578063964844], [52274.26028251648], [1416.1717891693115]], "44": [[54.04472351074219], [40.03453254699707], [67992.26880073547], [1500.241756439209]], "46": [[59.04889106750488], [45.037031173706055], [100464.14136886597], [1431.1842918395996]], "48": [[60.04977226257324], [55.045127868652344], [125189.60356712341], [1801.4910221099854]], "50": [[67.05522537231445], [49.04055595397949], [127469.48981285095], [1674.3853092193604]], "52": [[75.06132125854492], [58.04777145385742], [96436.82670593262], [1771.4660167694092]], "54": [[80.06668090820312], [64.05282020568848], [128054.11076545715], [2076.71856880188]], "56": [[87.07213401794434], [66.0548210144043], [93685.73832511902], [1911.5817546844482]], "58": [[102.08511352539062], [77.06332206726074], [120824.00870323181], [2487.058162689209]], "60": [[109.09056663513184], [74.06115531921387], [101330.87849617004], [2110.7468605041504]], "62": [[114.09425735473633], [86.07101440429688], [131771.08478546143], [2669.208765029907]], "64": [[113.09361457824707], [87.07165718078613], [207902.0013809204], [2299.903392791748]], "66": [[122.1015453338623], [93.07670593261719], [80149.00588989258], [2599.151134490967]], "68": [[140.11597633361816], [101.08423233032227], [176522.10927009583], [3236.6786003112793]], "70": [[135.11180877685547], [106.08792304992676], [94152.83513069153], [2999.4823932647705]]}}