{"cost": {"40": [[2403], [2649], [1712], [1949]], "42": [[2523], [3083], [1865], [2345]], "44": [[3004], [3386], [2000], [2403]], "46": [[3256], [3385], [2183], [2710]], "48": [[3690], [4007], [2586], [3058]], "50": [[4213], [4168], [2892], [3471]], "52": [[4096], [4195], [2853], [3274]], "54": [[4978], [4895], [3197], [3566]], "56": [[5918], [4904], [3835], [4271]], "58": [[5939], [6142], [3902], [4260]], "60": [[6050], [6751], [4147], [4821]], "62": [[6306], [7659], [4343], [4972]], "64": [[6550], [6771], [4566], [5205]], "66": [[7882], [8097], [4997], [5494]], "68": [[8515], [9512], [5530], [6304]], "70": [[9375], [11174], [6075], [6929]]}, "running_time": {"40": [[46.038150787353516], [33.02741050720215], [34032.16338157654], [3288.7210845947266]], "42": [[56.0460090637207], [36.029815673828125], [53268.08309555054], [1342.1106338500977]], "44": [[56.046247482299805], [44.0366268157959], [62932.0809841156], [1233.020544052124]], "46": [[54.044246673583984], [43.03574562072754], [62160.44235229492], [1645.3616619110107]], "48": [[61.0506534576416], [51.04207992553711], [59777.4703502655], [1659.3725681304932]], "50": [[81.06660842895508], [98.08135032653809], [89930.42469024658], [1741.441249847412]], "52": [[78.0646800994873], [56.046247482299805], [67174.59201812744], [1473.2189178466797]], "54": [[87.07165718078613], [63.05241584777832], [100147.89748191833], [1727.4296283721924]], "56": [[85.07037162780762], [64.05258178710938], [109218.52231025696], [2368.959903717041]], "58": [[92.07725524902344], [69.05698776245117], [58375.30994415283], [2093.7328338623047]], "60": [[95.07870674133301], [74.06067848205566], [167948.19569587708], [2099.7378826141357]], "62": [[106.08792304992676], [78.0649185180664], [160007.4553489685], [2336.9345664978027]], "64": [[105.0872802734375], [85.06989479064941], [225868.95942687988], [2581.1357498168945]], "66": [[126.10435485839844], [90.07453918457031], [184033.9241027832], [2598.1497764587402]], "68": [[130.10764122009277], [111.09209060668945], [195456.77947998047], [3024.502992630005]], "70": [[134.1116428375244], [104.08711433410645], [106644.17219161987], [2753.278970718384]]}}