{"cost": {"40": [[2401], [2227], [1438], [1975]], "42": [[2655], [3055], [1858], [2173]], "44": [[3279], [3150], [2045], [2712]], "46": [[3456], [3720], [2244], [2752]], "48": [[3969], [4095], [2489], [2783]], "50": [[3819], [3856], [2767], [3076]], "52": [[4078], [4016], [2743], [3128]], "54": [[4598], [4626], [3252], [3642]], "56": [[5052], [6795], [3628], [4259]], "58": [[5136], [5711], [3699], [4064]], "60": [[6683], [8521], [4161], [4750]], "62": [[7280], [6998], [4347], [4999]], "64": [[7202], [7626], [5064], [5657]], "66": [[7753], [8733], [5191], [5916]], "68": [[8055], [9122], [5503], [6041]], "70": [[8573], [9158], [5683], [6469]]}, "running_time": {"40": [[46.037912368774414], [34.02853012084961], [59794.48413848877], [3003.4854412078857]], "42": [[53.04408073425293], [38.03133964538574], [65032.81927108765], [1230.018138885498]], "44": [[57.04760551452637], [51.04207992553711], [66791.2745475769], [1441.192865371704]], "46": [[71.05851173400879], [48.039913177490234], [68047.3141670227], [1560.290813446045]], "48": [[64.05282020568848], [52.04296112060547], [96723.04511070251], [1691.4000511169434]], "50": [[72.05915451049805], [50.04143714904785], [88324.09405708313], [1592.3173427581787]], "52": [[75.06203651428223], [54.044485092163086], [93628.502368927], [1693.401575088501]], "54": [[80.06620407104492], [65.05370140075684], [76831.72011375427], [2074.716806411743]], "56": [[85.06989479064941], [68.05658340454102], [134111.18125915527], [2033.6835384368896]], "58": [[93.07670593261719], [76.06291770935059], [59906.5887928009], [1966.627597808838]], "60": [[103.08551788330078], [79.06532287597656], [143744.99773979187], [2630.176782608032]], "62": [[106.08792304992676], [83.0690860748291], [187355.08751869202], [2366.9586181640625]], "64": [[114.09425735473633], [91.07494354248047], [91456.68697357178], [2384.974241256714]], "66": [[115.09466171264648], [94.07758712768555], [164719.94042396545], [2817.3322677612305]], "68": [[132.1091651916504], [105.0870418548584], [201285.63594818115], [3208.65797996521]], "70": [[137.1135711669922], [108.08992385864258], [226407.64379501343], [3256.694793701172]]}}