{"cost": {"40": [[2313], [2282], [1580], [2049]], "42": [[2427], [2814], [1740], [2033]], "44": [[3329], [3905], [2183], [2552]], "46": [[3107], [3088], [2112], [2607]], "48": [[4237], [3844], [2613], [2960]], "50": [[3567], [4285], [2584], [3108]], "52": [[4391], [4270], [2981], [3537]], "54": [[5001], [5602], [3321], [3883]], "56": [[5272], [5754], [3578], [3877]], "58": [[5355], [5290], [3634], [4252]], "60": [[5595], [6551], [3893], [4422]], "62": [[6896], [7505], [4490], [5045]], "64": [[6722], [8178], [4520], [5028]], "66": [[7239], [8361], [5197], [5936]], "68": [[9023], [9310], [5707], [6598]], "70": [[8983], [9257], [5899], [6690]]}, "running_time": {"40": [[42.03462600708008], [37.03022003173828], [34032.16457366943], [3023.5023498535156]], "42": [[47.03855514526367], [34.02829170227051], [48087.7959728241], [1356.1217784881592]], "44": [[56.0460090637207], [47.039031982421875], [67584.93185043335], [1308.0828189849854]], "46": [[60.04953384399414], [43.03479194641113], [77839.41793441772], [1457.2060108184814]], "48": [[65.05417823791504], [48.03967475891113], [71411.09776496887], [1879.5554637908936]], "50": [[67.05522537231445], [54.044485092163086], [87259.2134475708], [1579.3070793151855]], "52": [[83.0693244934082], [55.04584312438965], [95392.96221733093], [1878.554344177246]], "54": [[80.06644248962402], [65.05346298217773], [116996.95944786072], [2214.8327827453613]], "56": [[93.07742118835449], [70.05786895751953], [55790.170192718506], [1923.5918521881104]], "58": [[97.08094596862793], [68.05634498596191], [130583.2736492157], [2136.768102645874]], "60": [[98.08135032653809], [82.06820487976074], [157457.34524726868], [2661.2026691436768]], "62": [[121.10018730163574], [85.07037162780762], [214172.28031158447], [2615.1645183563232]], "64": [[116.09649658203125], [90.07477760314941], [127688.57002258301], [2866.372585296631]], "66": [[116.09578132629395], [100.0826358795166], [70092.12017059326], [2792.3104763031006]], "68": [[136.11245155334473], [99.08175468444824], [171632.20167160034], [3584.9664211273193]], "70": [[136.11197471618652], [100.0828742980957], [193314.4097328186], [3029.5071601867676]]}}