{"cost": {"40": [[2630], [2929], [1679], [2136]], "42": [[2465], [2923], [1648], [2132]], "44": [[3061], [3408], [2022], [2592]], "46": [[3231], [4354], [2352], [2751]], "48": [[3690], [4637], [2457], [2896]], "50": [[3832], [4206], [2746], [3189]], "52": [[4821], [4147], [3071], [3395]], "54": [[4749], [4827], [3266], [3816]], "56": [[5493], [5795], [3461], [4052]], "58": [[5619], [6764], [4065], [4724]], "60": [[6049], [6405], [3944], [4364]], "62": [[7064], [7361], [4772], [5222]], "64": [[7134], [7516], [4636], [5266]], "66": [[6722], [7560], [4593], [5271]], "68": [[8483], [9292], [5457], [6247]], "70": [[7865], [9233], [5755], [6379]]}, "running_time": {"40": [[45.037031173706055], [35.02917289733887], [46915.825843811035], [3160.615921020508]], "42": [[53.04384231567383], [40.03310203552246], [78427.90508270264], [1275.054931640625]], "44": [[48.039913177490234], [36.03005409240723], [85115.43846130371], [1226.0148525238037]], "46": [[57.04665184020996], [48.039913177490234], [78034.57927703857], [1540.2748584747314]], "48": [[65.05417823791504], [49.04055595397949], [100639.28604125977], [1866.544246673584]], "50": [[67.05498695373535], [53.04408073425293], [79240.59557914734], [1739.4392490386963]], "52": [[73.06027412414551], [55.045366287231445], [60096.73452377319], [1999.6552467346191]], "54": [[80.06620407104492], [64.05305862426758], [65933.7010383606], [1936.6025924682617]], "56": [[88.0730152130127], [66.0543441772461], [133429.6178817749], [2447.0250606536865]], "58": [[85.07013320922852], [75.06203651428223], [153290.88878631592], [3015.495538711548]], "60": [[105.0868034362793], [75.06227493286133], [147607.18512535095], [2480.052709579468]], "62": [[118.09802055358887], [85.07037162780762], [140181.03766441345], [2188.8110637664795]], "64": [[122.1010684967041], [95.07870674133301], [95316.78056716919], [2768.2905197143555]], "66": [[117.0966625213623], [87.07213401794434], [247223.87313842773], [3035.5122089385986]], "68": [[130.10764122009277], [92.07630157470703], [155612.16759681702], [2941.434144973755]], "70": [[129.1067600250244], [110.0912094116211], [157110.431432724], [2960.449695587158]]}}