{"cost": {"40": [[2180], [2631], [1404], [1839]], "42": [[2399], [3054], [1663], [2110]], "44": [[2859], [3275], [2002], [2420]], "46": [[3216], [3748], [2192], [2606]], "48": [[3715], [3889], [2584], [3049]], "50": [[4335], [4945], [2989], [3604]], "52": [[4987], [5053], [3227], [3580]], "54": [[4731], [5148], [3050], [3526]], "56": [[5364], [5872], [3533], [4205]], "58": [[4949], [5323], [3709], [4181]], "60": [[6199], [7330], [4432], [5155]], "62": [[6894], [6808], [4533], [5123]], "64": [[7007], [7715], [4905], [5529]], "66": [[7071], [7771], [4759], [5312]], "68": [[8098], [8749], [5290], [5847]], "70": [[9586], [9161], [5718], [6635]]}, "running_time": {"40": [[46.03862762451172], [35.02917289733887], [59705.410957336426], [2940.4332637786865]], "42": [[47.039031982421875], [41.03398323059082], [90936.25664710999], [1438.190221786499]], "44": [[52.04367637634277], [41.03398323059082], [47467.28229522705], [1470.216989517212]], "46": [[58.04800987243652], [44.0363883972168], [52670.58825492859], [1604.3274402618408]], "48": [[64.05329704284668], [46.037912368774414], [92923.90131950378], [1621.3414669036865]], "50": [[71.05851173400879], [56.046485900878906], [106267.9443359375], [1662.3756885528564]], "52": [[87.07213401794434], [55.04584312438965], [91786.97776794434], [1885.5605125427246]], "54": [[82.06820487976074], [61.0506534576416], [144123.40879440308], [1697.4048614501953]], "56": [[94.07734870910645], [73.06075096130371], [141591.38369560242], [2077.7196884155273]], "58": [[91.07518196105957], [70.05834579467773], [95684.20338630676], [2344.940423965454]], "60": [[103.08480262756348], [76.06291770935059], [195312.68429756165], [2268.8777446746826]], "62": [[105.0868034362793], [76.06220245361328], [135004.73403930664], [2206.826686859131]], "64": [[125.10323524475098], [88.0730152130127], [180069.6427822113], [2502.070188522339]], "66": [[117.09713935852051], [98.08111190795898], [99368.78943443298], [2949.4402408599854]], "68": [[131.10804557800293], [91.07565879821777], [307266.0667896271], [2718.249797821045]], "70": [[151.1247158050537], [105.0872802734375], [182463.15503120422], [2641.185760498047]]}}