{"cost": {"40": [[2506], [2835], [1456], [1959]], "42": [[2662], [2876], [1691], [2035]], "44": [[3095], [3264], [2036], [2435]], "46": [[3806], [3483], [2193], [2652]], "48": [[3869], [4438], [2481], [2974]], "50": [[4132], [4367], [2606], [3099]], "52": [[4389], [4001], [3067], [3551]], "54": [[4646], [5119], [3371], [3832]], "56": [[4855], [5260], [3530], [4173]], "58": [[5143], [5753], [3580], [4161]], "60": [[6057], [6228], [3913], [4432]], "62": [[6234], [8234], [4317], [4833]], "64": [[7161], [8008], [4763], [5277]], "66": [[7587], [8487], [5087], [5603]], "68": [[9086], [8210], [5506], [6104]], "70": [[8655], [9474], [5780], [6456]]}, "running_time": {"40": [[47.03927040100098], [34.027814865112305], [56377.65645980835], [3164.618730545044]], "42": [[53.04360389709473], [40.03334045410156], [34091.21322631836], [1151.9532203674316]], "44": [[56.046485900878906], [37.03045845031738], [60894.394397735596], [1213.0038738250732]], "46": [[63.05193901062012], [40.03310203552246], [79493.78681182861], [1368.131160736084]], "48": [[63.05217742919922], [52.04272270202637], [54282.923460006714], [1419.1746711730957]], "50": [[70.05810737609863], [56.046485900878906], [69005.10668754578], [1495.237112045288]], "52": [[79.06603813171387], [54.044485092163086], [63137.25185394287], [1848.529577255249]], "54": [[75.06227493286133], [62.05153465270996], [71486.17768287659], [1819.5056915283203]], "56": [[86.07101440429688], [82.06820487976074], [120333.72116088867], [1895.569086074829]], "58": [[88.0727767944336], [78.0646800994873], [111169.69013214111], [2110.7466220855713]], "60": [[101.08304023742676], [78.0644416809082], [68580.27291297913], [2723.2537269592285]], "62": [[107.08856582641602], [85.07061004638672], [132481.65607452393], [2506.0739517211914]], "64": [[128.10635566711426], [90.07430076599121], [168929.85081672668], [2353.9481163024902]], "66": [[134.1114044189453], [89.07389640808105], [92043.18070411682], [3229.673385620117]], "68": [[148.12254905700684], [109.09056663513184], [97079.3514251709], [2752.155065536499]], "70": [[139.07122611999512], [107.08832740783691], [184197.70574569702], [3443.849563598633]]}}