{"entropy": 60830460276340808066245751079856371960, "20": {"num_user": 100, "num_service": 77, "min_max_greedy": {"max_delay": 0.30758008924551544, "min_delay": 0.060641008256600105, "avg_delay": 0.12868128053656763, "min_max_difference": 0.24693908098891534, "running_time": 9.007453918457031}, "min_max_equal_weight": {"max_delay": 0.39299491317686686, "min_delay": 0.057420801692086555, "avg_delay": 0.12045889721159961, "min_max_difference": 0.3355741114847803, "running_time": 6.005048751831055}}, "40": {"num_user": 100, "num_service": 77, "min_max_greedy": {"max_delay": 0.24509866367836375, "min_delay": 0.06138402947553906, "avg_delay": 0.10996434586534633, "min_max_difference": 0.1837146342028247, "running_time": 13.010263442993164}, "min_max_equal_weight": {"max_delay": 0.3083231104644544, "min_delay": 0.057420801692086555, "avg_delay": 0.09117262831877898, "min_max_difference": 0.2509023087723678, "running_time": 11.00921630859375}}, "60": {"num_user": 100, "num_service": 77, "min_max_greedy": {"max_delay": 0.14416198197094754, "min_delay": 0.05931714271793886, "avg_delay": 0.08213726774997517, "min_max_difference": 0.08484483925300867, "running_time": 20.016908645629883}, "min_max_equal_weight": {"max_delay": 0.2446440253094515, "min_delay": 0.0566777804731476, "avg_delay": 0.07517254456445571, "min_max_difference": 0.18796624483630392, "running_time": 14.011859893798828}}, "80": {"num_user": 100, "num_service": 77, "min_max_greedy": {"max_delay": 0.08002426065597969, "min_delay": 0.05644031508873301, "avg_delay": 0.06726669921396268, "min_max_difference": 0.023583945567246675, "running_time": 27.022600173950195}, "min_max_equal_weight": {"max_delay": 0.08272358439449191, "min_delay": 0.05064602185341542, "avg_delay": 0.06650595772833587, "min_max_difference": 0.03207756254107649, "running_time": 21.01731300354004}}, "100": {"num_user": 100, "num_service": 77, "min_max_greedy": {"max_delay": 0.07931264350600638, "min_delay": 0.05644031508873301, "avg_delay": 0.06648640805862657, "min_max_difference": 0.022872328417273366, "running_time": 30.025482177734375}, "min_max_equal_weight": {"max_delay": 0.08272358439449191, "min_delay": 0.048083249474987766, "avg_delay": 0.06342160931570802, "min_max_difference": 0.03464033491950415, "running_time": 28.02300453186035}}, "120": {"num_user": 100, "num_service": 77, "min_max_greedy": {"max_delay": 0.07506504269821637, "min_delay": 0.0566777804731476, "avg_delay": 0.0653261637592534, "min_max_difference": 0.01838726222506877, "running_time": 33.02884101867676}, "min_max_equal_weight": {"max_delay": 0.07956158557517316, "min_delay": 0.048083249474987766, "avg_delay": 0.06090317207906038, "min_max_difference": 0.0314783361001854, "running_time": 32.02700614929199}}, "140": {"num_user": 100, "num_service": 77, "min_max_greedy": {"max_delay": 0.07190881090297441, "min_delay": 0.053530515929747086, "avg_delay": 0.06281417471935287, "min_max_difference": 0.01837829497322732, "running_time": 42.03629493713379}, "min_max_equal_weight": {"max_delay": 0.07842842117690288, "min_delay": 0.04708423857672912, "avg_delay": 0.05896118460204316, "min_max_difference": 0.031344182600173756, "running_time": 38.03133964538574}}, "160": {"num_user": 100, "num_service": 77, "min_max_greedy": {"max_delay": 0.0684783566178424, "min_delay": 0.054511002533100636, "avg_delay": 0.06185961842443866, "min_max_difference": 0.01396735408474177, "running_time": 50.04167556762695}, "min_max_equal_weight": {"max_delay": 0.07842842117690288, "min_delay": 0.04708423857672912, "avg_delay": 0.05743832286012828, "min_max_difference": 0.031344182600173756, "running_time": 44.0366268157959}}, "180": {"num_user": 100, "num_service": 77, "min_max_greedy": {"max_delay": 0.06592576358034252, "min_delay": 0.05162650845676897, "avg_delay": 0.060055464920779074, "min_max_difference": 0.014299255123573551, "running_time": 58.04800987243652}, "min_max_equal_weight": {"max_delay": 0.07842842117690288, "min_delay": 0.04708423857672912, "avg_delay": 0.05631487343165206, "min_max_difference": 0.031344182600173756, "running_time": 50.04143714904785}}, "200": {"num_user": 100, "num_service": 77, "min_max_greedy": {"max_delay": 0.0643793988607514, "min_delay": 0.04906373607834131, "avg_delay": 0.05839050365702048, "min_max_difference": 0.015315662782410096, "running_time": 64.05329704284668}, "min_max_equal_weight": {"max_delay": 0.07646818194381419, "min_delay": 0.04571273670149857, "avg_delay": 0.05546499815140581, "min_max_difference": 0.03075544524231562, "running_time": 54.0461540222168}}}