{"entropy": 126167566247481769454145241310297215602, "20": {"num_user": 100, "num_service": 74, "min_max_greedy": {"max_delay": 5.051106193450016, "min_delay": 0.061819750420097117, "avg_delay": 0.6566803769873156, "min_max_difference": 4.989286443029918, "running_time": 5.003929138183594}, "min_max_equal_weight": {"max_delay": 5.052268235625377, "min_delay": 0.06240260352314893, "avg_delay": 0.45983573948755746, "min_max_difference": 4.989865632102227, "running_time": 5.004405975341797}}, "40": {"num_user": 100, "num_service": 74, "min_max_greedy": {"max_delay": 0.5172528468412425, "min_delay": 0.06240260352314893, "avg_delay": 0.1513439681040361, "min_max_difference": 0.4548502433180936, "running_time": 10.008811950683594}, "min_max_equal_weight": {"max_delay": 0.5172528468412425, "min_delay": 0.06167983169318099, "avg_delay": 0.12855981583208748, "min_max_difference": 0.45557301514806153, "running_time": 7.0056915283203125}}, "60": {"num_user": 100, "num_service": 74, "min_max_greedy": {"max_delay": 0.16566906217759797, "min_delay": 0.06065087631623838, "avg_delay": 0.0841668448691722, "min_max_difference": 0.10501818586135958, "running_time": 18.013715744018555}, "min_max_equal_weight": {"max_delay": 0.1708077155811446, "min_delay": 0.05781975042009711, "avg_delay": 0.07994726922208698, "min_max_difference": 0.11298796516104749, "running_time": 13.010501861572266}}, "80": {"num_user": 100, "num_service": 74, "min_max_greedy": {"max_delay": 0.11630877510000535, "min_delay": 0.061147550602364036, "avg_delay": 0.07543055428754543, "min_max_difference": 0.05516122449764132, "running_time": 24.019956588745117}, "min_max_equal_weight": {"max_delay": 0.16905001577863998, "min_delay": 0.05606205061759251, "avg_delay": 0.07224403031549816, "min_max_difference": 0.11298796516104748, "running_time": 18.01466941833496}}, "100": {"num_user": 100, "num_service": 74, "min_max_greedy": {"max_delay": 0.08435264743979068, "min_delay": 0.056030312750040084, "avg_delay": 0.06931355732996958, "min_max_difference": 0.028322334689750595, "running_time": 31.026124954223633}, "min_max_equal_weight": {"max_delay": 0.08121780831994355, "min_delay": 0.05606205061759251, "avg_delay": 0.06649962867781396, "min_max_difference": 0.02515575770235104, "running_time": 22.017955780029297}}, "120": {"num_user": 100, "num_service": 74, "min_max_greedy": {"max_delay": 0.0806238837708238, "min_delay": 0.056030312750040084, "avg_delay": 0.06695132145998466, "min_max_difference": 0.024593571020783717, "running_time": 35.02917289733887}, "min_max_equal_weight": {"max_delay": 0.08121780831994355, "min_delay": 0.053845625853519666, "avg_delay": 0.06366379381781477, "min_max_difference": 0.02737218246642388, "running_time": 29.024600982666016}}, "140": {"num_user": 100, "num_service": 74, "min_max_greedy": {"max_delay": 0.07746460430435988, "min_delay": 0.056030312750040084, "avg_delay": 0.06564205262345724, "min_max_difference": 0.021434291554319793, "running_time": 40.03286361694336}, "min_max_equal_weight": {"max_delay": 0.08078214054426952, "min_delay": 0.05078467250690601, "avg_delay": 0.061624344334848535, "min_max_difference": 0.029997468037363507, "running_time": 32.027244567871094}}, "160": {"num_user": 100, "num_service": 74, "min_max_greedy": {"max_delay": 0.07521399403624407, "min_delay": 0.055329811140985286, "avg_delay": 0.0644669635824981, "min_max_difference": 0.019884182895258784, "running_time": 42.03510284423828}, "min_max_equal_weight": {"max_delay": 0.07843051619264517, "min_delay": 0.05078467250690601, "avg_delay": 0.060137204438820396, "min_max_difference": 0.027645843685739156, "running_time": 37.030696868896484}}, "180": {"num_user": 100, "num_service": 74, "min_max_greedy": {"max_delay": 0.07044156625679499, "min_delay": 0.055062606818775964, "avg_delay": 0.06224534811256485, "min_max_difference": 0.015378959438019021, "running_time": 48.039913177490234}, "min_max_equal_weight": {"max_delay": 0.07538957185619759, "min_delay": 0.05078467250690601, "avg_delay": 0.0587584185159726, "min_max_difference": 0.024604899349291574, "running_time": 39.0324592590332}}, "200": {"num_user": 100, "num_service": 74, "min_max_greedy": {"max_delay": 0.06717227818028426, "min_delay": 0.05237037944801219, "avg_delay": 0.06093113330059045, "min_max_difference": 0.01480189873227207, "running_time": 53.04360389709473}, "min_max_equal_weight": {"max_delay": 0.07538957185619759, "min_delay": 0.0464767589684107, "avg_delay": 0.05752548174502469, "min_max_difference": 0.02891281288778689, "running_time": 43.03574562072754}}}