{"entropy": 139532694507260824688883350130626895514, "20": {"num_user": 100, "num_service": 76, "min_max_greedy": {"max_delay": 0.5121993668403918, "min_delay": 0.06513231413904295, "avg_delay": 0.10529989147478856, "min_max_difference": 0.44706705270134883, "running_time": 6.00433349609375}, "min_max_equal_weight": {"max_delay": 0.5138766408333382, "min_delay": 0.05916467723062881, "avg_delay": 0.09713963062721237, "min_max_difference": 0.4547119636027094, "running_time": 5.004167556762695}}, "40": {"num_user": 100, "num_service": 76, "min_max_greedy": {"max_delay": 0.10842681895175398, "min_delay": 0.05871855626075167, "avg_delay": 0.07785045362101749, "min_max_difference": 0.04970826269100231, "running_time": 11.010169982910156}, "min_max_equal_weight": {"max_delay": 0.09428902293654041, "min_delay": 0.05916467723062881, "avg_delay": 0.07417400111966989, "min_max_difference": 0.03512434570591161, "running_time": 8.007287979125977}}, "60": {"num_user": 100, "num_service": 76, "min_max_greedy": {"max_delay": 0.09455470335521918, "min_delay": 0.060106143169263784, "avg_delay": 0.07648067756564268, "min_max_difference": 0.03444856018595539, "running_time": 15.012979507446289}, "min_max_equal_weight": {"max_delay": 0.093798876230916, "min_delay": 0.05183975387778181, "avg_delay": 0.06996594379657017, "min_max_difference": 0.04195912235313419, "running_time": 16.013622283935547}}, "80": {"num_user": 100, "num_service": 76, "min_max_greedy": {"max_delay": 0.08931893365719898, "min_delay": 0.05603505746766157, "avg_delay": 0.07342810317878876, "min_max_difference": 0.03328387618953741, "running_time": 22.017955780029297}, "min_max_equal_weight": {"max_delay": 0.093798876230916, "min_delay": 0.05183975387778181, "avg_delay": 0.06692107612509517, "min_max_difference": 0.04195912235313419, "running_time": 20.01667022705078}}, "100": {"num_user": 100, "num_service": 76, "min_max_greedy": {"max_delay": 0.08711405270829142, "min_delay": 0.05603505746766157, "avg_delay": 0.07174074967929585, "min_max_difference": 0.031078995240629854, "running_time": 25.020837783813477}, "min_max_equal_weight": {"max_delay": 0.093798876230916, "min_delay": 0.04995014934601846, "avg_delay": 0.06458454534071523, "min_max_difference": 0.043848726884897535, "running_time": 25.020599365234375}}, "120": {"num_user": 100, "num_service": 76, "min_max_greedy": {"max_delay": 0.08590818864897909, "min_delay": 0.05603505746766157, "avg_delay": 0.06821548269782517, "min_max_difference": 0.02987313118131752, "running_time": 29.024362564086914}, "min_max_equal_weight": {"max_delay": 0.08835822558398826, "min_delay": 0.04909694834058311, "avg_delay": 0.0624641837154469, "min_max_difference": 0.03926127724340515, "running_time": 29.02388572692871}}, "140": {"num_user": 100, "num_service": 76, "min_max_greedy": {"max_delay": 0.07564692554915961, "min_delay": 0.05573162983089865, "avg_delay": 0.06597502276049698, "min_max_difference": 0.019915295718260957, "running_time": 34.028053283691406}, "min_max_equal_weight": {"max_delay": 0.08735822558398826, "min_delay": 0.04909694834058311, "avg_delay": 0.06050598237878035, "min_max_difference": 0.038261277243405147, "running_time": 31.02707862854004}}, "160": {"num_user": 100, "num_service": 76, "min_max_greedy": {"max_delay": 0.07279891159244338, "min_delay": 0.05473162983089865, "avg_delay": 0.06387239743632167, "min_max_difference": 0.018067281761544728, "running_time": 43.03574562072754}, "min_max_equal_weight": {"max_delay": 0.08533257222341124, "min_delay": 0.04909694834058311, "avg_delay": 0.058892285321730145, "min_max_difference": 0.03623562388282813, "running_time": 35.02941131591797}}, "180": {"num_user": 100, "num_service": 76, "min_max_greedy": {"max_delay": 0.07156125750547045, "min_delay": 0.05373162983089865, "avg_delay": 0.06240303569488684, "min_max_difference": 0.017829627674571795, "running_time": 49.04007911682129}, "min_max_equal_weight": {"max_delay": 0.08321375414425833, "min_delay": 0.04717746160435442, "avg_delay": 0.05755070211134703, "min_max_difference": 0.03603629253990391, "running_time": 39.0322208404541}}, "200": {"num_user": 100, "num_service": 76, "min_max_greedy": {"max_delay": 0.06803465607611253, "min_delay": 0.05373162983089865, "avg_delay": 0.061128927935111405, "min_max_difference": 0.01430302624521388, "running_time": 55.04608154296875}, "min_max_equal_weight": {"max_delay": 0.08321375414425833, "min_delay": 0.04717746160435442, "avg_delay": 0.05637311973214762, "min_max_difference": 0.03603629253990391, "running_time": 44.0371036529541}}}