{"entropy": 204448783999685812487991717644419570898, "20": {"num_user": 100, "num_service": 72, "min_max_greedy": {"max_delay": 0.1029737452809357, "min_delay": 0.059440908566987805, "avg_delay": 0.07933592691965931, "min_max_difference": 0.04353283671394789, "running_time": 6.005048751831055}, "min_max_equal_weight": {"max_delay": 0.10411470731734777, "min_delay": 0.05719585479532452, "avg_delay": 0.0757335529788768, "min_max_difference": 0.046918852522023255, "running_time": 6.005287170410156}}, "40": {"num_user": 100, "num_service": 72, "min_max_greedy": {"max_delay": 0.09702136432855475, "min_delay": 0.059440908566987805, "avg_delay": 0.07578156806568975, "min_max_difference": 0.03758045576156695, "running_time": 10.008573532104492}, "min_max_equal_weight": {"max_delay": 0.09705447103788958, "min_delay": 0.05278746799894675, "avg_delay": 0.07185912717460095, "min_max_difference": 0.044267003038942834, "running_time": 8.00633430480957}}, "60": {"num_user": 100, "num_service": 72, "min_max_greedy": {"max_delay": 0.09025831359432929, "min_delay": 0.05572787793450283, "avg_delay": 0.0738540807724542, "min_max_difference": 0.034530435659826456, "running_time": 13.010740280151367}, "min_max_equal_weight": {"max_delay": 0.09705447103788958, "min_delay": 0.05278746799894675, "avg_delay": 0.06883237250538819, "min_max_difference": 0.044267003038942834, "running_time": 12.01009750366211}}, "80": {"num_user": 100, "num_service": 72, "min_max_greedy": {"max_delay": 0.08830461250663035, "min_delay": 0.05572787793450283, "avg_delay": 0.0720347050033665, "min_max_difference": 0.03257673457212752, "running_time": 17.014265060424805}, "min_max_equal_weight": {"max_delay": 0.09264679093034664, "min_delay": 0.05278746799894675, "avg_delay": 0.0662241435227012, "min_max_difference": 0.03985932293139989, "running_time": 14.01066780090332}}, "100": {"num_user": 100, "num_service": 72, "min_max_greedy": {"max_delay": 0.08426136028831513, "min_delay": 0.05572787793450283, "avg_delay": 0.06956699153794449, "min_max_difference": 0.028533482353812298, "running_time": 21.01755142211914}, "min_max_equal_weight": {"max_delay": 0.09264679093034664, "min_delay": 0.04821186177382779, "avg_delay": 0.06418575775244503, "min_max_difference": 0.04443492915651885, "running_time": 16.012191772460938}}, "120": {"num_user": 100, "num_service": 72, "min_max_greedy": {"max_delay": 0.08141484026886775, "min_delay": 0.05572787793450283, "avg_delay": 0.06752080235581367, "min_max_difference": 0.02568696233436492, "running_time": 24.02019500732422}, "min_max_equal_weight": {"max_delay": 0.09264679093034664, "min_delay": 0.0475735702923908, "avg_delay": 0.062472565697497144, "min_max_difference": 0.04507322063795584, "running_time": 20.01667022705078}}, "140": {"num_user": 100, "num_service": 72, "min_max_greedy": {"max_delay": 0.08033984201880648, "min_delay": 0.054976577738007, "avg_delay": 0.06518435976016262, "min_max_difference": 0.025363264280799477, "running_time": 29.024124145507812}, "min_max_equal_weight": {"max_delay": 0.09179305437902358, "min_delay": 0.04821186177382779, "avg_delay": 0.060774392060865566, "min_max_difference": 0.04358119260519579, "running_time": 23.01955223083496}}, "160": {"num_user": 100, "num_service": 72, "min_max_greedy": {"max_delay": 0.07770278120197038, "min_delay": 0.05040097151288803, "avg_delay": 0.06424394524656565, "min_max_difference": 0.02730180968908235, "running_time": 31.02564811706543}, "min_max_equal_weight": {"max_delay": 0.09179305437902358, "min_delay": 0.04821186177382779, "avg_delay": 0.05927073303652174, "min_max_difference": 0.04358119260519579, "running_time": 27.022600173950195}}, "180": {"num_user": 100, "num_service": 72, "min_max_greedy": {"max_delay": 0.07356938034043269, "min_delay": 0.04860454226391844, "avg_delay": 0.061388791895227605, "min_max_difference": 0.024964838076514242, "running_time": 34.02853012084961}, "min_max_equal_weight": {"max_delay": 0.09124244531806541, "min_delay": 0.04821186177382779, "avg_delay": 0.05786524987943745, "min_max_difference": 0.043030583544237624, "running_time": 28.023481369018555}}, "200": {"num_user": 100, "num_service": 72, "min_max_greedy": {"max_delay": 0.0707866006759245, "min_delay": 0.05040097151288803, "avg_delay": 0.061014283105122885, "min_max_difference": 0.02038562916303647, "running_time": 40.03310203552246}, "min_max_equal_weight": {"max_delay": 0.08032677728122309, "min_delay": 0.04745240059541132, "avg_delay": 0.056761708351861416, "min_max_difference": 0.032874376685811765, "running_time": 31.025409698486328}}}