{"entropy": 203867444480239630142077081073135480667, "20": {"num_user": 100, "num_service": 77, "min_max_greedy": {"max_delay": 0.7637559151405866, "min_delay": 0.06350886448250394, "avg_delay": 0.1690487268412431, "min_max_difference": 0.7002470506580827, "running_time": 4.003047943115234}, "min_max_equal_weight": {"max_delay": 0.7685580346968044, "min_delay": 0.06350886448250394, "avg_delay": 0.13086312631145602, "min_max_difference": 0.7050491702143005, "running_time": 7.005214691162109}}, "40": {"num_user": 100, "num_service": 77, "min_max_greedy": {"max_delay": 0.16541191508824007, "min_delay": 0.06350886448250394, "avg_delay": 0.09773607745586635, "min_max_difference": 0.10190305060573614, "running_time": 13.009786605834961}, "min_max_equal_weight": {"max_delay": 0.16541191508824007, "min_delay": 0.060906735166442544, "avg_delay": 0.09668819366103217, "min_max_difference": 0.10450517992179753, "running_time": 11.008262634277344}}, "60": {"num_user": 100, "num_service": 77, "min_max_greedy": {"max_delay": 0.15960979553202215, "min_delay": 0.06350886448250394, "avg_delay": 0.09003853103762605, "min_max_difference": 0.09610093104951821, "running_time": 17.0137882232666}, "min_max_equal_weight": {"max_delay": 0.15888647046637738, "min_delay": 0.056433939940968444, "avg_delay": 0.08410490719300366, "min_max_difference": 0.10245253052540894, "running_time": 13.010978698730469}}, "80": {"num_user": 100, "num_service": 77, "min_max_greedy": {"max_delay": 0.15798278507846492, "min_delay": 0.06350886448250394, "avg_delay": 0.0857621163608259, "min_max_difference": 0.09447392059596098, "running_time": 19.015789031982422}, "min_max_equal_weight": {"max_delay": 0.1551989051581224, "min_delay": 0.0482500161726708, "avg_delay": 0.0777915960002973, "min_max_difference": 0.1069488889854516, "running_time": 16.012907028198242}}, "100": {"num_user": 100, "num_service": 77, "min_max_greedy": {"max_delay": 0.15547940956656742, "min_delay": 0.06350886448250394, "avg_delay": 0.07891985287794567, "min_max_difference": 0.09197054508406348, "running_time": 24.019956588745117}, "min_max_equal_weight": {"max_delay": 0.1531989051581224, "min_delay": 0.0482500161726708, "avg_delay": 0.07344870534784745, "min_max_difference": 0.1049488889854516, "running_time": 20.01643180847168}}, "120": {"num_user": 100, "num_service": 77, "min_max_greedy": {"max_delay": 0.0960429657771314, "min_delay": 0.06350886448250394, "avg_delay": 0.07626554131477714, "min_max_difference": 0.03253410129462746, "running_time": 26.021480560302734}, "min_max_equal_weight": {"max_delay": 0.1531989051581224, "min_delay": 0.0482500161726708, "avg_delay": 0.07001557682174855, "min_max_difference": 0.1049488889854516, "running_time": 23.018836975097656}}, "140": {"num_user": 100, "num_service": 77, "min_max_greedy": {"max_delay": 0.08782902059599355, "min_delay": 0.061477360861420006, "avg_delay": 0.07446651268696863, "min_max_difference": 0.026351659734573547, "running_time": 30.02452850341797}, "min_max_equal_weight": {"max_delay": 0.09345220380278635, "min_delay": 0.047443134118668254, "avg_delay": 0.06668762540090988, "min_max_difference": 0.046009069684118095, "running_time": 27.022123336791992}}, "160": {"num_user": 100, "num_service": 77, "min_max_greedy": {"max_delay": 0.08279875680764581, "min_delay": 0.061477360861420006, "avg_delay": 0.07085786216439696, "min_max_difference": 0.021321395946225806, "running_time": 37.02950477600098}, "min_max_equal_weight": {"max_delay": 0.09120726358936862, "min_delay": 0.047443134118668254, "avg_delay": 0.06391860062395577, "min_max_difference": 0.043764129470700366, "running_time": 32.02652931213379}}, "180": {"num_user": 100, "num_service": 77, "min_max_greedy": {"max_delay": 0.07690843330586242, "min_delay": 0.06140335965454505, "avg_delay": 0.06937644629594474, "min_max_difference": 0.01550507365131737, "running_time": 42.03486442565918}, "min_max_equal_weight": {"max_delay": 0.09071063910126613, "min_delay": 0.047443134118668254, "avg_delay": 0.06206201846855617, "min_max_difference": 0.043267504982597876, "running_time": 37.03022003173828}}, "200": {"num_user": 100, "num_service": 77, "min_max_greedy": {"max_delay": 0.0744847553308095, "min_delay": 0.05509405293440548, "avg_delay": 0.06768081530788538, "min_max_difference": 0.019390702396404023, "running_time": 48.03872108459473}, "min_max_equal_weight": {"max_delay": 0.08866613849961788, "min_delay": 0.046841638164528104, "avg_delay": 0.06052449305925141, "min_max_difference": 0.041824500335089776, "running_time": 42.03510284423828}}}