{"entropy": 125492178483726862098421697275358620505, "20": {"num_user": 100, "num_service": 74, "min_max_greedy": {"max_delay": 0.11170858561225555, "min_delay": 0.06466672623642145, "avg_delay": 0.08550391819229147, "min_max_difference": 0.047041859375834105, "running_time": 9.006261825561523}, "min_max_equal_weight": {"max_delay": 0.10296980760022996, "min_delay": 0.05372718574507681, "avg_delay": 0.07696182289918015, "min_max_difference": 0.04924262185515315, "running_time": 8.007526397705078}}, "40": {"num_user": 100, "num_service": 74, "min_max_greedy": {"max_delay": 0.09996980760022996, "min_delay": 0.05592794822439587, "avg_delay": 0.07520253764393357, "min_max_difference": 0.04404185937583409, "running_time": 13.010740280151367}, "min_max_equal_weight": {"max_delay": 0.09076095611877619, "min_delay": 0.05072012670202408, "avg_delay": 0.07033287942616251, "min_max_difference": 0.040040829416752105, "running_time": 11.00921630859375}}, "60": {"num_user": 100, "num_service": 74, "min_max_greedy": {"max_delay": 0.0884913623800007, "min_delay": 0.05592794822439587, "avg_delay": 0.07363993510760128, "min_max_difference": 0.03256341415560483, "running_time": 16.013383865356445}, "min_max_equal_weight": {"max_delay": 0.09076095611877619, "min_delay": 0.04804572540160468, "avg_delay": 0.0669370379858694, "min_max_difference": 0.04271523071717151, "running_time": 15.013694763183594}}, "80": {"num_user": 100, "num_service": 74, "min_max_greedy": {"max_delay": 0.09482024814327292, "min_delay": 0.06466672623642145, "avg_delay": 0.07925137795833485, "min_max_difference": 0.03015352190685147, "running_time": 20.01667022705078}, "min_max_equal_weight": {"max_delay": 0.08732132455293103, "min_delay": 0.04804572540160468, "avg_delay": 0.06422274782282927, "min_max_difference": 0.03927559915132635, "running_time": 19.016027450561523}}, "100": {"num_user": 100, "num_service": 74, "min_max_greedy": {"max_delay": 0.09290594380961373, "min_delay": 0.06466672623642145, "avg_delay": 0.07768877542200256, "min_max_difference": 0.028239217573192282, "running_time": 22.0181941986084}, "min_max_equal_weight": {"max_delay": 0.08732132455293103, "min_delay": 0.04804572540160468, "avg_delay": 0.0621750901906288, "min_max_difference": 0.03927559915132635, "running_time": 21.017074584960938}}, "120": {"num_user": 100, "num_service": 74, "min_max_greedy": {"max_delay": 0.08962006985904139, "min_delay": 0.06097875595576317, "avg_delay": 0.07447368932701048, "min_max_difference": 0.028641313903278218, "running_time": 27.022600173950195}, "min_max_equal_weight": {"max_delay": 0.08705303055822297, "min_delay": 0.047777431406896616, "avg_delay": 0.06022414988690527, "min_max_difference": 0.039275599151326356, "running_time": 24.019956588745117}}, "140": {"num_user": 100, "num_service": 74, "min_max_greedy": {"max_delay": 0.08373546389691493, "min_delay": 0.060724571464970074, "avg_delay": 0.07093336212325768, "min_max_difference": 0.023010892431944853, "running_time": 31.02588653564453}, "min_max_equal_weight": {"max_delay": 0.08390774133102283, "min_delay": 0.04692377558862955, "avg_delay": 0.05865874440420396, "min_max_difference": 0.03698396574239328, "running_time": 30.025005340576172}}, "160": {"num_user": 100, "num_service": 74, "min_max_greedy": {"max_delay": 0.07995917217780923, "min_delay": 0.060724571464970074, "avg_delay": 0.06976319726330997, "min_max_difference": 0.01923460071283916, "running_time": 37.03045845031738}, "min_max_equal_weight": {"max_delay": 0.08390774133102283, "min_delay": 0.04681081524748129, "avg_delay": 0.057569040456089474, "min_max_difference": 0.03709692608354154, "running_time": 34.02829170227051}}, "180": {"num_user": 100, "num_service": 74, "min_max_greedy": {"max_delay": 0.06693840555537539, "min_delay": 0.051985793452944504, "avg_delay": 0.05997487663102776, "min_max_difference": 0.014952612102430887, "running_time": 43.03574562072754}, "min_max_equal_weight": {"max_delay": 0.08390774133102283, "min_delay": 0.04681081524748129, "avg_delay": 0.056527305431867944, "min_max_difference": 0.03709692608354154, "running_time": 37.03045845031738}}, "200": {"num_user": 100, "num_service": 74, "min_max_greedy": {"max_delay": 0.06501570605793976, "min_delay": 0.048004479097823474, "avg_delay": 0.05815952424659723, "min_max_difference": 0.017011226960116282, "running_time": 48.03967475891113}, "min_max_equal_weight": {"max_delay": 0.07335295105525663, "min_delay": 0.04681081524748129, "avg_delay": 0.05548557040764642, "min_max_difference": 0.02654213580777534, "running_time": 38.031578063964844}}}