{"entropy": 266216782327789113975200644214589879035, "20": {"num_user": 100, "num_service": 76, "min_max_greedy": {"max_delay": 0.31269149610240377, "min_delay": 0.06398738341924796, "avg_delay": 0.11643159202271422, "min_max_difference": 0.2487041126831558, "running_time": 6.004810333251953}, "min_max_equal_weight": {"max_delay": 0.32153807741707013, "min_delay": 0.06151346771371825, "avg_delay": 0.10465971745933388, "min_max_difference": 0.2600246097033519, "running_time": 4.003286361694336}}, "40": {"num_user": 100, "num_service": 76, "min_max_greedy": {"max_delay": 0.161080154410176, "min_delay": 0.05988608297443884, "avg_delay": 0.08910590281758068, "min_max_difference": 0.10119407143573717, "running_time": 12.007713317871094}, "min_max_equal_weight": {"max_delay": 0.31269149610240377, "min_delay": 0.05988608297443884, "avg_delay": 0.08577709902090146, "min_max_difference": 0.2528054131279649, "running_time": 9.008646011352539}}, "60": {"num_user": 100, "num_service": 76, "min_max_greedy": {"max_delay": 0.10833677723631313, "min_delay": 0.05988608297443884, "avg_delay": 0.07810241655884512, "min_max_difference": 0.04845069426187429, "running_time": 18.015146255493164}, "min_max_equal_weight": {"max_delay": 0.13239656257580118, "min_delay": 0.05773865646727412, "avg_delay": 0.07565123539815849, "min_max_difference": 0.07465790610852706, "running_time": 14.011859893798828}}, "80": {"num_user": 100, "num_service": 76, "min_max_greedy": {"max_delay": 0.10214271786247846, "min_delay": 0.05988608297443884, "avg_delay": 0.075806041653185, "min_max_difference": 0.042256634888039615, "running_time": 20.01667022705078}, "min_max_equal_weight": {"max_delay": 0.1061893507291484, "min_delay": 0.0560802723374848, "avg_delay": 0.07112490158584021, "min_max_difference": 0.0501090783916636, "running_time": 18.01443099975586}}, "100": {"num_user": 100, "num_service": 76, "min_max_greedy": {"max_delay": 0.08642868245296505, "min_delay": 0.05988608297443884, "avg_delay": 0.07247044937142016, "min_max_difference": 0.026542599478526205, "running_time": 24.019479751586914}, "min_max_equal_weight": {"max_delay": 0.1061893507291484, "min_delay": 0.0560802723374848, "avg_delay": 0.0680630683782934, "min_max_difference": 0.0501090783916636, "running_time": 20.016908645629883}}, "120": {"num_user": 100, "num_service": 76, "min_max_greedy": {"max_delay": 0.08298568100996359, "min_delay": 0.05983312333912329, "avg_delay": 0.07041091096808338, "min_max_difference": 0.023152557670840304, "running_time": 27.022838592529297}, "min_max_equal_weight": {"max_delay": 0.1009281706288317, "min_delay": 0.0551796543554937, "avg_delay": 0.06524713807486592, "min_max_difference": 0.04574851627333801, "running_time": 24.019718170166016}}, "140": {"num_user": 100, "num_service": 76, "min_max_greedy": {"max_delay": 0.0787103399085035, "min_delay": 0.05877943509508744, "avg_delay": 0.06809170331375738, "min_max_difference": 0.019930904813416056, "running_time": 33.02741050720215}, "min_max_equal_weight": {"max_delay": 0.10042282004195578, "min_delay": 0.051393226493830324, "avg_delay": 0.06293455200968456, "min_max_difference": 0.04902959354812546, "running_time": 28.024673461914062}}, "160": {"num_user": 100, "num_service": 76, "min_max_greedy": {"max_delay": 0.07755619973309408, "min_delay": 0.05877943509508744, "avg_delay": 0.06686738026355941, "min_max_difference": 0.018776764638006635, "running_time": 38.031816482543945}, "min_max_equal_weight": {"max_delay": 0.10042282004195578, "min_delay": 0.04915887444556753, "avg_delay": 0.061091982434086846, "min_max_difference": 0.05126394559638825, "running_time": 33.02741050720215}}, "180": {"num_user": 100, "num_service": 76, "min_max_greedy": {"max_delay": 0.07451816911038871, "min_delay": 0.05867813465027832, "avg_delay": 0.06475258108531272, "min_max_difference": 0.01584003446011039, "running_time": 45.03798484802246}, "min_max_equal_weight": {"max_delay": 0.07637581868948788, "min_delay": 0.048260793426974376, "avg_delay": 0.05957518889814631, "min_max_difference": 0.028115025262513506, "running_time": 35.02798080444336}}, "200": {"num_user": 100, "num_service": 76, "min_max_greedy": {"max_delay": 0.07006386214197788, "min_delay": 0.05326462430863493, "avg_delay": 0.06288040439099409, "min_max_difference": 0.016799237833342952, "running_time": 51.043033599853516}, "min_max_equal_weight": {"max_delay": 0.07574843395020847, "min_delay": 0.048260793426974376, "avg_delay": 0.058318019396492185, "min_max_difference": 0.027487640523234096, "running_time": 40.03310203552246}}}