{"entropy": 58940202505142778438975236058959496316, "20": {"num_user": 100, "num_service": 80, "min_max_greedy": {"max_delay": 0.7665189776094928, "min_delay": 0.06988047547915051, "avg_delay": 0.14446683298299448, "min_max_difference": 0.6966385021303423, "running_time": 4.003047943115234}, "min_max_equal_weight": {"max_delay": 0.765933407810014, "min_delay": 0.05369136799985415, "avg_delay": 0.12753325581863598, "min_max_difference": 0.7122420398101598, "running_time": 4.002571105957031}}, "40": {"num_user": 100, "num_service": 80, "min_max_greedy": {"max_delay": 0.19215389756361007, "min_delay": 0.06988047547915051, "avg_delay": 0.10310112870097762, "min_max_difference": 0.12227342208445956, "running_time": 7.004976272583008}, "min_max_equal_weight": {"max_delay": 0.7521109440418982, "min_delay": 0.05369136799985415, "avg_delay": 0.09995611963062472, "min_max_difference": 0.698419576042044, "running_time": 6.005764007568359}}, "60": {"num_user": 100, "num_service": 80, "min_max_greedy": {"max_delay": 0.13144703685674938, "min_delay": 0.06955797404222291, "avg_delay": 0.09045512094168022, "min_max_difference": 0.06188906281452647, "running_time": 10.00833511352539}, "min_max_equal_weight": {"max_delay": 0.127987843433647, "min_delay": 0.05054310924915986, "avg_delay": 0.08027015068334176, "min_max_difference": 0.07744473418448714, "running_time": 11.00921630859375}}, "80": {"num_user": 100, "num_service": 80, "min_max_greedy": {"max_delay": 0.11474913670866038, "min_delay": 0.06955797404222291, "avg_delay": 0.08768128253333332, "min_max_difference": 0.04519116266643747, "running_time": 12.01009750366211}, "min_max_equal_weight": {"max_delay": 0.11723497044274897, "min_delay": 0.05054310924915986, "avg_delay": 0.07463800671726711, "min_max_difference": 0.06669186119358911, "running_time": 14.011621475219727}}, "100": {"num_user": 100, "num_service": 80, "min_max_greedy": {"max_delay": 0.11274913670866038, "min_delay": 0.06659466774120348, "avg_delay": 0.08459140206539263, "min_max_difference": 0.046154468967456896, "running_time": 16.013383865356445}, "min_max_equal_weight": {"max_delay": 0.1159680413430045, "min_delay": 0.04991664320077659, "avg_delay": 0.07086684991319953, "min_max_difference": 0.06605139814222791, "running_time": 18.015146255493164}}, "120": {"num_user": 100, "num_service": 80, "min_max_greedy": {"max_delay": 0.10435259886647036, "min_delay": 0.06659466774120348, "avg_delay": 0.08321812185741898, "min_max_difference": 0.037757931125266875, "running_time": 19.015789031982422}, "min_max_equal_weight": {"max_delay": 0.1159680413430045, "min_delay": 0.049152419091081145, "avg_delay": 0.06807261912953773, "min_max_difference": 0.06681562225192335, "running_time": 21.01755142211914}}, "140": {"num_user": 100, "num_service": 80, "min_max_greedy": {"max_delay": 0.10302265361105406, "min_delay": 0.06659466774120348, "avg_delay": 0.08150152159745196, "min_max_difference": 0.036427985869850577, "running_time": 21.01731300354004}, "min_max_equal_weight": {"max_delay": 0.1159680413430045, "min_delay": 0.0482594778745002, "avg_delay": 0.06537291825397651, "min_max_difference": 0.06770856346850429, "running_time": 24.02043342590332}}, "160": {"num_user": 100, "num_service": 80, "min_max_greedy": {"max_delay": 0.10135259886647036, "min_delay": 0.06612524198001161, "avg_delay": 0.07909828123349809, "min_max_difference": 0.03522735688645874, "running_time": 24.02019500732422}, "min_max_equal_weight": {"max_delay": 0.09441407992100204, "min_delay": 0.046221298475460394, "avg_delay": 0.06334737298062823, "min_max_difference": 0.04819278144554164, "running_time": 29.024124145507812}}, "180": {"num_user": 100, "num_service": 80, "min_max_greedy": {"max_delay": 0.09892667294054444, "min_delay": 0.06459466774120348, "avg_delay": 0.07772500102552445, "min_max_difference": 0.03433200519934096, "running_time": 27.022361755371094}, "min_max_equal_weight": {"max_delay": 0.0923876900277103, "min_delay": 0.046221298475460394, "avg_delay": 0.06196155411388973, "min_max_difference": 0.04616639155224991, "running_time": 32.02629089355469}}, "200": {"num_user": 100, "num_service": 80, "min_max_greedy": {"max_delay": 0.09053175138736397, "min_delay": 0.06359466774120348, "avg_delay": 0.07580462552394636, "min_max_difference": 0.026937083646160487, "running_time": 30.02476692199707}, "min_max_equal_weight": {"max_delay": 0.0923876900277103, "min_delay": 0.046221298475460394, "avg_delay": 0.06058827390591609, "min_max_difference": 0.04616639155224991, "running_time": 34.02853012084961}}}