{"entropy": 35429117717850557465850249627044652742, "20": {"num_user": 100, "num_service": 73, "min_max_greedy": {"max_delay": 0.09339199004511148, "min_delay": 0.05804240257165923, "avg_delay": 0.0739803725282509, "min_max_difference": 0.03534958747345225, "running_time": 8.006095886230469}, "min_max_equal_weight": {"max_delay": 0.09394657990308211, "min_delay": 0.050214458465383076, "avg_delay": 0.07008920810791609, "min_max_difference": 0.043732121437699036, "running_time": 6.005048751831055}}, "40": {"num_user": 100, "num_service": 73, "min_max_greedy": {"max_delay": 0.08406614393156098, "min_delay": 0.05551464890354341, "avg_delay": 0.06746150972191871, "min_max_difference": 0.02855149502801757, "running_time": 14.011383056640625}, "min_max_equal_weight": {"max_delay": 0.09012170019121826, "min_delay": 0.0490309942029964, "avg_delay": 0.06626264800048202, "min_max_difference": 0.041090705988221864, "running_time": 13.010740280151367}}, "60": {"num_user": 100, "num_service": 73, "min_max_greedy": {"max_delay": 0.08234622903158079, "min_delay": 0.05446577698196626, "avg_delay": 0.06887148604606583, "min_max_difference": 0.027880452049614528, "running_time": 17.0137882232666}, "min_max_equal_weight": {"max_delay": 0.08288175989724535, "min_delay": 0.0490309942029964, "avg_delay": 0.06357287179797627, "min_max_difference": 0.03385076569424895, "running_time": 16.012191772460938}}, "80": {"num_user": 100, "num_service": 73, "min_max_greedy": {"max_delay": 0.07725940344007426, "min_delay": 0.05004728706482383, "avg_delay": 0.06466118467036719, "min_max_difference": 0.02721211637525043, "running_time": 22.017955780029297}, "min_max_equal_weight": {"max_delay": 0.08288175989724535, "min_delay": 0.047235634586042796, "avg_delay": 0.061590636995402764, "min_max_difference": 0.03564612531120255, "running_time": 20.016193389892578}}, "100": {"num_user": 100, "num_service": 73, "min_max_greedy": {"max_delay": 0.0751824708863694, "min_delay": 0.05060635898821455, "avg_delay": 0.06410563642873449, "min_max_difference": 0.024576111898154847, "running_time": 25.020837783813477}, "min_max_equal_weight": {"max_delay": 0.08288175989724535, "min_delay": 0.047235634586042796, "avg_delay": 0.0599475933442148, "min_max_difference": 0.03564612531120255, "running_time": 23.019075393676758}}, "120": {"num_user": 100, "num_service": 73, "min_max_greedy": {"max_delay": 0.07351959016103192, "min_delay": 0.049214458465383075, "avg_delay": 0.06235012496525116, "min_max_difference": 0.024305131695648845, "running_time": 30.025005340576172}, "min_max_equal_weight": {"max_delay": 0.07499789855413996, "min_delay": 0.047168736868761836, "avg_delay": 0.05842767591388289, "min_max_difference": 0.027829161685378127, "running_time": 26.02243423461914}}, "140": {"num_user": 100, "num_service": 73, "min_max_greedy": {"max_delay": 0.07000564158623321, "min_delay": 0.04821672491017226, "avg_delay": 0.06029178556095829, "min_max_difference": 0.02178891667606095, "running_time": 36.03029251098633}, "min_max_equal_weight": {"max_delay": 0.07437303698331103, "min_delay": 0.047168736868761836, "avg_delay": 0.05712327950320768, "min_max_difference": 0.027204300114549197, "running_time": 29.024362564086914}}, "160": {"num_user": 100, "num_service": 73, "min_max_greedy": {"max_delay": 0.06850129207368125, "min_delay": 0.04796636293050462, "avg_delay": 0.058795098464829935, "min_max_difference": 0.020534929143176624, "running_time": 40.03334045410156}, "min_max_equal_weight": {"max_delay": 0.07388400597568998, "min_delay": 0.04525921378907642, "avg_delay": 0.056028509565779656, "min_max_difference": 0.028624792186613554, "running_time": 34.028053283691406}}, "180": {"num_user": 100, "num_service": 73, "min_max_greedy": {"max_delay": 0.06741229872935289, "min_delay": 0.04877579683356298, "avg_delay": 0.05795751849670265, "min_max_difference": 0.018636501895789914, "running_time": 42.03534126281738}, "min_max_equal_weight": {"max_delay": 0.07388400597568998, "min_delay": 0.04525921378907642, "avg_delay": 0.05507461480116055, "min_max_difference": 0.028624792186613554, "running_time": 36.03029251098633}}, "200": {"num_user": 100, "num_service": 73, "min_max_greedy": {"max_delay": 0.06342937964533456, "min_delay": 0.04803326064778558, "avg_delay": 0.05557498693334174, "min_max_difference": 0.015396118997548974, "running_time": 48.041343688964844}, "min_max_equal_weight": {"max_delay": 0.06968605277866248, "min_delay": 0.04525921378907642, "avg_delay": 0.05428443733480567, "min_max_difference": 0.024426838989586058, "running_time": 38.03110122680664}}}