{"entropy": 214857033051592577113757951073862748193, "20": {"num_user": 100, "num_service": 76, "min_max_greedy": {"max_delay": 0.1155865796399682, "min_delay": 0.06190341199524019, "avg_delay": 0.08058050942343406, "min_max_difference": 0.05368316764472801, "running_time": 11.00921630859375}, "min_max_equal_weight": {"max_delay": 0.1337270368938202, "min_delay": 0.06190341199524019, "avg_delay": 0.08056749902480487, "min_max_difference": 0.07182362489858002, "running_time": 8.00633430480957}}, "40": {"num_user": 100, "num_service": 76, "min_max_greedy": {"max_delay": 0.08929274986236198, "min_delay": 0.06028612839844349, "avg_delay": 0.074093142326417, "min_max_difference": 0.02900662146391849, "running_time": 18.01609992980957}, "min_max_equal_weight": {"max_delay": 0.08940043029889116, "min_delay": 0.04971287762575155, "avg_delay": 0.06965002460908312, "min_max_difference": 0.039687552673139614, "running_time": 14.011144638061523}}, "60": {"num_user": 100, "num_service": 76, "min_max_greedy": {"max_delay": 0.08306892555959032, "min_delay": 0.05713596631133154, "avg_delay": 0.07155874078715849, "min_max_difference": 0.02593295924825878, "running_time": 26.021480560302734}, "min_max_equal_weight": {"max_delay": 0.08537650685391508, "min_delay": 0.04971287762575155, "avg_delay": 0.06629813937887918, "min_max_difference": 0.03566362922816353, "running_time": 21.01755142211914}}, "80": {"num_user": 100, "num_service": 76, "min_max_greedy": {"max_delay": 0.07974228899764332, "min_delay": 0.05713596631133154, "avg_delay": 0.07011109083344329, "min_max_difference": 0.022606322686311783, "running_time": 30.02619743347168}, "min_max_equal_weight": {"max_delay": 0.08039233483699543, "min_delay": 0.04971287762575155, "avg_delay": 0.06348982532815493, "min_max_difference": 0.030679457211243877, "running_time": 23.018836975097656}}, "100": {"num_user": 100, "num_service": 76, "min_max_greedy": {"max_delay": 0.07677153738152763, "min_delay": 0.05713596631133154, "avg_delay": 0.06895948541129403, "min_max_difference": 0.01963557107019609, "running_time": 35.028934478759766}, "min_max_equal_weight": {"max_delay": 0.07984590858474719, "min_delay": 0.04708220677199707, "avg_delay": 0.061530524723485074, "min_max_difference": 0.032763701812750116, "running_time": 26.021480560302734}}, "120": {"num_user": 100, "num_service": 76, "min_max_greedy": {"max_delay": 0.07576088819317459, "min_delay": 0.05713596631133154, "avg_delay": 0.06768713588193984, "min_max_difference": 0.018624921881843046, "running_time": 39.03365135192871}, "min_max_equal_weight": {"max_delay": 0.07984590858474719, "min_delay": 0.04708220677199707, "avg_delay": 0.0599654650253647, "min_max_difference": 0.032763701812750116, "running_time": 32.026052474975586}}, "140": {"num_user": 100, "num_service": 76, "min_max_greedy": {"max_delay": 0.07476088819317459, "min_delay": 0.05713596631133154, "avg_delay": 0.0665218156368162, "min_max_difference": 0.017624921881843045, "running_time": 44.0363883972168}, "min_max_equal_weight": {"max_delay": 0.07132612845736994, "min_delay": 0.04708220677199707, "avg_delay": 0.05855671411246635, "min_max_difference": 0.024243921685372864, "running_time": 36.029815673828125}}, "160": {"num_user": 100, "num_service": 76, "min_max_greedy": {"max_delay": 0.07313331177108175, "min_delay": 0.05470725221958837, "avg_delay": 0.06492428066430747, "min_max_difference": 0.018426059551493373, "running_time": 47.03879356384277}, "min_max_equal_weight": {"max_delay": 0.07122443071829275, "min_delay": 0.04708220677199707, "avg_delay": 0.05731441624151404, "min_max_difference": 0.024142223946295678, "running_time": 39.03388977050781}}, "180": {"num_user": 100, "num_service": 76, "min_max_greedy": {"max_delay": 0.07112723629801185, "min_delay": 0.05470725221958837, "avg_delay": 0.06386109786404172, "min_max_difference": 0.016419984078423475, "running_time": 52.04296112060547}, "min_max_equal_weight": {"max_delay": 0.07122443071829275, "min_delay": 0.04708220677199707, "avg_delay": 0.05624112964710237, "min_max_difference": 0.024142223946295678, "running_time": 46.038150787353516}}, "200": {"num_user": 100, "num_service": 76, "min_max_greedy": {"max_delay": 0.06883046622566805, "min_delay": 0.05470725221958837, "avg_delay": 0.062422509638901405, "min_max_difference": 0.014123214006079673, "running_time": 58.04848670959473}, "min_max_equal_weight": {"max_delay": 0.07122443071829275, "min_delay": 0.04708220677199707, "avg_delay": 0.055272236076770884, "min_max_difference": 0.024142223946295678, "running_time": 48.03967475891113}}}