{"entropy": 223903444090652200074931117420671511176, "20": {"num_user": 100, "num_service": 75, "min_max_greedy": {"max_delay": 0.17005934920646576, "min_delay": 0.06469029012590245, "avg_delay": 0.1011200670002495, "min_max_difference": 0.10536905908056331, "running_time": 6.005287170410156}, "min_max_equal_weight": {"max_delay": 0.26028047563980816, "min_delay": 0.06036341981722664, "avg_delay": 0.0931539716038673, "min_max_difference": 0.1999170558225815, "running_time": 5.003929138183594}}, "40": {"num_user": 100, "num_service": 75, "min_max_greedy": {"max_delay": 0.13582246626914468, "min_delay": 0.06402178111155846, "avg_delay": 0.09096350676405, "min_max_difference": 0.07180068515758622, "running_time": 10.008573532104492}, "min_max_equal_weight": {"max_delay": 0.13899155998980817, "min_delay": 0.05649837088356099, "avg_delay": 0.0830048668188016, "min_max_difference": 0.08249318910624717, "running_time": 8.00633430480957}}, "60": {"num_user": 100, "num_service": 75, "min_max_greedy": {"max_delay": 0.11379301021661896, "min_delay": 0.061820655489724784, "avg_delay": 0.08619925260996779, "min_max_difference": 0.051972354726894175, "running_time": 15.012502670288086}, "min_max_equal_weight": {"max_delay": 0.13821192641919233, "min_delay": 0.05526872087665326, "avg_delay": 0.07725571656552187, "min_max_difference": 0.08294320554253908, "running_time": 12.010335922241211}}, "80": {"num_user": 100, "num_service": 75, "min_max_greedy": {"max_delay": 0.10150807001564993, "min_delay": 0.059875608570464596, "avg_delay": 0.08098145587104463, "min_max_difference": 0.041632461445185336, "running_time": 18.015146255493164}, "min_max_equal_weight": {"max_delay": 0.135977499589424, "min_delay": 0.04948068835092048, "avg_delay": 0.07355020289997163, "min_max_difference": 0.08649681123850353, "running_time": 15.012502670288086}}, "100": {"num_user": 100, "num_service": 75, "min_max_greedy": {"max_delay": 0.0975724748460122, "min_delay": 0.059875608570464596, "avg_delay": 0.0774801257473175, "min_max_difference": 0.0376968662755476, "running_time": 21.01755142211914}, "min_max_equal_weight": {"max_delay": 0.10830853304940338, "min_delay": 0.04948068835092048, "avg_delay": 0.06992184497366624, "min_max_difference": 0.0588278446984829, "running_time": 19.01555061340332}}, "120": {"num_user": 100, "num_service": 75, "min_max_greedy": {"max_delay": 0.09167247233012361, "min_delay": 0.05911213264619111, "avg_delay": 0.07266199900384662, "min_max_difference": 0.0325603396839325, "running_time": 27.0235538482666}, "min_max_equal_weight": {"max_delay": 0.10063445794019878, "min_delay": 0.04948068835092048, "avg_delay": 0.0675772554915617, "min_max_difference": 0.051153769589278295, "running_time": 21.01731300354004}}, "140": {"num_user": 100, "num_service": 75, "min_max_greedy": {"max_delay": 0.09000455844871176, "min_delay": 0.05911213264619111, "avg_delay": 0.07105448544194626, "min_max_difference": 0.03089242580252065, "running_time": 32.026052474975586}, "min_max_equal_weight": {"max_delay": 0.08883807893772311, "min_delay": 0.04948068835092048, "avg_delay": 0.06547877464560424, "min_max_difference": 0.039357390586802626, "running_time": 24.02019500732422}}, "160": {"num_user": 100, "num_service": 75, "min_max_greedy": {"max_delay": 0.08449079417019305, "min_delay": 0.055498370883560987, "avg_delay": 0.06597180530118174, "min_max_difference": 0.02899242328663206, "running_time": 36.03029251098633}, "min_max_equal_weight": {"max_delay": 0.0856111631154658, "min_delay": 0.04781546352582586, "avg_delay": 0.06361165873748763, "min_max_difference": 0.037795699589639936, "running_time": 29.02364730834961}}, "180": {"num_user": 100, "num_service": 75, "min_max_greedy": {"max_delay": 0.08543604691847918, "min_delay": 0.05911213264619111, "avg_delay": 0.06776259482031388, "min_max_difference": 0.02632391427228807, "running_time": 39.0315055847168}, "min_max_equal_weight": {"max_delay": 0.08371116059957721, "min_delay": 0.04781546352582586, "avg_delay": 0.06176747959382922, "min_max_difference": 0.035895697073751356, "running_time": 33.02717208862305}}, "200": {"num_user": 100, "num_service": 75, "min_max_greedy": {"max_delay": 0.08131512501847289, "min_delay": 0.05911213264619111, "avg_delay": 0.06644368060092898, "min_max_difference": 0.02220299237228178, "running_time": 43.03598403930664}, "min_max_equal_weight": {"max_delay": 0.0829522273211735, "min_delay": 0.04755033608867455, "avg_delay": 0.06014635345333009, "min_max_difference": 0.03540189123249894, "running_time": 36.02957725524902}}}