{"entropy": 34388598999166172289981024445702402227, "20": {"num_user": 100, "num_service": 76, "min_max_greedy": {"max_delay": 0.13773360207027294, "min_delay": 0.06199127388390789, "avg_delay": 0.08866347090150832, "min_max_difference": 0.07574232818636505, "running_time": 7.006645202636719}, "min_max_equal_weight": {"max_delay": 0.13773360207027294, "min_delay": 0.06199127388390789, "avg_delay": 0.08491159106002984, "min_max_difference": 0.07574232818636505, "running_time": 7.004499435424805}}, "40": {"num_user": 100, "num_service": 76, "min_max_greedy": {"max_delay": 0.11493735585460557, "min_delay": 0.0618380964621939, "avg_delay": 0.07962539564878622, "min_max_difference": 0.05309925939241167, "running_time": 13.010978698730469}, "min_max_equal_weight": {"max_delay": 0.1339136931439907, "min_delay": 0.05423881573852969, "avg_delay": 0.07472792878637714, "min_max_difference": 0.07967487740546102, "running_time": 10.008096694946289}}, "60": {"num_user": 100, "num_service": 76, "min_max_greedy": {"max_delay": 0.10325274166351833, "min_delay": 0.0618380964621939, "avg_delay": 0.07520584347461141, "min_max_difference": 0.04141464520132443, "running_time": 18.015146255493164}, "min_max_equal_weight": {"max_delay": 0.11117665096714562, "min_delay": 0.05219566147510074, "avg_delay": 0.06889113170046532, "min_max_difference": 0.058980989492044875, "running_time": 14.011859893798828}}, "80": {"num_user": 100, "num_service": 76, "min_max_greedy": {"max_delay": 0.09116381940853432, "min_delay": 0.06064142692754139, "avg_delay": 0.07054159804304345, "min_max_difference": 0.030522392480992935, "running_time": 24.019956588745117}, "min_max_equal_weight": {"max_delay": 0.11117665096714562, "min_delay": 0.05219566147510074, "avg_delay": 0.06568745737317251, "min_max_difference": 0.058980989492044875, "running_time": 19.015789031982422}}, "100": {"num_user": 100, "num_service": 76, "min_max_greedy": {"max_delay": 0.0833710195888116, "min_delay": 0.059183493100498474, "avg_delay": 0.06799389456408458, "min_max_difference": 0.024187526488313127, "running_time": 29.024124145507812}, "min_max_equal_weight": {"max_delay": 0.11117665096714562, "min_delay": 0.04856301806306397, "avg_delay": 0.06275071628383178, "min_max_difference": 0.06261363290408165, "running_time": 22.01700210571289}}, "120": {"num_user": 100, "num_service": 76, "min_max_greedy": {"max_delay": 0.08135898339247348, "min_delay": 0.059183493100498474, "avg_delay": 0.06644161024364635, "min_max_difference": 0.022175490291975006, "running_time": 33.02645683288574}, "min_max_equal_weight": {"max_delay": 0.07971958037090347, "min_delay": 0.04802416560652145, "avg_delay": 0.060413437120477524, "min_max_difference": 0.03169541476438202, "running_time": 26.021480560302734}}, "140": {"num_user": 100, "num_service": 76, "min_max_greedy": {"max_delay": 0.07452568385475045, "min_delay": 0.05440412130311651, "avg_delay": 0.06411951607268349, "min_max_difference": 0.020121562551633936, "running_time": 38.03133964538574}, "min_max_equal_weight": {"max_delay": 0.07971958037090347, "min_delay": 0.04708652132240783, "avg_delay": 0.058619615617189924, "min_max_difference": 0.032633059048495644, "running_time": 29.02388572692871}}, "160": {"num_user": 100, "num_service": 76, "min_max_greedy": {"max_delay": 0.07021389965738113, "min_delay": 0.05440412130311651, "avg_delay": 0.06256493388705739, "min_max_difference": 0.01580977835426462, "running_time": 43.03550720214844}, "min_max_equal_weight": {"max_delay": 0.07971958037090347, "min_delay": 0.04708652132240783, "avg_delay": 0.05705465431710132, "min_max_difference": 0.032633059048495644, "running_time": 35.02917289733887}}, "180": {"num_user": 100, "num_service": 76, "min_max_greedy": {"max_delay": 0.06923900107742817, "min_delay": 0.05373166973248477, "avg_delay": 0.061985322882188124, "min_max_difference": 0.0155073313449434, "running_time": 47.039031982421875}, "min_max_equal_weight": {"max_delay": 0.07971958037090347, "min_delay": 0.04708652132240783, "avg_delay": 0.05567341666594238, "min_max_difference": 0.032633059048495644, "running_time": 38.03133964538574}}, "200": {"num_user": 100, "num_service": 76, "min_max_greedy": {"max_delay": 0.06678106725038525, "min_delay": 0.05179125017989408, "avg_delay": 0.06033725343555016, "min_max_difference": 0.014989817070491171, "running_time": 53.04384231567383}, "min_max_equal_weight": {"max_delay": 0.07845815583669165, "min_delay": 0.04708652132240783, "avg_delay": 0.05453821665136997, "min_max_difference": 0.03137163451428382, "running_time": 41.03446006774902}}}