{"entropy": 195491731976303320672459940493524758842, "20": {"num_user": 100, "num_service": 78, "min_max_greedy": {"max_delay": 0.136999421387865, "min_delay": 0.05705241834092655, "avg_delay": 0.07610044472843885, "min_max_difference": 0.07994700304693844, "running_time": 7.005453109741211}, "min_max_equal_weight": {"max_delay": 0.14191810093697935, "min_delay": 0.05613150589851497, "avg_delay": 0.07302588007822709, "min_max_difference": 0.08578659503846438, "running_time": 7.0056915283203125}}, "40": {"num_user": 100, "num_service": 78, "min_max_greedy": {"max_delay": 0.08062790420301393, "min_delay": 0.05613150589851497, "avg_delay": 0.06909753310409368, "min_max_difference": 0.024496398304498956, "running_time": 16.012907028198242}, "min_max_equal_weight": {"max_delay": 0.08823847323359772, "min_delay": 0.05322138493610035, "avg_delay": 0.06724323052905012, "min_max_difference": 0.035017088297497376, "running_time": 12.009382247924805}}, "60": {"num_user": 100, "num_service": 78, "min_max_greedy": {"max_delay": 0.07593898829273066, "min_delay": 0.05613150589851497, "avg_delay": 0.06701036598551116, "min_max_difference": 0.01980748239421569, "running_time": 22.0186710357666}, "min_max_equal_weight": {"max_delay": 0.08729184819246552, "min_delay": 0.05019567233737973, "avg_delay": 0.06373102804638683, "min_max_difference": 0.03709617585508579, "running_time": 18.015146255493164}}, "80": {"num_user": 100, "num_service": 78, "min_max_greedy": {"max_delay": 0.07490172941924415, "min_delay": 0.05262951293016635, "avg_delay": 0.06500139473926024, "min_max_difference": 0.022272216489077803, "running_time": 28.023242950439453}, "min_max_equal_weight": {"max_delay": 0.0757625996127674, "min_delay": 0.04816092261783088, "avg_delay": 0.061579190107792676, "min_max_difference": 0.027601676994936528, "running_time": 22.0186710357666}}, "100": {"num_user": 100, "num_service": 78, "min_max_greedy": {"max_delay": 0.07290172941924415, "min_delay": 0.05262951293016635, "avg_delay": 0.06304792840458794, "min_max_difference": 0.0202722164890778, "running_time": 32.027244567871094}, "min_max_equal_weight": {"max_delay": 0.07509761644778423, "min_delay": 0.047531893776359066, "avg_delay": 0.059850004664752564, "min_max_difference": 0.027565722671425166, "running_time": 26.021480560302734}}, "120": {"num_user": 100, "num_service": 78, "min_max_greedy": {"max_delay": 0.0703376971715641, "min_delay": 0.05262951293016635, "avg_delay": 0.061927250207646244, "min_max_difference": 0.01770818424139775, "running_time": 38.031578063964844}, "min_max_equal_weight": {"max_delay": 0.07405570066222579, "min_delay": 0.04816092261783088, "avg_delay": 0.05835670707801685, "min_max_difference": 0.02589477804439491, "running_time": 28.022289276123047}}, "140": {"num_user": 100, "num_service": 78, "min_max_greedy": {"max_delay": 0.06860188537416627, "min_delay": 0.05114229737851193, "avg_delay": 0.060771887849056065, "min_max_difference": 0.017459587995654335, "running_time": 43.03598403930664}, "min_max_equal_weight": {"max_delay": 0.07205570066222579, "min_delay": 0.04664752133628947, "avg_delay": 0.056976760316830945, "min_max_difference": 0.025408179325936316, "running_time": 33.02764892578125}}, "160": {"num_user": 100, "num_service": 78, "min_max_greedy": {"max_delay": 0.06761866063617536, "min_delay": 0.04956798614849031, "avg_delay": 0.05843339169902473, "min_max_difference": 0.018050674487685048, "running_time": 46.038150787353516}, "min_max_equal_weight": {"max_delay": 0.07205570066222579, "min_delay": 0.04664752133628947, "avg_delay": 0.055935162455456267, "min_max_difference": 0.025408179325936316, "running_time": 37.03045845031738}}, "180": {"num_user": 100, "num_service": 78, "min_max_greedy": {"max_delay": 0.06303713114103446, "min_delay": 0.04910754765896308, "avg_delay": 0.05741216249241165, "min_max_difference": 0.013929583482071378, "running_time": 52.04319953918457}, "min_max_equal_weight": {"max_delay": 0.0691244834478183, "min_delay": 0.04644262646600501, "avg_delay": 0.055112761115975566, "min_max_difference": 0.022681856981813284, "running_time": 41.03398323059082}}, "200": {"num_user": 100, "num_service": 78, "min_max_greedy": {"max_delay": 0.061791927626548254, "min_delay": 0.04910754765896308, "avg_delay": 0.056403327335995755, "min_max_difference": 0.012684379967585174, "running_time": 57.04689025878906}, "min_max_equal_weight": {"max_delay": 0.06757743749519401, "min_delay": 0.04644262646600501, "avg_delay": 0.054378114919282475, "min_max_difference": 0.021134811029189002, "running_time": 44.0366268157959}}}