{"entropy": 56859073188906372375443832576938775566, "20": {"num_user": 100, "num_service": 79, "min_max_greedy": {"max_delay": 0.3803975436498813, "min_delay": 0.06521331283330362, "avg_delay": 0.1438235455477408, "min_max_difference": 0.3151842308165777, "running_time": 6.006479263305664}, "min_max_equal_weight": {"max_delay": 0.3833975436498813, "min_delay": 0.06504139901940931, "avg_delay": 0.13127806893645255, "min_max_difference": 0.318356144630472, "running_time": 5.003213882446289}}, "40": {"num_user": 100, "num_service": 79, "min_max_greedy": {"max_delay": 0.3390061627067559, "min_delay": 0.06521331283330362, "avg_delay": 0.12757597455533362, "min_max_difference": 0.27379284987345226, "running_time": 9.007692337036133}, "min_max_equal_weight": {"max_delay": 0.3392132056079877, "min_delay": 0.061785324171229054, "avg_delay": 0.11364359889884822, "min_max_difference": 0.2774278814367586, "running_time": 8.006095886230469}}, "60": {"num_user": 100, "num_service": 79, "min_max_greedy": {"max_delay": 0.3368960460033259, "min_delay": 0.06521331283330362, "avg_delay": 0.1167442605603955, "min_max_difference": 0.2716827331700223, "running_time": 12.009143829345703}, "min_max_equal_weight": {"max_delay": 0.3384713949411056, "min_delay": 0.05709941952000085, "avg_delay": 0.10173815114975589, "min_max_difference": 0.28137197542110476, "running_time": 11.009931564331055}}, "80": {"num_user": 100, "num_service": 79, "min_max_greedy": {"max_delay": 0.15722706827573701, "min_delay": 0.06513133142209776, "avg_delay": 0.09873981519182606, "min_max_difference": 0.09209573685363925, "running_time": 16.013383865356445}, "min_max_equal_weight": {"max_delay": 0.3381759099956411, "min_delay": 0.05709941952000085, "avg_delay": 0.0909064371548178, "min_max_difference": 0.28107649047564026, "running_time": 13.008594512939453}}, "100": {"num_user": 100, "num_service": 79, "min_max_greedy": {"max_delay": 0.14960078789993497, "min_delay": 0.061785324171229054, "avg_delay": 0.08989262376735459, "min_max_difference": 0.08781546372870591, "running_time": 20.01667022705078}, "min_max_equal_weight": {"max_delay": 0.15159748027445002, "min_delay": 0.05709941952000085, "avg_delay": 0.0835295412404781, "min_max_difference": 0.09449806075444916, "running_time": 16.013383865356445}}, "120": {"num_user": 100, "num_service": 79, "min_max_greedy": {"max_delay": 0.14571113792471263, "min_delay": 0.061785324171229054, "avg_delay": 0.08493052711627318, "min_max_difference": 0.08392581375348357, "running_time": 24.019718170166016}, "min_max_equal_weight": {"max_delay": 0.15159748027445002, "min_delay": 0.0590054040430574, "avg_delay": 0.07770882393142257, "min_max_difference": 0.09259207623139262, "running_time": 20.016908645629883}}, "140": {"num_user": 100, "num_service": 79, "min_max_greedy": {"max_delay": 0.1124719027049023, "min_delay": 0.06313133142209776, "avg_delay": 0.07883003809709771, "min_max_difference": 0.04934057128280454, "running_time": 29.024124145507812}, "min_max_equal_weight": {"max_delay": 0.15130199532898547, "min_delay": 0.05709941952000085, "avg_delay": 0.07309586050994969, "min_max_difference": 0.09420257580898461, "running_time": 22.017955780029297}}, "160": {"num_user": 100, "num_service": 79, "min_max_greedy": {"max_delay": 0.0953003235908772, "min_delay": 0.06188687142208893, "avg_delay": 0.07348611706629704, "min_max_difference": 0.03341345216878827, "running_time": 33.026933670043945}, "min_max_equal_weight": {"max_delay": 0.10780519490253915, "min_delay": 0.05601266098771194, "avg_delay": 0.06905179095581224, "min_max_difference": 0.05179253391482721, "running_time": 27.022361755371094}}, "180": {"num_user": 100, "num_service": 79, "min_max_greedy": {"max_delay": 0.09302005046594389, "min_delay": 0.06138739681026553, "avg_delay": 0.07138864084045415, "min_max_difference": 0.031632653655678356, "running_time": 37.030696868896484}, "min_max_equal_weight": {"max_delay": 0.09167073558959023, "min_delay": 0.05601266098771194, "avg_delay": 0.06593821861190487, "min_max_difference": 0.03565807460187829, "running_time": 29.02388572692871}}, "200": {"num_user": 100, "num_service": 79, "min_max_greedy": {"max_delay": 0.07764057212840536, "min_delay": 0.06088687142208893, "avg_delay": 0.06816080374079468, "min_max_difference": 0.016753700706316432, "running_time": 40.03286361694336}, "min_max_equal_weight": {"max_delay": 0.09141706401485933, "min_delay": 0.0508291880370311, "avg_delay": 0.06337346373074867, "min_max_difference": 0.04058787597782823, "running_time": 35.02821922302246}}}