{"entropy": 120876637585452254488381040361642019063, "20": {"num_user": 100, "num_service": 81, "min_max_greedy": {"max_delay": 0.1724394175684133, "min_delay": 0.0926462855479861, "avg_delay": 0.1152211723317097, "min_max_difference": 0.0797931320204272, "running_time": 8.008241653442383}, "min_max_equal_weight": {"max_delay": 0.2132649094293409, "min_delay": 0.06374902265935975, "avg_delay": 0.0869047748892286, "min_max_difference": 0.14951588676998115, "running_time": 7.005453109741211}}, "40": {"num_user": 100, "num_service": 81, "min_max_greedy": {"max_delay": 0.15668758259407561, "min_delay": 0.09054358962170232, "avg_delay": 0.108594157570827, "min_max_difference": 0.06614399297237329, "running_time": 14.011383056640625}, "min_max_equal_weight": {"max_delay": 0.13704625329255982, "min_delay": 0.0550546372735878, "avg_delay": 0.07606836307025794, "min_max_difference": 0.08199161601897201, "running_time": 11.00921630859375}}, "60": {"num_user": 100, "num_service": 81, "min_max_greedy": {"max_delay": 0.09031232906930425, "min_delay": 0.059459081143171486, "avg_delay": 0.07251757403894141, "min_max_difference": 0.030853247926132768, "running_time": 20.016193389892578}, "min_max_equal_weight": {"max_delay": 0.1282469915885802, "min_delay": 0.0549583780474772, "avg_delay": 0.07122602504099385, "min_max_difference": 0.073288613541103, "running_time": 19.015789031982422}}, "80": {"num_user": 100, "num_service": 81, "min_max_greedy": {"max_delay": 0.0875688422312637, "min_delay": 0.059307563727219674, "avg_delay": 0.07158554299247286, "min_max_difference": 0.028261278504044023, "running_time": 25.022029876708984}, "min_max_equal_weight": {"max_delay": 0.09031232906930425, "min_delay": 0.05267552190810885, "avg_delay": 0.06717030851714596, "min_max_difference": 0.037636807161195406, "running_time": 24.019956588745117}}, "100": {"num_user": 100, "num_service": 81, "min_max_greedy": {"max_delay": 0.08365539109530987, "min_delay": 0.05666364085700319, "avg_delay": 0.06947642905578723, "min_max_difference": 0.026991750238306675, "running_time": 29.024600982666016}, "min_max_equal_weight": {"max_delay": 0.08986559471895006, "min_delay": 0.04940612523821601, "avg_delay": 0.06465593329173193, "min_max_difference": 0.04045946948073405, "running_time": 29.024362564086914}}, "120": {"num_user": 100, "num_service": 81, "min_max_greedy": {"max_delay": 0.08123209453721933, "min_delay": 0.05666364085700319, "avg_delay": 0.0685932745116101, "min_max_difference": 0.024568453680216137, "running_time": 34.02829170227051}, "min_max_equal_weight": {"max_delay": 0.08986559471895006, "min_delay": 0.04940612523821601, "avg_delay": 0.06288118694565412, "min_max_difference": 0.04045946948073405, "running_time": 34.02876853942871}}, "140": {"num_user": 100, "num_service": 81, "min_max_greedy": {"max_delay": 0.07945481795331752, "min_delay": 0.05666364085700319, "avg_delay": 0.06773527714588344, "min_max_difference": 0.022791177096314327, "running_time": 37.03045845031738}, "min_max_equal_weight": {"max_delay": 0.08886559471895006, "min_delay": 0.048268738431616096, "avg_delay": 0.06136480131111267, "min_max_difference": 0.04059685628733396, "running_time": 38.031578063964844}}, "160": {"num_user": 100, "num_service": 81, "min_max_greedy": {"max_delay": 0.0749083443786886, "min_delay": 0.05356455909826936, "avg_delay": 0.0654095787007613, "min_max_difference": 0.021343785280419234, "running_time": 42.03486442565918}, "min_max_equal_weight": {"max_delay": 0.08693624391877659, "min_delay": 0.048108711452925244, "avg_delay": 0.06024211966040745, "min_max_difference": 0.03882753246585135, "running_time": 43.03550720214844}}, "180": {"num_user": 100, "num_service": 81, "min_max_greedy": {"max_delay": 0.06998088014397902, "min_delay": 0.05356455909826936, "avg_delay": 0.06366235786754577, "min_max_difference": 0.016416321045709656, "running_time": 46.03838920593262}, "min_max_equal_weight": {"max_delay": 0.08385594623329493, "min_delay": 0.048108711452925244, "avg_delay": 0.05925193245576985, "min_max_difference": 0.03574723478036968, "running_time": 45.037269592285156}}, "200": {"num_user": 100, "num_service": 81, "min_max_greedy": {"max_delay": 0.06858988078279159, "min_delay": 0.05356455909826936, "avg_delay": 0.06265948500178055, "min_max_difference": 0.015025321684522225, "running_time": 52.04343795776367}, "min_max_equal_weight": {"max_delay": 0.08385594623329493, "min_delay": 0.048108711452925244, "avg_delay": 0.05835785495203663, "min_max_difference": 0.03574723478036968, "running_time": 52.04319953918457}}}