{"entropy": 317044129116575352113162709593786091966, "20": {"num_user": 100, "num_service": 76, "min_max_greedy": {"max_delay": 0.14603701552152326, "min_delay": 0.05901267486830847, "avg_delay": 0.08238243365812994, "min_max_difference": 0.0870243406532148, "running_time": 7.0056915283203125}, "min_max_equal_weight": {"max_delay": 0.19091817191625643, "min_delay": 0.05827042036940214, "avg_delay": 0.07971328999000843, "min_max_difference": 0.1326477515468543, "running_time": 6.004810333251953}}, "40": {"num_user": 100, "num_service": 76, "min_max_greedy": {"max_delay": 0.09920963443917102, "min_delay": 0.05827042036940214, "avg_delay": 0.07553927738075078, "min_max_difference": 0.04093921406976889, "running_time": 10.008096694946289}, "min_max_equal_weight": {"max_delay": 0.10129799315201206, "min_delay": 0.05604268358325947, "avg_delay": 0.07285387707154352, "min_max_difference": 0.04525530956875259, "running_time": 10.008096694946289}}, "60": {"num_user": 100, "num_service": 76, "min_max_greedy": {"max_delay": 0.09300600603151947, "min_delay": 0.05814967095434278, "avg_delay": 0.07366310180590388, "min_max_difference": 0.03485633507717669, "running_time": 13.010501861572266}, "min_max_equal_weight": {"max_delay": 0.09920963443917102, "min_delay": 0.053251226055193605, "avg_delay": 0.06897576881188934, "min_max_difference": 0.04595840838397742, "running_time": 12.01009750366211}}, "80": {"num_user": 100, "num_service": 76, "min_max_greedy": {"max_delay": 0.0868160270264245, "min_delay": 0.053694367146596866, "avg_delay": 0.07253337012007956, "min_max_difference": 0.03312165987982764, "running_time": 17.014265060424805}, "min_max_equal_weight": {"max_delay": 0.0990770550667531, "min_delay": 0.05165360931613279, "avg_delay": 0.06614078378359539, "min_max_difference": 0.04742344575062031, "running_time": 15.013694763183594}}, "100": {"num_user": 100, "num_service": 76, "min_max_greedy": {"max_delay": 0.08416558966052254, "min_delay": 0.053694367146596866, "avg_delay": 0.06968046148691276, "min_max_difference": 0.030471222513925672, "running_time": 22.020339965820312}, "min_max_equal_weight": {"max_delay": 0.0990770550667531, "min_delay": 0.04943092564955359, "avg_delay": 0.06364072395668391, "min_max_difference": 0.04964612941719951, "running_time": 19.015789031982422}}, "120": {"num_user": 100, "num_service": 76, "min_max_greedy": {"max_delay": 0.08003832248606785, "min_delay": 0.0524468808902509, "avg_delay": 0.06654495102931032, "min_max_difference": 0.027591441595816946, "running_time": 28.02300453186035}, "min_max_equal_weight": {"max_delay": 0.0990770550667531, "min_delay": 0.04940301880566434, "avg_delay": 0.061597648879130294, "min_max_difference": 0.04967403626108876, "running_time": 24.019718170166016}}, "140": {"num_user": 100, "num_service": 76, "min_max_greedy": {"max_delay": 0.07866369471139836, "min_delay": 0.053694367146596866, "avg_delay": 0.06610494429384693, "min_max_difference": 0.024969327564801497, "running_time": 32.02676773071289}, "min_max_equal_weight": {"max_delay": 0.09638189796273416, "min_delay": 0.04840301880566435, "avg_delay": 0.06006506116055184, "min_max_difference": 0.04797887915706982, "running_time": 28.023958206176758}}, "160": {"num_user": 100, "num_service": 76, "min_max_greedy": {"max_delay": 0.06973940763749593, "min_delay": 0.04992986758966314, "avg_delay": 0.06146860277915924, "min_max_difference": 0.019809540047832794, "running_time": 39.0317440032959}, "min_max_equal_weight": {"max_delay": 0.0795393805459583, "min_delay": 0.04840301880566435, "avg_delay": 0.05868149982489851, "min_max_difference": 0.031136361740293952, "running_time": 30.025243759155273}}, "180": {"num_user": 100, "num_service": 76, "min_max_greedy": {"max_delay": 0.06701597404619161, "min_delay": 0.04992986758966314, "avg_delay": 0.05894884566020449, "min_max_difference": 0.01708610645652847, "running_time": 44.0363883972168}, "min_max_equal_weight": {"max_delay": 0.0792554043120717, "min_delay": 0.04840301880566435, "avg_delay": 0.057447527635580024, "min_max_difference": 0.030852385506407357, "running_time": 33.02764892578125}}, "200": {"num_user": 100, "num_service": 76, "min_max_greedy": {"max_delay": 0.06337899302096686, "min_delay": 0.048535598178082257, "avg_delay": 0.05693857447188206, "min_max_difference": 0.014843394842884605, "running_time": 51.04207992553711}, "min_max_equal_weight": {"max_delay": 0.0656310740941452, "min_delay": 0.048352121973719214, "avg_delay": 0.056275738239185885, "min_max_difference": 0.01727895212042599, "running_time": 38.03133964538574}}}