{"entropy": 101139583111355834411658196893360538079, "20": {"num_user": 100, "num_service": 79, "min_max_greedy": {"max_delay": 0.19487992580825425, "min_delay": 0.0660033139558065, "avg_delay": 0.0965578751730698, "min_max_difference": 0.12887661185244775, "running_time": 6.004810333251953}, "min_max_equal_weight": {"max_delay": 0.19609276754760258, "min_delay": 0.0594110385218101, "avg_delay": 0.08901754569153382, "min_max_difference": 0.13668172902579248, "running_time": 6.006002426147461}}, "40": {"num_user": 100, "num_service": 79, "min_max_greedy": {"max_delay": 0.12531035715408484, "min_delay": 0.06510001054079523, "avg_delay": 0.08571188196949218, "min_max_difference": 0.06021034661328961, "running_time": 11.00921630859375}, "min_max_equal_weight": {"max_delay": 0.12485096029849839, "min_delay": 0.05732097285897847, "avg_delay": 0.0778332202922327, "min_max_difference": 0.06752998743951992, "running_time": 10.008573532104492}}, "60": {"num_user": 100, "num_service": 79, "min_max_greedy": {"max_delay": 0.10061359620539582, "min_delay": 0.063458762782378, "avg_delay": 0.08104945279300367, "min_max_difference": 0.03715483342301783, "running_time": 17.014265060424805}, "min_max_equal_weight": {"max_delay": 0.11966739591405089, "min_delay": 0.05711199834421494, "avg_delay": 0.07230478644200965, "min_max_difference": 0.06255539756983594, "running_time": 15.012264251708984}}, "80": {"num_user": 100, "num_service": 79, "min_max_greedy": {"max_delay": 0.09533878668624438, "min_delay": 0.05985057127297351, "avg_delay": 0.0789112851616211, "min_max_difference": 0.035488215413270865, "running_time": 24.021148681640625}, "min_max_equal_weight": {"max_delay": 0.11940507657782116, "min_delay": 0.052534360594691354, "avg_delay": 0.06899588741654256, "min_max_difference": 0.06687071598312981, "running_time": 19.016265869140625}}, "100": {"num_user": 100, "num_service": 79, "min_max_greedy": {"max_delay": 0.09260267557513327, "min_delay": 0.05689519610945037, "avg_delay": 0.0750669762935789, "min_max_difference": 0.0357074794656829, "running_time": 27.022600173950195}, "min_max_equal_weight": {"max_delay": 0.08315792016763085, "min_delay": 0.052534360594691354, "avg_delay": 0.06622394847327066, "min_max_difference": 0.030623559572939496, "running_time": 22.0181941986084}}, "120": {"num_user": 100, "num_service": 79, "min_max_greedy": {"max_delay": 0.0876265210748404, "min_delay": 0.05689519610945037, "avg_delay": 0.07253476549504372, "min_max_difference": 0.03073132496539003, "running_time": 31.025409698486328}, "min_max_equal_weight": {"max_delay": 0.08272521129731772, "min_delay": 0.0510160911014057, "avg_delay": 0.06404959878243092, "min_max_difference": 0.031709120195912016, "running_time": 26.021718978881836}}, "140": {"num_user": 100, "num_service": 79, "min_max_greedy": {"max_delay": 0.08605979226859593, "min_delay": 0.05689519610945037, "avg_delay": 0.07133610545576387, "min_max_difference": 0.029164596159145566, "running_time": 35.02964973449707}, "min_max_equal_weight": {"max_delay": 0.08272521129731772, "min_delay": 0.0510160911014057, "avg_delay": 0.06216103461608744, "min_max_difference": 0.031709120195912016, "running_time": 29.024362564086914}}, "160": {"num_user": 100, "num_service": 79, "min_max_greedy": {"max_delay": 0.08069639016291374, "min_delay": 0.05689519610945037, "avg_delay": 0.06888573163087378, "min_max_difference": 0.023801194053463377, "running_time": 40.032148361206055}, "min_max_equal_weight": {"max_delay": 0.0812978003005613, "min_delay": 0.05039967047429877, "avg_delay": 0.060714903424804983, "min_max_difference": 0.030898129826262534, "running_time": 34.028053283691406}}, "180": {"num_user": 100, "num_service": 79, "min_max_greedy": {"max_delay": 0.07450569063116899, "min_delay": 0.05204125490032905, "avg_delay": 0.06241588953406481, "min_max_difference": 0.022464435730839942, "running_time": 46.038150787353516}, "min_max_equal_weight": {"max_delay": 0.0812978003005613, "min_delay": 0.0500160911014057, "avg_delay": 0.0595264880092048, "min_max_difference": 0.0312817091991556, "running_time": 37.03141212463379}}, "200": {"num_user": 100, "num_service": 79, "min_max_greedy": {"max_delay": 0.07254340877619726, "min_delay": 0.05204125490032905, "avg_delay": 0.06102290834769606, "min_max_difference": 0.020502153875868213, "running_time": 51.04231834411621}, "min_max_equal_weight": {"max_delay": 0.0812978003005613, "min_delay": 0.0500160911014057, "avg_delay": 0.058361000478641616, "min_max_difference": 0.0312817091991556, "running_time": 41.034698486328125}}}