{"entropy": 224164391676572241677669753650287221711, "20": {"num_user": 100, "num_service": 78, "min_max_greedy": {"max_delay": 0.6186382150776134, "min_delay": 0.06334958149654887, "avg_delay": 0.30416014171678113, "min_max_difference": 0.5552886335810645, "running_time": 6.005048751831055}, "min_max_equal_weight": {"max_delay": 0.6186382150776134, "min_delay": 0.06334958149654887, "avg_delay": 0.30416014171678113, "min_max_difference": 0.5552886335810645, "running_time": 4.002809524536133}}, "40": {"num_user": 100, "num_service": 78, "min_max_greedy": {"max_delay": 0.5591154750935748, "min_delay": 0.06039827008393901, "avg_delay": 0.2409940745517605, "min_max_difference": 0.49871720500963584, "running_time": 10.00833511352539}, "min_max_equal_weight": {"max_delay": 0.5591154750935748, "min_delay": 0.05893282742381127, "avg_delay": 0.2045502406181739, "min_max_difference": 0.5001826476697636, "running_time": 10.008573532104492}}, "60": {"num_user": 100, "num_service": 78, "min_max_greedy": {"max_delay": 0.5502154611187317, "min_delay": 0.059849507950038364, "avg_delay": 0.1974347725947092, "min_max_difference": 0.4903659531686933, "running_time": 15.012502670288086}, "min_max_equal_weight": {"max_delay": 0.5585667129596742, "min_delay": 0.05838406528991062, "avg_delay": 0.1612792929012587, "min_max_difference": 0.5001826476697636, "running_time": 14.011621475219727}}, "80": {"num_user": 100, "num_service": 78, "min_max_greedy": {"max_delay": 0.5087672473356778, "min_delay": 0.06334958149654887, "avg_delay": 0.17430495557010417, "min_max_difference": 0.4454176658391289, "running_time": 18.015384674072266}, "min_max_equal_weight": {"max_delay": 0.5108654142583755, "min_delay": 0.05680080109679027, "avg_delay": 0.12802372758638525, "min_max_difference": 0.45406461316158525, "running_time": 17.014503479003906}}, "100": {"num_user": 100, "num_service": 78, "min_max_greedy": {"max_delay": 0.4977980147761145, "min_delay": 0.05864382598482272, "avg_delay": 0.1461428092079439, "min_max_difference": 0.4391541887912918, "running_time": 21.01731300354004}, "min_max_equal_weight": {"max_delay": 0.5088654142583755, "min_delay": 0.05680080109679027, "avg_delay": 0.10651845767480995, "min_max_difference": 0.45206461316158525, "running_time": 19.016265869140625}}, "120": {"num_user": 100, "num_service": 78, "min_max_greedy": {"max_delay": 0.49457798734161207, "min_delay": 0.059849507950038364, "avg_delay": 0.11571474693072295, "min_max_difference": 0.4347284793915737, "running_time": 25.020599365234375}, "min_max_equal_weight": {"max_delay": 0.5052671737891673, "min_delay": 0.05680080109679027, "avg_delay": 0.08931424174554974, "min_max_difference": 0.44846637269237705, "running_time": 21.01755142211914}}, "140": {"num_user": 100, "num_service": 78, "min_max_greedy": {"max_delay": 0.11366714348745983, "min_delay": 0.06030087464330078, "avg_delay": 0.07457985166452227, "min_max_difference": 0.05336626884415906, "running_time": 31.026363372802734}, "min_max_equal_weight": {"max_delay": 0.12345449685771281, "min_delay": 0.05680080109679027, "avg_delay": 0.07211002581628949, "min_max_difference": 0.06665369576092255, "running_time": 24.019718170166016}}, "160": {"num_user": 100, "num_service": 78, "min_max_greedy": {"max_delay": 0.08079095664189576, "min_delay": 0.05657903524315053, "avg_delay": 0.06885534343602968, "min_max_difference": 0.02421192139874523, "running_time": 38.031578063964844}, "min_max_equal_weight": {"max_delay": 0.08244834365267961, "min_delay": 0.052145183792777355, "avg_delay": 0.06636916071389945, "min_max_difference": 0.030303159859902257, "running_time": 30.02476692199707}}, "180": {"num_user": 100, "num_service": 78, "min_max_greedy": {"max_delay": 0.08369577081704724, "min_delay": 0.06030087464330078, "avg_delay": 0.07061076766046315, "min_max_difference": 0.02339489617374646, "running_time": 39.032936096191406}, "min_max_equal_weight": {"max_delay": 0.08084704447063441, "min_delay": 0.049274595976636346, "avg_delay": 0.06393300873251316, "min_max_difference": 0.03157244849399807, "running_time": 38.03133964538574}}, "200": {"num_user": 100, "num_service": 78, "min_max_greedy": {"max_delay": 0.082411946742842, "min_delay": 0.06030087464330078, "avg_delay": 0.06947712881779404, "min_max_difference": 0.022111072099541218, "running_time": 42.03486442565918}, "min_max_equal_weight": {"max_delay": 0.07871247891525159, "min_delay": 0.049274595976636346, "avg_delay": 0.062106663817881484, "min_max_difference": 0.02943788293861524, "running_time": 41.03398323059082}}}