{"entropy": 264897915212059868668529186864764590936, "20": {"num_user": 100, "num_service": 78, "min_max_greedy": {"max_delay": 1.0457860078567272, "min_delay": 0.06571379772854863, "avg_delay": 0.16872055610256734, "min_max_difference": 0.9800722101281785, "running_time": 5.004405975341797}, "min_max_equal_weight": {"max_delay": 1.0911306091974775, "min_delay": 0.06571379772854863, "avg_delay": 0.11953665661871515, "min_max_difference": 1.0254168114689288, "running_time": 3.002643585205078}}, "40": {"num_user": 100, "num_service": 78, "min_max_greedy": {"max_delay": 0.1667238773000449, "min_delay": 0.06571379772854863, "avg_delay": 0.09605337667024588, "min_max_difference": 0.10101007957149627, "running_time": 9.007453918457031}, "min_max_equal_weight": {"max_delay": 0.16182608878916332, "min_delay": 0.058508872988200775, "avg_delay": 0.0846763212774353, "min_max_difference": 0.10331721580096255, "running_time": 6.005287170410156}}, "60": {"num_user": 100, "num_service": 78, "min_max_greedy": {"max_delay": 0.12513581417340391, "min_delay": 0.06571379772854863, "avg_delay": 0.08914840550192082, "min_max_difference": 0.059422016444855286, "running_time": 14.011621475219727}, "min_max_equal_weight": {"max_delay": 0.16182608878916332, "min_delay": 0.050659375607527216, "avg_delay": 0.07573579103477958, "min_max_difference": 0.11116671318163611, "running_time": 11.008739471435547}}, "80": {"num_user": 100, "num_service": 78, "min_max_greedy": {"max_delay": 0.09222510174501558, "min_delay": 0.05783169083928047, "avg_delay": 0.07595244769490589, "min_max_difference": 0.03439341090573511, "running_time": 18.014907836914062}, "min_max_equal_weight": {"max_delay": 0.16182608878916332, "min_delay": 0.050659375607527216, "avg_delay": 0.07128162298151286, "min_max_difference": 0.11116671318163611, "running_time": 14.011383056640625}}, "100": {"num_user": 100, "num_service": 78, "min_max_greedy": {"max_delay": 0.08939503490463946, "min_delay": 0.05783169083928047, "avg_delay": 0.07443384120558293, "min_max_difference": 0.03156334406535899, "running_time": 22.0181941986084}, "min_max_equal_weight": {"max_delay": 0.08625628446677563, "min_delay": 0.04992480528501682, "avg_delay": 0.06725723601845163, "min_max_difference": 0.036331479181758816, "running_time": 18.015146255493164}}, "120": {"num_user": 100, "num_service": 78, "min_max_greedy": {"max_delay": 0.08535362601729447, "min_delay": 0.05555716411840875, "avg_delay": 0.07258326942921936, "min_max_difference": 0.029796461898885726, "running_time": 26.020526885986328}, "min_max_equal_weight": {"max_delay": 0.07943449011879385, "min_delay": 0.04992480528501682, "avg_delay": 0.06441319391613184, "min_max_difference": 0.029509684833777028, "running_time": 21.01755142211914}}, "140": {"num_user": 100, "num_service": 78, "min_max_greedy": {"max_delay": 0.08095460765328735, "min_delay": 0.05555716411840875, "avg_delay": 0.07018237395653569, "min_max_difference": 0.025397443534878605, "running_time": 30.025005340576172}, "min_max_equal_weight": {"max_delay": 0.07943449011879385, "min_delay": 0.04992480528501682, "avg_delay": 0.06277273869245492, "min_max_difference": 0.029509684833777028, "running_time": 25.020599365234375}}, "160": {"num_user": 100, "num_service": 78, "min_max_greedy": {"max_delay": 0.07901065653246445, "min_delay": 0.05555716411840875, "avg_delay": 0.06889654658667554, "min_max_difference": 0.0234534924140557, "running_time": 33.02764892578125}, "min_max_equal_weight": {"max_delay": 0.07943449011879385, "min_delay": 0.04661650735326729, "avg_delay": 0.06156068604987172, "min_max_difference": 0.032817982765526554, "running_time": 27.022600173950195}}, "180": {"num_user": 100, "num_service": 78, "min_max_greedy": {"max_delay": 0.07695460765328735, "min_delay": 0.05555716411840875, "avg_delay": 0.0677724641275552, "min_max_difference": 0.021397443534878602, "running_time": 38.03205490112305}, "min_max_equal_weight": {"max_delay": 0.07429229263200744, "min_delay": 0.04661650735326729, "avg_delay": 0.060476109520933005, "min_max_difference": 0.02767578527874015, "running_time": 31.02564811706543}}, "200": {"num_user": 100, "num_service": 78, "min_max_greedy": {"max_delay": 0.07566753423126366, "min_delay": 0.0543495597251466, "avg_delay": 0.0669002003970372, "min_max_difference": 0.021317974506117054, "running_time": 41.03446006774902}, "min_max_equal_weight": {"max_delay": 0.07407710842351238, "min_delay": 0.04640132314477223, "avg_delay": 0.05943490138678782, "min_max_difference": 0.02767578527874015, "running_time": 33.02764892578125}}}