{"entropy": 246994189361085617795732096041062636543, "20": {"num_user": 100, "num_service": 76, "min_max_greedy": {"max_delay": 0.45002449204849804, "min_delay": 0.07928150751332057, "avg_delay": 0.1382695829576447, "min_max_difference": 0.37074298453517746, "running_time": 6.005287170410156}, "min_max_equal_weight": {"max_delay": 0.45714552692634025, "min_delay": 0.05938046315224944, "avg_delay": 0.11259410845906513, "min_max_difference": 0.3977650637740908, "running_time": 6.005048751831055}}, "40": {"num_user": 100, "num_service": 76, "min_max_greedy": {"max_delay": 0.1549172451084012, "min_delay": 0.07797704133833176, "avg_delay": 0.10271288022393087, "min_max_difference": 0.07694020377006945, "running_time": 15.012502670288086}, "min_max_equal_weight": {"max_delay": 0.20203066049556712, "min_delay": 0.05938046315224944, "avg_delay": 0.08534482522007864, "min_max_difference": 0.1426501973433177, "running_time": 10.007381439208984}}, "60": {"num_user": 100, "num_service": 76, "min_max_greedy": {"max_delay": 0.09691097885641659, "min_delay": 0.05938046315224944, "avg_delay": 0.073005558573062, "min_max_difference": 0.03753051570416715, "running_time": 24.02043342590332}, "min_max_equal_weight": {"max_delay": 0.113051033493039, "min_delay": 0.057945622586450925, "avg_delay": 0.07008184742607645, "min_max_difference": 0.05510541090658807, "running_time": 16.013622283935547}}, "80": {"num_user": 100, "num_service": 76, "min_max_greedy": {"max_delay": 0.0792700914281861, "min_delay": 0.05689045899697654, "avg_delay": 0.06537996219305943, "min_max_difference": 0.022379632431209558, "running_time": 32.02557563781738}, "min_max_equal_weight": {"max_delay": 0.08363543459945456, "min_delay": 0.05272967865347723, "avg_delay": 0.06450878489813766, "min_max_difference": 0.03090575594597733, "running_time": 23.01931381225586}}, "100": {"num_user": 100, "num_service": 76, "min_max_greedy": {"max_delay": 0.07505322023572694, "min_delay": 0.054576965140717734, "avg_delay": 0.06470447412540614, "min_max_difference": 0.020476255095009208, "running_time": 36.02910041809082}, "min_max_equal_weight": {"max_delay": 0.08363543459945456, "min_delay": 0.050946126741261366, "avg_delay": 0.06156983187277299, "min_max_difference": 0.0326893078581932, "running_time": 29.024362564086914}}, "120": {"num_user": 100, "num_service": 76, "min_max_greedy": {"max_delay": 0.0709024596195283, "min_delay": 0.054576965140717734, "avg_delay": 0.06371509948140151, "min_max_difference": 0.01632549447881057, "running_time": 41.03517532348633}, "min_max_equal_weight": {"max_delay": 0.07364186081251115, "min_delay": 0.050946126741261366, "avg_delay": 0.05954173112745953, "min_max_difference": 0.02269573407124978, "running_time": 33.02717208862305}}, "140": {"num_user": 100, "num_service": 76, "min_max_greedy": {"max_delay": 0.0689024596195283, "min_delay": 0.05303080594722265, "avg_delay": 0.06266677755084316, "min_max_difference": 0.015871653672305655, "running_time": 48.039913177490234}, "min_max_equal_weight": {"max_delay": 0.07349315486387879, "min_delay": 0.04924613811780184, "avg_delay": 0.05796469826646805, "min_max_difference": 0.024247016746076953, "running_time": 38.03133964538574}}, "160": {"num_user": 100, "num_service": 76, "min_max_greedy": {"max_delay": 0.06783743554149398, "min_delay": 0.05279341322850187, "avg_delay": 0.06123882037153666, "min_max_difference": 0.015044022312992109, "running_time": 56.0457706451416}, "min_max_equal_weight": {"max_delay": 0.07203306354733008, "min_delay": 0.04924613811780184, "avg_delay": 0.05661640262426955, "min_max_difference": 0.02278692542952824, "running_time": 43.03574562072754}}, "180": {"num_user": 100, "num_service": 76, "min_max_greedy": {"max_delay": 0.06568573389692914, "min_delay": 0.05279341322850187, "avg_delay": 0.059372117182985996, "min_max_difference": 0.01289232066842727, "running_time": 61.0506534576416}, "min_max_equal_weight": {"max_delay": 0.07203306354733008, "min_delay": 0.04886549415636026, "avg_delay": 0.05549991655870351, "min_max_difference": 0.023167569390969818, "running_time": 49.04055595397949}}, "200": {"num_user": 100, "num_service": 76, "min_max_greedy": {"max_delay": 0.06417534351626729, "min_delay": 0.05124213055367469, "avg_delay": 0.05783788816453862, "min_max_difference": 0.012933212962592595, "running_time": 67.05594062805176}, "min_max_equal_weight": {"max_delay": 0.07134733285915573, "min_delay": 0.04886549415636026, "avg_delay": 0.05470827583685717, "min_max_difference": 0.02248183870279547, "running_time": 53.04408073425293}}}