{"entropy": 124202363816364342692925510663100771925, "20": {"num_user": 100, "num_service": 72, "min_max_greedy": {"max_delay": 0.27030968126852356, "min_delay": 0.06913964520697856, "avg_delay": 0.13707662660316747, "min_max_difference": 0.201170036061545, "running_time": 5.004167556762695}, "min_max_equal_weight": {"max_delay": 0.27130968126852356, "min_delay": 0.06198115108026754, "avg_delay": 0.11734802637130266, "min_max_difference": 0.20932853018825603, "running_time": 7.006406784057617}, "delay_balance": {"max_delay": 0.27030968126852356, "min_delay": 0.06913964520697856, "avg_delay": 0.13707662660316747, "min_max_difference": 0.201170036061545, "running_time": 7.005929946899414}}, "40": {"num_user": 100, "num_service": 72, "min_max_greedy": {"max_delay": 0.2633983512192625, "min_delay": 0.0661643050046987, "avg_delay": 0.11710470682146652, "min_max_difference": 0.1972340462145638, "running_time": 11.009454727172852}, "min_max_equal_weight": {"max_delay": 0.266823097204931, "min_delay": 0.05642680128913133, "avg_delay": 0.09784978515269874, "min_max_difference": 0.2103962959157997, "running_time": 11.00921630859375}, "delay_balance": {"max_delay": 0.2633983512192625, "min_delay": 0.06913964520697856, "avg_delay": 0.1188786479534834, "min_max_difference": 0.19425870601228395, "running_time": 14.01209831237793}}, "60": {"num_user": 100, "num_service": 72, "min_max_greedy": {"max_delay": 0.1588714486624264, "min_delay": 0.06287507441753969, "avg_delay": 0.09486480268988905, "min_max_difference": 0.0959963742448867, "running_time": 17.014265060424805}, "min_max_equal_weight": {"max_delay": 0.25791176715567, "min_delay": 0.05642680128913133, "avg_delay": 0.083211934781294, "min_max_difference": 0.20148496586653866, "running_time": 14.011621475219727}, "delay_balance": {"max_delay": 0.1588714486624264, "min_delay": 0.06604498969482059, "avg_delay": 0.0956849307887655, "min_max_difference": 0.0928264589676058, "running_time": 18.01466941833496}}, "80": {"num_user": 100, "num_service": 72, "min_max_greedy": {"max_delay": 0.10498362891109989, "min_delay": 0.05997722396727692, "avg_delay": 0.07855243406962788, "min_max_difference": 0.045006404943822964, "running_time": 24.019718170166016}, "min_max_equal_weight": {"max_delay": 0.10822725590318169, "min_delay": 0.05642680128913133, "avg_delay": 0.07357029429020351, "min_max_difference": 0.05180045461405036, "running_time": 18.015146255493164}, "delay_balance": {"max_delay": 0.10498362891109989, "min_delay": 0.05997722396727692, "avg_delay": 0.07855243406962788, "min_max_difference": 0.045006404943822964, "running_time": 24.019241333007812}}, "100": {"num_user": 100, "num_service": 72, "min_max_greedy": {"max_delay": 0.09991979029654681, "min_delay": 0.05997722396727692, "avg_delay": 0.07486185762468381, "min_max_difference": 0.03994256632926989, "running_time": 28.023481369018555}, "min_max_equal_weight": {"max_delay": 0.1005917003596653, "min_delay": 0.04948816830809559, "avg_delay": 0.06854425173763358, "min_max_difference": 0.051103532051569714, "running_time": 21.017074584960938}, "delay_balance": {"max_delay": 0.09991979029654681, "min_delay": 0.05997722396727692, "avg_delay": 0.07486185762468381, "min_max_difference": 0.03994256632926989, "running_time": 26.526927947998047}}, "120": {"num_user": 100, "num_service": 72, "min_max_greedy": {"max_delay": 0.08635134420677588, "min_delay": 0.05625573006263203, "avg_delay": 0.07031340530104611, "min_max_difference": 0.030095614144143856, "running_time": 33.02741050720215}, "min_max_equal_weight": {"max_delay": 0.0995917003596653, "min_delay": 0.04948816830809559, "avg_delay": 0.06450650140597386, "min_max_difference": 0.05010353205156971, "running_time": 25.02131462097168}, "delay_balance": {"max_delay": 0.08635134420677588, "min_delay": 0.058913385352723856, "avg_delay": 0.0705105760554249, "min_max_difference": 0.02743795885405203, "running_time": 28.025150299072266}}, "140": {"num_user": 100, "num_service": 72, "min_max_greedy": {"max_delay": 0.08193565361814131, "min_delay": 0.055309784570228004, "avg_delay": 0.06839909238699839, "min_max_difference": 0.02662586904791331, "running_time": 37.03141212463379}, "min_max_equal_weight": {"max_delay": 0.0991374227173516, "min_delay": 0.04903389066578187, "avg_delay": 0.06185273585810716, "min_max_difference": 0.05010353205156973, "running_time": 30.024290084838867}, "delay_balance": {"max_delay": 0.08126952676386685, "min_delay": 0.055309784570228004, "avg_delay": 0.06849503780703174, "min_max_difference": 0.02595974219363885, "running_time": 32.029151916503906}}, "160": {"num_user": 100, "num_service": 72, "min_max_greedy": {"max_delay": 0.08037167631360409, "min_delay": 0.053974752371688126, "avg_delay": 0.06620841769851771, "min_max_difference": 0.026396923941915965, "running_time": 41.03422164916992}, "min_max_equal_weight": {"max_delay": 0.08297013211451493, "min_delay": 0.04858243976718116, "avg_delay": 0.059839323414041586, "min_max_difference": 0.03438769234733377, "running_time": 34.03019905090332}, "delay_balance": {"max_delay": 0.08026952676386685, "min_delay": 0.053974752371688126, "avg_delay": 0.06601124694413892, "min_max_difference": 0.026294774392178727, "running_time": 34.02829170227051}}, "180": {"num_user": 100, "num_service": 72, "min_max_greedy": {"max_delay": 0.07222553306765042, "min_delay": 0.05352330147308741, "avg_delay": 0.06286355991181038, "min_max_difference": 0.01870223159456301, "running_time": 51.04422569274902}, "min_max_equal_weight": {"max_delay": 0.08187547660235697, "min_delay": 0.04858243976718116, "avg_delay": 0.05793097824752522, "min_max_difference": 0.033293036835175815, "running_time": 37.030935287475586}, "delay_balance": {"max_delay": 0.07388278588502091, "min_delay": 0.05363218143341465, "avg_delay": 0.06433905486269192, "min_max_difference": 0.020250604451606258, "running_time": 37.03045845031738}}, "200": {"num_user": 100, "num_service": 72, "min_max_greedy": {"max_delay": 0.06913964520697856, "min_delay": 0.053974752371688126, "avg_delay": 0.06217028662315555, "min_max_difference": 0.015164892835290433, "running_time": 55.048465728759766}, "min_max_equal_weight": {"max_delay": 0.07916360350536118, "min_delay": 0.048300339227123706, "avg_delay": 0.056471541102549025, "min_max_difference": 0.030863264278237476, "running_time": 41.03398323059082}, "delay_balance": {"max_delay": 0.06957999559333326, "min_delay": 0.053974752371688126, "avg_delay": 0.062337266016092595, "min_max_difference": 0.015605243221645138, "running_time": 42.03438758850098}}}