{"entropy": 99917621929797446461660014928749993994, "20": {"num_user": 100, "num_service": 73, "min_max_greedy": {"max_delay": 0.23582162501789672, "min_delay": 0.06678915158929555, "avg_delay": 0.097812104734309, "min_max_difference": 0.16903247342860117, "running_time": 6.005287170410156}, "min_max_equal_weight": {"max_delay": 0.24376540847007472, "min_delay": 0.05818133133856787, "avg_delay": 0.09086031232829911, "min_max_difference": 0.18558407713150685, "running_time": 5.004405975341797}, "delay_balance": {"max_delay": 0.23582162501789672, "min_delay": 0.06678915158929555, "avg_delay": 0.097812104734309, "min_max_difference": 0.16903247342860117, "running_time": 7.0056915283203125}}, "40": {"num_user": 100, "num_service": 73, "min_max_greedy": {"max_delay": 0.11758563077178849, "min_delay": 0.06678915158929555, "avg_delay": 0.08759797149142547, "min_max_difference": 0.05079647918249294, "running_time": 11.00921630859375}, "min_max_equal_weight": {"max_delay": 0.11031573286578475, "min_delay": 0.05818133133856787, "avg_delay": 0.07604304180956296, "min_max_difference": 0.05213440152721688, "running_time": 8.00633430480957}, "delay_balance": {"max_delay": 0.11758563077178849, "min_delay": 0.06678915158929555, "avg_delay": 0.08759797149142547, "min_max_difference": 0.05079647918249294, "running_time": 12.010574340820312}}, "60": {"num_user": 100, "num_service": 73, "min_max_greedy": {"max_delay": 0.10031235643288464, "min_delay": 0.06607029481718849, "avg_delay": 0.08060773477871934, "min_max_difference": 0.03424206161569615, "running_time": 18.014907836914062}, "min_max_equal_weight": {"max_delay": 0.10497622183208219, "min_delay": 0.05018363041343574, "avg_delay": 0.06895739841883115, "min_max_difference": 0.05479259141864645, "running_time": 16.013145446777344}, "delay_balance": {"max_delay": 0.10031235643288464, "min_delay": 0.060781495828482225, "avg_delay": 0.08100785917637097, "min_max_difference": 0.03953086060440241, "running_time": 15.012264251708984}}, "80": {"num_user": 100, "num_service": 73, "min_max_greedy": {"max_delay": 0.09093735643288461, "min_delay": 0.05922979572645066, "avg_delay": 0.07463622962825889, "min_max_difference": 0.031707560706433956, "running_time": 24.019956588745117}, "min_max_equal_weight": {"max_delay": 0.10409521437943513, "min_delay": 0.04930262296078868, "avg_delay": 0.06533062915700323, "min_max_difference": 0.054792591418646446, "running_time": 20.015954971313477}, "delay_balance": {"max_delay": 0.09193735643288461, "min_delay": 0.06545122924457161, "avg_delay": 0.07716157587839698, "min_max_difference": 0.026486127188313002, "running_time": 25.020599365234375}}, "100": {"num_user": 100, "num_service": 73, "min_max_greedy": {"max_delay": 0.08450759973553346, "min_delay": 0.05922979572645066, "avg_delay": 0.07209677042999138, "min_max_difference": 0.025277804009082798, "running_time": 31.02564811706543}, "min_max_equal_weight": {"max_delay": 0.08378645107423383, "min_delay": 0.04930262296078868, "avg_delay": 0.06259491013126628, "min_max_difference": 0.03448382811344514, "running_time": 24.019956588745117}, "delay_balance": {"max_delay": 0.08450759973553346, "min_delay": 0.060781495828482225, "avg_delay": 0.0728694575998402, "min_max_difference": 0.02372610390705123, "running_time": 25.021076202392578}}, "120": {"num_user": 100, "num_service": 73, "min_max_greedy": {"max_delay": 0.07990868957593468, "min_delay": 0.05922979572645066, "avg_delay": 0.06986505338295672, "min_max_difference": 0.02067889384948402, "running_time": 35.02941131591797}, "min_max_equal_weight": {"max_delay": 0.07751337820347981, "min_delay": 0.04930262296078868, "avg_delay": 0.06042282232915865, "min_max_difference": 0.028210755242691128, "running_time": 27.022361755371094}, "delay_balance": {"max_delay": 0.07990868957593468, "min_delay": 0.05922979572645066, "avg_delay": 0.06986505338295672, "min_max_difference": 0.02067889384948402, "running_time": 25.020599365234375}}, "140": {"num_user": 100, "num_service": 73, "min_max_greedy": {"max_delay": 0.07548803819135493, "min_delay": 0.05922979572645066, "avg_delay": 0.06828067327477255, "min_max_difference": 0.016258242464904267, "running_time": 40.03334045410156}, "min_max_equal_weight": {"max_delay": 0.07751337820347981, "min_delay": 0.04930262296078868, "avg_delay": 0.05871705835611084, "min_max_difference": 0.028210755242691128, "running_time": 33.02741050720215}, "delay_balance": {"max_delay": 0.07548803819135493, "min_delay": 0.05922979572645066, "avg_delay": 0.06828067327477255, "min_max_difference": 0.016258242464904267, "running_time": 27.022600173950195}}, "160": {"num_user": 100, "num_service": 73, "min_max_greedy": {"max_delay": 0.07455453739496773, "min_delay": 0.058414215758266, "avg_delay": 0.06732693149440944, "min_max_difference": 0.016140321636701732, "running_time": 45.03750801086426}, "min_max_equal_weight": {"max_delay": 0.07751337820347981, "min_delay": 0.04703280251316416, "avg_delay": 0.057446085503999066, "min_max_difference": 0.030480575690315648, "running_time": 39.032936096191406}, "delay_balance": {"max_delay": 0.07455453739496773, "min_delay": 0.058414215758266, "avg_delay": 0.06732693149440944, "min_max_difference": 0.016140321636701732, "running_time": 31.02588653564453}}, "180": {"num_user": 100, "num_service": 73, "min_max_greedy": {"max_delay": 0.07246026580706592, "min_delay": 0.058414215758266, "avg_delay": 0.06587432385819578, "min_max_difference": 0.014046050048799927, "running_time": 52.04367637634277}, "min_max_equal_weight": {"max_delay": 0.07726219245132968, "min_delay": 0.04496699842005472, "avg_delay": 0.05642320841390599, "min_max_difference": 0.032295194031274954, "running_time": 43.03622245788574}, "delay_balance": {"max_delay": 0.07246026580706592, "min_delay": 0.058414215758266, "avg_delay": 0.06587432385819578, "min_max_difference": 0.014046050048799927, "running_time": 34.02829170227051}}, "200": {"num_user": 100, "num_service": 73, "min_max_greedy": {"max_delay": 0.07097573662985115, "min_delay": 0.057453528319439486, "avg_delay": 0.06487162721453038, "min_max_difference": 0.01352220831041167, "running_time": 59.04865264892578}, "min_max_equal_weight": {"max_delay": 0.07264326260109609, "min_delay": 0.04496699842005472, "avg_delay": 0.05551796750664831, "min_max_difference": 0.02767626418104137, "running_time": 48.040151596069336}, "delay_balance": {"max_delay": 0.07097573662985115, "min_delay": 0.057453528319439486, "avg_delay": 0.06487162721453038, "min_max_difference": 0.01352220831041167, "running_time": 38.03229331970215}}}