{"entropy": 227238590077254635651766822751279266325, "20": {"num_user": 100, "num_service": 73, "min_max_greedy": {"max_delay": 0.269393025666589, "min_delay": 0.06243943501719256, "avg_delay": 0.10754760956711407, "min_max_difference": 0.20695359064939645, "running_time": 4.003763198852539}, "min_max_equal_weight": {"max_delay": 0.2676519168276642, "min_delay": 0.060698326178267745, "avg_delay": 0.1028366894399133, "min_max_difference": 0.20695359064939645, "running_time": 4.003286361694336}, "delay_balance": {"max_delay": 0.269393025666589, "min_delay": 0.06243943501719256, "avg_delay": 0.10754760956711407, "min_max_difference": 0.20695359064939645, "running_time": 5.004167556762695}}, "40": {"num_user": 100, "num_service": 73, "min_max_greedy": {"max_delay": 0.17848380114366547, "min_delay": 0.060698326178267745, "avg_delay": 0.09848230235019148, "min_max_difference": 0.11778547496539772, "running_time": 7.006168365478516}, "min_max_equal_weight": {"max_delay": 0.2676519168276642, "min_delay": 0.05682208158941443, "avg_delay": 0.09191698717398179, "min_max_difference": 0.21082983523824977, "running_time": 8.006095886230469}, "delay_balance": {"max_delay": 0.17848380114366547, "min_delay": 0.060698326178267745, "avg_delay": 0.09848230235019148, "min_max_difference": 0.11778547496539772, "running_time": 8.00633430480957}}, "60": {"num_user": 100, "num_service": 73, "min_max_greedy": {"max_delay": 0.13756738646716327, "min_delay": 0.05856319042833924, "avg_delay": 0.09305246501842757, "min_max_difference": 0.07900419603882403, "running_time": 12.010335922241211}, "min_max_equal_weight": {"max_delay": 0.2590181291223508, "min_delay": 0.05602691702511111, "avg_delay": 0.08413659173201186, "min_max_difference": 0.20299121209723966, "running_time": 11.00921630859375}, "delay_balance": {"max_delay": 0.13756738646716327, "min_delay": 0.05856319042833924, "avg_delay": 0.09305246501842757, "min_max_difference": 0.07900419603882403, "running_time": 14.011144638061523}}, "80": {"num_user": 100, "num_service": 73, "min_max_greedy": {"max_delay": 0.11459889356985445, "min_delay": 0.05856319042833924, "avg_delay": 0.08440663022563742, "min_max_difference": 0.05603570314151521, "running_time": 16.013145446777344}, "min_max_equal_weight": {"max_delay": 0.13682627762823846, "min_delay": 0.054203893425581975, "avg_delay": 0.07792674263057185, "min_max_difference": 0.08262238420265648, "running_time": 14.011621475219727}, "delay_balance": {"max_delay": 0.11459889356985445, "min_delay": 0.05856319042833924, "avg_delay": 0.08440663022563742, "min_max_difference": 0.05603570314151521, "running_time": 16.013145446777344}}, "100": {"num_user": 100, "num_service": 73, "min_max_greedy": {"max_delay": 0.09970046828571363, "min_delay": 0.05754342981162084, "avg_delay": 0.07996547193155067, "min_max_difference": 0.042157038474092794, "running_time": 20.016193389892578}, "min_max_equal_weight": {"max_delay": 0.10457375649311126, "min_delay": 0.054203893425581975, "avg_delay": 0.07330955433454991, "min_max_difference": 0.05036986306752929, "running_time": 17.014026641845703}, "delay_balance": {"max_delay": 0.09906735400591749, "min_delay": 0.05754342981162084, "avg_delay": 0.08009890976568983, "min_max_difference": 0.041523924194296645, "running_time": 19.01555061340332}}, "120": {"num_user": 100, "num_service": 73, "min_max_greedy": {"max_delay": 0.09556943751732871, "min_delay": 0.05754342981162084, "avg_delay": 0.07597798950228472, "min_max_difference": 0.038026007705707875, "running_time": 23.018836975097656}, "min_max_equal_weight": {"max_delay": 0.10424698922293871, "min_delay": 0.052118491483198755, "avg_delay": 0.06930193177303294, "min_max_difference": 0.05212849773973995, "running_time": 21.01755142211914}, "delay_balance": {"max_delay": 0.09556943751732871, "min_delay": 0.05754342981162084, "avg_delay": 0.07680865066255534, "min_max_difference": 0.038026007705707875, "running_time": 21.017074584960938}}, "140": {"num_user": 100, "num_service": 73, "min_max_greedy": {"max_delay": 0.08968033016678328, "min_delay": 0.05580232097269602, "avg_delay": 0.07255460325105416, "min_max_difference": 0.03387800919408726, "running_time": 28.023719787597656}, "min_max_equal_weight": {"max_delay": 0.10424698922293871, "min_delay": 0.052118491483198755, "avg_delay": 0.06628789669546215, "min_max_difference": 0.05212849773973995, "running_time": 24.019956588745117}, "delay_balance": {"max_delay": 0.0914214390057081, "min_delay": 0.05754342981162084, "avg_delay": 0.07394466781436677, "min_max_difference": 0.033878009194087254, "running_time": 23.019075393676758}}, "160": {"num_user": 100, "num_service": 73, "min_max_greedy": {"max_delay": 0.08942102106672055, "min_delay": 0.05418636759229613, "avg_delay": 0.0722825735739267, "min_max_difference": 0.03523465347442442, "running_time": 32.02676773071289}, "min_max_equal_weight": {"max_delay": 0.10424698922293871, "min_delay": 0.052118491483198755, "avg_delay": 0.0640431065166606, "min_max_difference": 0.05212849773973995, "running_time": 27.022600173950195}, "delay_balance": {"max_delay": 0.08942102106672055, "min_delay": 0.05418636759229613, "avg_delay": 0.072089397711621, "min_max_difference": 0.03523465347442442, "running_time": 25.020599365234375}}, "180": {"num_user": 100, "num_service": 73, "min_max_greedy": {"max_delay": 0.08470794442632744, "min_delay": 0.05418636759229613, "avg_delay": 0.06933682044090367, "min_max_difference": 0.03052157683403131, "running_time": 37.03141212463379}, "min_max_equal_weight": {"max_delay": 0.10424698922293871, "min_delay": 0.05105526892129825, "avg_delay": 0.06222067754413323, "min_max_difference": 0.05319172030164046, "running_time": 31.025171279907227}, "delay_balance": {"max_delay": 0.0845214364898195, "min_delay": 0.05418636759229613, "avg_delay": 0.06933682044090367, "min_max_difference": 0.030335068897523368, "running_time": 28.023719787597656}}, "200": {"num_user": 100, "num_service": 73, "min_max_greedy": {"max_delay": 0.08183282018308174, "min_delay": 0.05418636759229613, "avg_delay": 0.06708258180541136, "min_max_difference": 0.027646452590785617, "running_time": 42.035818099975586}, "min_max_equal_weight": {"max_delay": 0.0839630391872864, "min_delay": 0.05105526892129825, "avg_delay": 0.06057060691060064, "min_max_difference": 0.03290777026598815, "running_time": 34.02829170227051}, "delay_balance": {"max_delay": 0.08191097743851135, "min_delay": 0.05418636759229613, "avg_delay": 0.06736616833562524, "min_max_difference": 0.02772460984621522, "running_time": 30.025005340576172}}}