{"entropy": 247741221149295280316979605627567324997, "20": {"num_user": 100, "num_service": 79, "min_max_greedy": {"max_delay": 0.2647471312955238, "min_delay": 0.05911072319153675, "avg_delay": 0.12476260802578923, "min_max_difference": 0.20563640810398703, "running_time": 7.005929946899414}, "min_max_equal_weight": {"max_delay": 0.22315738770578028, "min_delay": 0.058282219414840894, "avg_delay": 0.10453524998516375, "min_max_difference": 0.1648751682909394, "running_time": 5.003690719604492}, "delay_balance": {"max_delay": 0.2647471312955238, "min_delay": 0.05911072319153675, "avg_delay": 0.12476260802578923, "min_max_difference": 0.20563640810398703, "running_time": 9.006977081298828}}, "40": {"num_user": 100, "num_service": 79, "min_max_greedy": {"max_delay": 0.20669197890074886, "min_delay": 0.05911072319153675, "avg_delay": 0.09696776838288475, "min_max_difference": 0.1475812557092121, "running_time": 12.009859085083008}, "min_max_equal_weight": {"max_delay": 0.20135387008262845, "min_delay": 0.0501053989309959, "avg_delay": 0.08412019922135895, "min_max_difference": 0.15124847115163254, "running_time": 10.008811950683594}, "delay_balance": {"max_delay": 0.20669197890074886, "min_delay": 0.05911072319153675, "avg_delay": 0.09696776838288475, "min_max_difference": 0.1475812557092121, "running_time": 14.011859893798828}}, "60": {"num_user": 100, "num_service": 79, "min_max_greedy": {"max_delay": 0.10650865601562584, "min_delay": 0.05828273938602083, "avg_delay": 0.07457345261478149, "min_max_difference": 0.04822591662960501, "running_time": 17.015695571899414}, "min_max_equal_weight": {"max_delay": 0.19822580590007927, "min_delay": 0.057154155232291684, "avg_delay": 0.07243343748201542, "min_max_difference": 0.1410716506677876, "running_time": 14.011621475219727}, "delay_balance": {"max_delay": 0.10650865601562584, "min_delay": 0.05828273938602083, "avg_delay": 0.07457345261478149, "min_max_difference": 0.04822591662960501, "running_time": 17.014741897583008}}, "80": {"num_user": 100, "num_service": 79, "min_max_greedy": {"max_delay": 0.09246554900557213, "min_delay": 0.054638146811372135, "avg_delay": 0.06858671257515404, "min_max_difference": 0.0378274021942, "running_time": 22.0186710357666}, "min_max_equal_weight": {"max_delay": 0.09604248301495623, "min_delay": 0.04897733474844669, "avg_delay": 0.0665049177078625, "min_max_difference": 0.04706514826650954, "running_time": 19.016027450561523}, "delay_balance": {"max_delay": 0.09307551409601961, "min_delay": 0.055577741194087524, "avg_delay": 0.0701323601021004, "min_max_difference": 0.03749777290193208, "running_time": 20.018339157104492}}, "100": {"num_user": 100, "num_service": 79, "min_max_greedy": {"max_delay": 0.0826859289534309, "min_delay": 0.05344093257780758, "avg_delay": 0.06558700707956644, "min_max_difference": 0.029244996375623313, "running_time": 28.02252769470215}, "min_max_equal_weight": {"max_delay": 0.0919474499134704, "min_delay": 0.04769672257270045, "avg_delay": 0.06265265411443605, "min_max_difference": 0.044250727340769944, "running_time": 24.019718170166016}, "delay_balance": {"max_delay": 0.08967268695779712, "min_delay": 0.055187706284535, "avg_delay": 0.06920298486014749, "min_max_difference": 0.03448498067326212, "running_time": 23.019075393676758}}, "120": {"num_user": 100, "num_service": 79, "min_max_greedy": {"max_delay": 0.078573703015118, "min_delay": 0.05344093257780758, "avg_delay": 0.06320901827249335, "min_max_difference": 0.025132770437310416, "running_time": 33.02741050720215}, "min_max_equal_weight": {"max_delay": 0.08930826638676205, "min_delay": 0.04746036618421459, "avg_delay": 0.06018680230037151, "min_max_difference": 0.04184790020254746, "running_time": 28.023242950439453}, "delay_balance": {"max_delay": 0.08044821197856905, "min_delay": 0.05344093257780758, "avg_delay": 0.06570364576786683, "min_max_difference": 0.027007279400761468, "running_time": 27.022123336791992}}, "140": {"num_user": 100, "num_service": 79, "min_max_greedy": {"max_delay": 0.069122770398757, "min_delay": 0.05198086943147711, "avg_delay": 0.06089857426953855, "min_max_difference": 0.01714190096727989, "running_time": 40.033578872680664}, "min_max_equal_weight": {"max_delay": 0.08507658996024264, "min_delay": 0.04746036618421459, "avg_delay": 0.05810118170888507, "min_max_difference": 0.03761622377602805, "running_time": 33.02717208862305}, "delay_balance": {"max_delay": 0.07087310667870356, "min_delay": 0.05198086943147711, "avg_delay": 0.06112085470767896, "min_max_difference": 0.018892237247226447, "running_time": 32.02676773071289}}, "160": {"num_user": 100, "num_service": 79, "min_max_greedy": {"max_delay": 0.06641416724607505, "min_delay": 0.05149395420320741, "avg_delay": 0.05911383749540157, "min_max_difference": 0.014920213042867635, "running_time": 45.03774642944336}, "min_max_equal_weight": {"max_delay": 0.08507658996024264, "min_delay": 0.04746036618421459, "avg_delay": 0.05654161937383864, "min_max_difference": 0.03761622377602805, "running_time": 39.0322208404541}, "delay_balance": {"max_delay": 0.067291142944716, "min_delay": 0.05149395420320741, "avg_delay": 0.059508547489840434, "min_max_difference": 0.015797188741508587, "running_time": 37.030935287475586}}, "180": {"num_user": 100, "num_service": 79, "min_max_greedy": {"max_delay": 0.06441185233793749, "min_delay": 0.04898247717329145, "avg_delay": 0.05694969646223926, "min_max_difference": 0.015429375164646042, "running_time": 49.040794372558594}, "min_max_equal_weight": {"max_delay": 0.06592672237368091, "min_delay": 0.045246912742669315, "avg_delay": 0.055351097453868056, "min_max_difference": 0.020679809631011598, "running_time": 42.03534126281738}, "delay_balance": {"max_delay": 0.06628669022721412, "min_delay": 0.051096244231393306, "avg_delay": 0.05883830726829279, "min_max_difference": 0.015190445995820812, "running_time": 37.03045845031738}}, "200": {"num_user": 100, "num_service": 79, "min_max_greedy": {"max_delay": 0.06452153473113263, "min_delay": 0.049191043135763765, "avg_delay": 0.05724336400910396, "min_max_difference": 0.015330491595368867, "running_time": 53.04408073425293}, "min_max_equal_weight": {"max_delay": 0.06592672237368091, "min_delay": 0.045246912742669315, "avg_delay": 0.05428550152145402, "min_max_difference": 0.020679809631011598, "running_time": 48.039913177490234}, "delay_balance": {"max_delay": 0.06511881955756373, "min_delay": 0.05011054135584066, "avg_delay": 0.05736847453662061, "min_max_difference": 0.015008278201723069, "running_time": 39.032697677612305}}}