{"entropy": 315600694319786877896292295579111942715, "20": {"num_user": 100, "num_service": 77, "min_max_greedy": {"max_delay": 0.15123603336716573, "min_delay": 0.06555211821985152, "avg_delay": 0.08769948833694928, "min_max_difference": 0.08568391514731422, "running_time": 11.008977890014648}, "min_max_equal_weight": {"max_delay": 0.1490458805786931, "min_delay": 0.058361965431378886, "avg_delay": 0.08106566664093436, "min_max_difference": 0.09068391514731422, "running_time": 10.007858276367188}, "delay_balance": {"max_delay": 0.15123603336716573, "min_delay": 0.06613626592137717, "avg_delay": 0.09124936195015675, "min_max_difference": 0.08509976744578857, "running_time": 15.012502670288086}}, "40": {"num_user": 100, "num_service": 77, "min_max_greedy": {"max_delay": 0.13454959048400153, "min_delay": 0.06355211821985152, "avg_delay": 0.08059974111053425, "min_max_difference": 0.07099747226415001, "running_time": 17.014265060424805}, "min_max_equal_weight": {"max_delay": 0.13601858536079353, "min_delay": 0.05280632399322114, "avg_delay": 0.07324874680208064, "min_max_difference": 0.0832122613675724, "running_time": 16.013383865356445}, "delay_balance": {"max_delay": 0.13454959048400153, "min_delay": 0.06355211821985152, "avg_delay": 0.08059974111053425, "min_max_difference": 0.07099747226415001, "running_time": 18.01466941833496}}, "60": {"num_user": 100, "num_service": 77, "min_max_greedy": {"max_delay": 0.10359116769959299, "min_delay": 0.06058476275577004, "avg_delay": 0.0764592568010005, "min_max_difference": 0.043006404943822955, "running_time": 22.0181941986084}, "min_max_equal_weight": {"max_delay": 0.13334881769408147, "min_delay": 0.05203964765984517, "avg_delay": 0.06925832370361068, "min_max_difference": 0.0813091700342363, "running_time": 22.0181941986084}, "delay_balance": {"max_delay": 0.10532550481706866, "min_delay": 0.06231909987324571, "avg_delay": 0.07671940736862184, "min_max_difference": 0.043006404943822955, "running_time": 22.017955780029297}}, "80": {"num_user": 100, "num_service": 77, "min_max_greedy": {"max_delay": 0.0813726998848375, "min_delay": 0.05729809680339959, "avg_delay": 0.07171427265787166, "min_max_difference": 0.024074603081437912, "running_time": 30.02476692199707}, "min_max_equal_weight": {"max_delay": 0.10485753219544253, "min_delay": 0.05203964765984517, "avg_delay": 0.06570845009040319, "min_max_difference": 0.052817884535597354, "running_time": 25.020599365234375}, "delay_balance": {"max_delay": 0.0813726998848375, "min_delay": 0.06231909987324571, "avg_delay": 0.07210861416662924, "min_max_difference": 0.019053600011591794, "running_time": 28.02276611328125}}, "100": {"num_user": 100, "num_service": 77, "min_max_greedy": {"max_delay": 0.07980375532076248, "min_delay": 0.05699647678169377, "avg_delay": 0.06884532154812736, "min_max_difference": 0.022807278539068707, "running_time": 35.02917289733887}, "min_max_equal_weight": {"max_delay": 0.10485753219544253, "min_delay": 0.04891893101528338, "avg_delay": 0.06327283994957209, "min_max_difference": 0.05593860118015915, "running_time": 31.026124954223633}, "delay_balance": {"max_delay": 0.07980375532076248, "min_delay": 0.05699647678169377, "avg_delay": 0.06884532154812736, "min_max_difference": 0.022807278539068707, "running_time": 29.024124145507812}}, "120": {"num_user": 100, "num_service": 77, "min_max_greedy": {"max_delay": 0.07815841502357888, "min_delay": 0.05699647678169377, "avg_delay": 0.06775090722779215, "min_max_difference": 0.021161938241885114, "running_time": 40.033578872680664}, "min_max_equal_weight": {"max_delay": 0.07484956248178257, "min_delay": 0.04891893101528338, "avg_delay": 0.061231592128893696, "min_max_difference": 0.02593063146649919, "running_time": 34.028053283691406}, "delay_balance": {"max_delay": 0.07815841502357888, "min_delay": 0.05699647678169377, "avg_delay": 0.06775090722779215, "min_max_difference": 0.021161938241885114, "running_time": 31.02564811706543}}, "140": {"num_user": 100, "num_service": 77, "min_max_greedy": {"max_delay": 0.07561886277905418, "min_delay": 0.05699647678169377, "avg_delay": 0.06601853719099995, "min_max_difference": 0.018622385997360408, "running_time": 44.036865234375}, "min_max_equal_weight": {"max_delay": 0.07420158590173029, "min_delay": 0.04891893101528338, "avg_delay": 0.05942729825173163, "min_max_difference": 0.02528265488644691, "running_time": 41.03398323059082}, "delay_balance": {"max_delay": 0.07626420307623777, "min_delay": 0.05699647678169377, "avg_delay": 0.06685323792380396, "min_max_difference": 0.019267726294544, "running_time": 33.02717208862305}}, "160": {"num_user": 100, "num_service": 77, "min_max_greedy": {"max_delay": 0.07291801103395892, "min_delay": 0.05561009725460765, "avg_delay": 0.06464728824728452, "min_max_difference": 0.017307913779351272, "running_time": 50.04119873046875}, "min_max_equal_weight": {"max_delay": 0.0708505002144797, "min_delay": 0.04891893101528338, "avg_delay": 0.057973876183022494, "min_max_difference": 0.021931569199196317, "running_time": 46.038150787353516}, "delay_balance": {"max_delay": 0.07412258631972596, "min_delay": 0.05699647678169377, "avg_delay": 0.06548726301246129, "min_max_difference": 0.01712610953803219, "running_time": 36.03005409240723}}, "180": {"num_user": 100, "num_service": 77, "min_max_greedy": {"max_delay": 0.07143162630053755, "min_delay": 0.05561009725460765, "avg_delay": 0.06388129500097961, "min_max_difference": 0.0158215290459299, "running_time": 55.045366287231445}, "min_max_equal_weight": {"max_delay": 0.07060715466050176, "min_delay": 0.04817900263477226, "avg_delay": 0.05674470518829541, "min_max_difference": 0.022428152025729495, "running_time": 49.040794372558594}, "delay_balance": {"max_delay": 0.07143162630053755, "min_delay": 0.05699647678169377, "avg_delay": 0.06394543826189289, "min_max_difference": 0.014435149518843782, "running_time": 38.031816482543945}}, "200": {"num_user": 100, "num_service": 77, "min_max_greedy": {"max_delay": 0.06765927366715849, "min_delay": 0.05561009725460765, "avg_delay": 0.06221100689839467, "min_max_difference": 0.012049176412550835, "running_time": 62.05153465270996}, "min_max_equal_weight": {"max_delay": 0.07060715466050176, "min_delay": 0.04636043814269232, "avg_delay": 0.05577741364342697, "min_max_difference": 0.024246716517809436, "running_time": 54.04496192932129}, "delay_balance": {"max_delay": 0.06880795637346816, "min_delay": 0.05561009725460765, "avg_delay": 0.06250686711270405, "min_max_difference": 0.013197859118860511, "running_time": 43.03622245788574}}}