{"entropy": 287434260038990844941617366618488698050, "20": {"num_user": 100, "num_service": 75, "min_max_greedy": {"max_delay": 1.7420425969131175, "min_delay": 0.0611314865834804, "avg_delay": 0.5204039347331557, "min_max_difference": 1.680911110329637, "running_time": 5.004167556762695}, "min_max_equal_weight": {"max_delay": 1.7475880514585718, "min_delay": 0.05997582422730077, "avg_delay": 0.40527656269793444, "min_max_difference": 1.687612227231271, "running_time": 6.005525588989258}, "delay_balance": {"max_delay": 1.7420425969131175, "min_delay": 0.0611314865834804, "avg_delay": 0.5204039347331557, "min_max_difference": 1.680911110329637, "running_time": 7.0056915283203125}}, "40": {"num_user": 100, "num_service": 75, "min_max_greedy": {"max_delay": 1.7148829863220922, "min_delay": 0.06445582889582827, "avg_delay": 0.37686303249925596, "min_max_difference": 1.650427157426264, "running_time": 8.007287979125977}, "min_max_equal_weight": {"max_delay": 1.7520680561270994, "min_delay": 0.06445582889582827, "avg_delay": 0.2744471421694876, "min_max_difference": 1.687612227231271, "running_time": 8.007049560546875}, "delay_balance": {"max_delay": 1.7148829863220922, "min_delay": 0.06445582889582827, "avg_delay": 0.37686303249925596, "min_max_difference": 1.650427157426264, "running_time": 9.008169174194336}}, "60": {"num_user": 100, "num_service": 75, "min_max_greedy": {"max_delay": 1.7114137351394452, "min_delay": 0.06445582889582827, "avg_delay": 0.22884212559682865, "min_max_difference": 1.6469579062436168, "running_time": 13.010740280151367}, "min_max_equal_weight": {"max_delay": 1.7455226015816447, "min_delay": 0.06445582889582827, "avg_delay": 0.19221330500147238, "min_max_difference": 1.6810667726858164, "running_time": 11.009454727172852}, "delay_balance": {"max_delay": 1.7114137351394452, "min_delay": 0.06445582889582827, "avg_delay": 0.22884212559682865, "min_max_difference": 1.6469579062436168, "running_time": 15.012502670288086}}, "80": {"num_user": 100, "num_service": 75, "min_max_greedy": {"max_delay": 0.6739844534175208, "min_delay": 0.06445582889582827, "avg_delay": 0.13307176781128485, "min_max_difference": 0.6095286245216925, "running_time": 19.015789031982422}, "min_max_equal_weight": {"max_delay": 0.67171768792294, "min_delay": 0.05997582422730077, "avg_delay": 0.1302042600908352, "min_max_difference": 0.6117418636956392, "running_time": 14.011383056640625}, "delay_balance": {"max_delay": 0.6739844534175208, "min_delay": 0.06445582889582827, "avg_delay": 0.13307176781128485, "min_max_difference": 0.6095286245216925, "running_time": 19.01555061340332}}, "100": {"num_user": 100, "num_service": 75, "min_max_greedy": {"max_delay": 0.2421772771675794, "min_delay": 0.06445582889582827, "avg_delay": 0.10114548541252608, "min_max_difference": 0.17772144827175113, "running_time": 23.01955223083496}, "min_max_equal_weight": {"max_delay": 0.251848787650567, "min_delay": 0.05997582422730077, "avg_delay": 0.094326938357733, "min_max_difference": 0.19187296342326624, "running_time": 19.015073776245117}, "delay_balance": {"max_delay": 0.2421772771675794, "min_delay": 0.06445582889582827, "avg_delay": 0.10114548541252608, "min_max_difference": 0.17772144827175113, "running_time": 25.021076202392578}}, "120": {"num_user": 100, "num_service": 75, "min_max_greedy": {"max_delay": 0.11410100609939197, "min_delay": 0.06445582889582827, "avg_delay": 0.0821547192042299, "min_max_difference": 0.049645177203563706, "running_time": 33.02764892578125}, "min_max_equal_weight": {"max_delay": 0.22726216672432342, "min_delay": 0.055818675533494795, "avg_delay": 0.07372665480404743, "min_max_difference": 0.17144349119082863, "running_time": 23.018360137939453}, "delay_balance": {"max_delay": 0.11410100609939197, "min_delay": 0.06445582889582827, "avg_delay": 0.0821547192042299, "min_max_difference": 0.049645177203563706, "running_time": 34.02829170227051}}, "140": {"num_user": 100, "num_service": 75, "min_max_greedy": {"max_delay": 0.07346190571395092, "min_delay": 0.054518074989877666, "avg_delay": 0.06447491429571374, "min_max_difference": 0.018943830724073255, "running_time": 39.031982421875}, "min_max_equal_weight": {"max_delay": 0.07682110632265965, "min_delay": 0.053925825632140975, "avg_delay": 0.06427780993462157, "min_max_difference": 0.022895280690518674, "running_time": 27.022600173950195}, "delay_balance": {"max_delay": 0.08296893062769385, "min_delay": 0.05508908075028013, "avg_delay": 0.07024339860649668, "min_max_difference": 0.027879849877413723, "running_time": 37.03045845031738}}, "160": {"num_user": 100, "num_service": 75, "min_max_greedy": {"max_delay": 0.07253869456058078, "min_delay": 0.053925825632140975, "avg_delay": 0.06359303151348066, "min_max_difference": 0.018612868928439802, "running_time": 41.03446006774902}, "min_max_equal_weight": {"max_delay": 0.07286965635621423, "min_delay": 0.04680183075551429, "avg_delay": 0.060235026093558235, "min_max_difference": 0.026067825600699937, "running_time": 35.028934478759766}, "delay_balance": {"max_delay": 0.07761094858684497, "min_delay": 0.05508908075028013, "avg_delay": 0.06882536650616493, "min_max_difference": 0.022521867836564846, "running_time": 39.0322208404541}}, "180": {"num_user": 100, "num_service": 75, "min_max_greedy": {"max_delay": 0.07644668511173765, "min_delay": 0.05508908075028013, "avg_delay": 0.06719634641966862, "min_max_difference": 0.02135760436145752, "running_time": 44.036149978637695}, "min_max_equal_weight": {"max_delay": 0.07286965635621423, "min_delay": 0.04680183075551429, "avg_delay": 0.058131284683683206, "min_max_difference": 0.026067825600699937, "running_time": 39.0322208404541}, "delay_balance": {"max_delay": 0.07644668511173765, "min_delay": 0.05508908075028013, "avg_delay": 0.06820796723303627, "min_max_difference": 0.02135760436145752, "running_time": 40.03334045410156}}, "200": {"num_user": 100, "num_service": 75, "min_max_greedy": {"max_delay": 0.07431869239488756, "min_delay": 0.05508908075028013, "avg_delay": 0.06478290034541069, "min_max_difference": 0.01922961164460743, "running_time": 50.04119873046875}, "min_max_equal_weight": {"max_delay": 0.07271036910275308, "min_delay": 0.046642543502053144, "avg_delay": 0.05669234711680907, "min_max_difference": 0.026067825600699937, "running_time": 45.03750801086426}, "delay_balance": {"max_delay": 0.07431869239488756, "min_delay": 0.05508908075028013, "avg_delay": 0.06478290034541069, "min_max_difference": 0.01922961164460743, "running_time": 44.0363883972168}}}