{"entropy": 231738484641782823773352702071437150174, "20": {"num_user": 100, "num_service": 76, "min_max_greedy": {"max_delay": 1.7252241546846778, "min_delay": 0.05790021611362244, "avg_delay": 0.30511062136704914, "min_max_difference": 1.6673239385710554, "running_time": 5.004644393920898}, "min_max_equal_weight": {"max_delay": 1.7257799322404552, "min_delay": 0.05929572613111267, "avg_delay": 0.27734275953109144, "min_max_difference": 1.6664842061093426, "running_time": 5.003929138183594}, "delay_balance": {"max_delay": 1.7252241546846778, "min_delay": 0.05790021611362244, "avg_delay": 0.30511062136704914, "min_max_difference": 1.6673239385710554, "running_time": 7.005453109741211}}, "40": {"num_user": 100, "num_service": 76, "min_max_greedy": {"max_delay": 1.7253998723055475, "min_delay": 0.06521869649923517, "avg_delay": 0.21517904032530108, "min_max_difference": 1.6601811758063123, "running_time": 7.0056915283203125}, "min_max_equal_weight": {"max_delay": 1.7257799322404552, "min_delay": 0.058476446449770694, "avg_delay": 0.2067818825354738, "min_max_difference": 1.6673034857906845, "running_time": 8.005857467651367}, "delay_balance": {"max_delay": 1.7253998723055475, "min_delay": 0.06521869649923517, "avg_delay": 0.21517904032530108, "min_max_difference": 1.6601811758063123, "running_time": 8.006572723388672}}, "60": {"num_user": 100, "num_service": 76, "min_max_greedy": {"max_delay": 0.45099358991553207, "min_delay": 0.06521869649923517, "avg_delay": 0.1537689711997551, "min_max_difference": 0.3857748934162969, "running_time": 11.008739471435547}, "min_max_equal_weight": {"max_delay": 0.44662639710318713, "min_delay": 0.058476446449770694, "avg_delay": 0.14756846037422905, "min_max_difference": 0.38814995065341645, "running_time": 10.008096694946289}, "delay_balance": {"max_delay": 0.45099358991553207, "min_delay": 0.06521869649923517, "avg_delay": 0.1537689711997551, "min_max_difference": 0.3857748934162969, "running_time": 13.010740280151367}}, "80": {"num_user": 100, "num_service": 76, "min_max_greedy": {"max_delay": 0.4274465556880784, "min_delay": 0.05848832779706526, "avg_delay": 0.1254159013669981, "min_max_difference": 0.3689582278910131, "running_time": 17.014265060424805}, "min_max_equal_weight": {"max_delay": 0.44507061954740956, "min_delay": 0.05590021611362244, "avg_delay": 0.11507768215786149, "min_max_difference": 0.3891704034337871, "running_time": 15.011310577392578}, "delay_balance": {"max_delay": 0.4274465556880784, "min_delay": 0.05848832779706526, "avg_delay": 0.1254159013669981, "min_max_difference": 0.3689582278910131, "running_time": 19.016027450561523}}, "100": {"num_user": 100, "num_service": 76, "min_max_greedy": {"max_delay": 0.19665336048129625, "min_delay": 0.05848832779706526, "avg_delay": 0.10794558173742369, "min_max_difference": 0.138165032684231, "running_time": 22.0186710357666}, "min_max_equal_weight": {"max_delay": 0.4440296601872601, "min_delay": 0.054859256753472876, "avg_delay": 0.09672078680099362, "min_max_difference": 0.3891704034337872, "running_time": 20.01643180847168}, "delay_balance": {"max_delay": 0.19665336048129625, "min_delay": 0.05848832779706526, "avg_delay": 0.10794558173742369, "min_max_difference": 0.138165032684231, "running_time": 23.019075393676758}}, "120": {"num_user": 100, "num_service": 76, "min_max_greedy": {"max_delay": 0.17558896394354878, "min_delay": 0.05929572613111267, "avg_delay": 0.10114272971229286, "min_max_difference": 0.11629323781243611, "running_time": 25.020837783813477}, "min_max_equal_weight": {"max_delay": 0.1765480045833992, "min_delay": 0.054859256753472876, "avg_delay": 0.08376135537745649, "min_max_difference": 0.12168874782992632, "running_time": 23.018836975097656}, "delay_balance": {"max_delay": 0.17558896394354878, "min_delay": 0.05929572613111267, "avg_delay": 0.10114272971229286, "min_max_difference": 0.11629323781243611, "running_time": 26.021242141723633}}, "140": {"num_user": 100, "num_service": 76, "min_max_greedy": {"max_delay": 0.15783546145974334, "min_delay": 0.06521869649923517, "avg_delay": 0.09846143912915353, "min_max_difference": 0.09261676496050816, "running_time": 30.025005340576172}, "min_max_equal_weight": {"max_delay": 0.16088785560789215, "min_delay": 0.05509281777957503, "avg_delay": 0.07531114921656265, "min_max_difference": 0.10579503782831712, "running_time": 26.021480560302734}, "delay_balance": {"max_delay": 0.15783546145974334, "min_delay": 0.06521869649923517, "avg_delay": 0.09846143912915353, "min_max_difference": 0.09261676496050816, "running_time": 31.026124954223633}}, "160": {"num_user": 100, "num_service": 76, "min_max_greedy": {"max_delay": 0.11153318074679326, "min_delay": 0.058476446449770694, "avg_delay": 0.07771193028378982, "min_max_difference": 0.05305673429702257, "running_time": 37.030696868896484}, "min_max_equal_weight": {"max_delay": 0.16065429458179, "min_delay": 0.054859256753472876, "avg_delay": 0.07027845241878768, "min_max_difference": 0.10579503782831713, "running_time": 29.02364730834961}, "delay_balance": {"max_delay": 0.11745615111491577, "min_delay": 0.0643994168178932, "avg_delay": 0.08363490065191234, "min_max_difference": 0.05305673429702257, "running_time": 38.03110122680664}}, "180": {"num_user": 100, "num_service": 76, "min_max_greedy": {"max_delay": 0.09061638412527398, "min_delay": 0.05509281777957503, "avg_delay": 0.06947746047359897, "min_max_difference": 0.03552356634569895, "running_time": 42.035579681396484}, "min_max_equal_weight": {"max_delay": 0.09171139853451271, "min_delay": 0.05166292506832993, "avg_delay": 0.06658602744594215, "min_max_difference": 0.04004847346618278, "running_time": 32.02676773071289}, "delay_balance": {"max_delay": 0.09867532826278479, "min_delay": 0.061823186481744945, "avg_delay": 0.07947259323717784, "min_max_difference": 0.03685214178103984, "running_time": 43.03574562072754}}, "200": {"num_user": 100, "num_service": 76, "min_max_greedy": {"max_delay": 0.08805936764028952, "min_delay": 0.05588133605681916, "avg_delay": 0.06837128004035048, "min_max_difference": 0.03217803158347036, "running_time": 46.03838920593262}, "min_max_equal_weight": {"max_delay": 0.09163192442550386, "min_delay": 0.05158345095932107, "avg_delay": 0.06376276010898597, "min_max_difference": 0.04004847346618279, "running_time": 36.029815673828125}, "delay_balance": {"max_delay": 0.09341855150739017, "min_delay": 0.061823186481744945, "avg_delay": 0.07315872334591261, "min_max_difference": 0.03159536502564523, "running_time": 45.03774642944336}}}