{"entropy": 65617884486609590133389309163897974673, "20": {"num_user": 100, "num_service": 75, "min_max_greedy": {"max_delay": 0.10202523367560365, "min_delay": 0.062371203150881765, "avg_delay": 0.08090108332523098, "min_max_difference": 0.039654030524721884, "running_time": 7.005929946899414}, "min_max_equal_weight": {"max_delay": 0.0986689946426591, "min_delay": 0.054277909489838835, "avg_delay": 0.0722203077859112, "min_max_difference": 0.04439108515282027, "running_time": 9.001493453979492}, "delay_balance": {"max_delay": 0.10202523367560365, "min_delay": 0.062371203150881765, "avg_delay": 0.08090108332523098, "min_max_difference": 0.039654030524721884, "running_time": 6.005048751831055}}, "40": {"num_user": 100, "num_service": 75, "min_max_greedy": {"max_delay": 0.0885419731224741, "min_delay": 0.05881395792317732, "avg_delay": 0.07591554253591236, "min_max_difference": 0.029728015199296777, "running_time": 14.011621475219727}, "min_max_equal_weight": {"max_delay": 0.09607052500254645, "min_delay": 0.052470761992237255, "avg_delay": 0.06723317122617206, "min_max_difference": 0.0435997630103092, "running_time": 15.012502670288086}, "delay_balance": {"max_delay": 0.0957096180296941, "min_delay": 0.060956638971048215, "avg_delay": 0.07662172546640703, "min_max_difference": 0.03475297905864589, "running_time": 12.01009750366211}}, "60": {"num_user": 100, "num_service": 75, "min_max_greedy": {"max_delay": 0.08265272878908925, "min_delay": 0.057287739903058736, "avg_delay": 0.07348892722616182, "min_max_difference": 0.02536498888603051, "running_time": 20.024776458740234}, "min_max_equal_weight": {"max_delay": 0.09607052500254645, "min_delay": 0.052470761992237255, "avg_delay": 0.06362777077103116, "min_max_difference": 0.0435997630103092, "running_time": 20.01643180847168}, "delay_balance": {"max_delay": 0.0885419731224741, "min_delay": 0.05731271610083173, "avg_delay": 0.07245577302801556, "min_max_difference": 0.031229257021642365, "running_time": 15.012502670288086}}, "80": {"num_user": 100, "num_service": 75, "min_max_greedy": {"max_delay": 0.08120587332832939, "min_delay": 0.057287739903058736, "avg_delay": 0.06931515819708295, "min_max_difference": 0.023918133425270653, "running_time": 27.022361755371094}, "min_max_equal_weight": {"max_delay": 0.09607052500254645, "min_delay": 0.05059260494472072, "avg_delay": 0.06125400693588159, "min_max_difference": 0.045477920057825735, "running_time": 25.023460388183594}, "delay_balance": {"max_delay": 0.08135169068665565, "min_delay": 0.057287739903058736, "avg_delay": 0.0698544240323808, "min_max_difference": 0.024063950783596917, "running_time": 19.016027450561523}}, "100": {"num_user": 100, "num_service": 75, "min_max_greedy": {"max_delay": 0.0782925591954253, "min_delay": 0.057287739903058736, "avg_delay": 0.06596297417890976, "min_max_difference": 0.021004819292366562, "running_time": 34.0275764465332}, "min_max_equal_weight": {"max_delay": 0.07991720572599244, "min_delay": 0.049481817969216066, "avg_delay": 0.059356722608626324, "min_max_difference": 0.030435387756776372, "running_time": 30.025482177734375}, "delay_balance": {"max_delay": 0.0798714776939214, "min_delay": 0.057287739903058736, "avg_delay": 0.06830892906392466, "min_max_difference": 0.022583737790862667, "running_time": 22.0181941986084}}, "120": {"num_user": 100, "num_service": 75, "min_max_greedy": {"max_delay": 0.07705217555464824, "min_delay": 0.057287739903058736, "avg_delay": 0.06453118874367106, "min_max_difference": 0.01976443565158951, "running_time": 39.0324592590332}, "min_max_equal_weight": {"max_delay": 0.07991720572599244, "min_delay": 0.04796629291774454, "avg_delay": 0.05754470547156906, "min_max_difference": 0.0319509128082479, "running_time": 35.03131866455078}, "delay_balance": {"max_delay": 0.07781234620269106, "min_delay": 0.057287739903058736, "avg_delay": 0.06528291172167201, "min_max_difference": 0.020524606299632327, "running_time": 25.020360946655273}}, "140": {"num_user": 100, "num_service": 75, "min_max_greedy": {"max_delay": 0.07335616277922734, "min_delay": 0.056675834816641166, "avg_delay": 0.06285234852956303, "min_max_difference": 0.016680327962586172, "running_time": 45.037269592285156}, "min_max_equal_weight": {"max_delay": 0.07991720572599244, "min_delay": 0.04638619040997102, "avg_delay": 0.056128516413119785, "min_max_difference": 0.033531015316021415, "running_time": 41.03684425354004}, "delay_balance": {"max_delay": 0.07334042526095355, "min_delay": 0.05681395792317732, "avg_delay": 0.06320538801217683, "min_max_difference": 0.016526467337776234, "running_time": 26.02219581604004}}, "160": {"num_user": 100, "num_service": 75, "min_max_greedy": {"max_delay": 0.06398578130601837, "min_delay": 0.05681395792317732, "avg_delay": 0.060381290556602615, "min_max_difference": 0.007171823382841051, "running_time": 55.04894256591797}, "min_max_equal_weight": {"max_delay": 0.07791774300940144, "min_delay": 0.04777132817516648, "avg_delay": 0.05480705862849191, "min_max_difference": 0.030146414834234955, "running_time": 45.03774642944336}, "delay_balance": {"max_delay": 0.06470868515071707, "min_delay": 0.05681395792317732, "avg_delay": 0.060958366253021506, "min_max_difference": 0.007894727227539748, "running_time": 31.02850914001465}}, "180": {"num_user": 100, "num_service": 75, "min_max_greedy": {"max_delay": 0.059398124716963846, "min_delay": 0.04862421476924328, "avg_delay": 0.05574190684167586, "min_max_difference": 0.010773909947720567, "running_time": 60.050010681152344}, "min_max_equal_weight": {"max_delay": 0.0730738037760768, "min_delay": 0.046191225667392956, "avg_delay": 0.05383070018485106, "min_max_difference": 0.02688257810868385, "running_time": 52.04343795776367}, "delay_balance": {"max_delay": 0.06398578130601837, "min_delay": 0.05681395792317732, "avg_delay": 0.06017534353194865, "min_max_difference": 0.007171823382841051, "running_time": 35.028934478759766}}, "200": {"num_user": 100, "num_service": 75, "min_max_greedy": {"max_delay": 0.05848394686016651, "min_delay": 0.04862421476924328, "avg_delay": 0.05525811303899339, "min_max_difference": 0.00985973209092323, "running_time": 64.05258178710938}, "min_max_equal_weight": {"max_delay": 0.0730738037760768, "min_delay": 0.046191225667392956, "avg_delay": 0.05313292422295402, "min_max_difference": 0.02688257810868385, "running_time": 57.04784393310547}, "delay_balance": {"max_delay": 0.06343293132795674, "min_delay": 0.052659021380236176, "avg_delay": 0.05937680470332863, "min_max_difference": 0.010773909947720567, "running_time": 37.030696868896484}}}