{"entropy": 37128879277003794793209224442541190116, "20": {"num_user": 100, "num_service": 73, "min_max_greedy": {"max_delay": 1.0603567713427295, "min_delay": 0.06354914215610748, "avg_delay": 0.29632337458620917, "min_max_difference": 0.996807629186622, "running_time": 8.006811141967773}, "min_max_equal_weight": {"max_delay": 1.0856557279379941, "min_delay": 0.06158064182676617, "avg_delay": 0.24800124754456185, "min_max_difference": 1.024075086111228, "running_time": 7.006406784057617}, "delay_balance": {"max_delay": 1.0603567713427295, "min_delay": 0.06354914215610748, "avg_delay": 0.29632337458620917, "min_max_difference": 0.996807629186622, "running_time": 9.00721549987793}}, "40": {"num_user": 100, "num_service": 73, "min_max_greedy": {"max_delay": 1.0448147307721662, "min_delay": 0.06428212946094475, "avg_delay": 0.1904103598923512, "min_max_difference": 0.9805326013112214, "running_time": 13.010740280151367}, "min_max_equal_weight": {"max_delay": 1.0600897586475668, "min_delay": 0.06158064182676617, "avg_delay": 0.15064837423083596, "min_max_difference": 0.9985091168208007, "running_time": 10.008096694946289}, "delay_balance": {"max_delay": 1.0448147307721662, "min_delay": 0.06428212946094475, "avg_delay": 0.1904103598923512, "min_max_difference": 0.9805326013112214, "running_time": 14.011144638061523}}, "60": {"num_user": 100, "num_service": 73, "min_max_greedy": {"max_delay": 0.20152134965554708, "min_delay": 0.06158064182676617, "avg_delay": 0.09603958737332141, "min_max_difference": 0.1399407078287809, "running_time": 20.01667022705078}, "min_max_equal_weight": {"max_delay": 0.37600886253967736, "min_delay": 0.053978289677784994, "avg_delay": 0.09598426853741147, "min_max_difference": 0.32203057286189235, "running_time": 15.012264251708984}, "delay_balance": {"max_delay": 0.20152134965554708, "min_delay": 0.06158064182676617, "avg_delay": 0.09603958737332141, "min_max_difference": 0.1399407078287809, "running_time": 22.0181941986084}}, "80": {"num_user": 100, "num_service": 73, "min_max_greedy": {"max_delay": 0.15352797661293696, "min_delay": 0.058160375779727255, "avg_delay": 0.08722402714032841, "min_max_difference": 0.0953676008332097, "running_time": 26.021242141723633}, "min_max_equal_weight": {"max_delay": 0.17522239306028226, "min_delay": 0.051546870171819956, "avg_delay": 0.07943768482022363, "min_max_difference": 0.1236755228884623, "running_time": 20.017147064208984}, "delay_balance": {"max_delay": 0.15352797661293696, "min_delay": 0.058160375779727255, "avg_delay": 0.08722402714032841, "min_max_difference": 0.0953676008332097, "running_time": 28.023481369018555}}, "100": {"num_user": 100, "num_service": 73, "min_max_greedy": {"max_delay": 0.1137038813608179, "min_delay": 0.05739006671717021, "avg_delay": 0.07819427333787499, "min_max_difference": 0.05631381464364769, "running_time": 31.02564811706543}, "min_max_equal_weight": {"max_delay": 0.15842748865650275, "min_delay": 0.051546870171819956, "avg_delay": 0.07225921692952503, "min_max_difference": 0.10688061848468279, "running_time": 25.021076202392578}, "delay_balance": {"max_delay": 0.11557241283469903, "min_delay": 0.05925859819105134, "avg_delay": 0.08006280481175608, "min_max_difference": 0.056313814643647694, "running_time": 30.02476692199707}}, "120": {"num_user": 100, "num_service": 73, "min_max_greedy": {"max_delay": 0.103403187647083, "min_delay": 0.055431702990291765, "avg_delay": 0.07386889833971969, "min_max_difference": 0.04797148465679124, "running_time": 34.028053283691406}, "min_max_equal_weight": {"max_delay": 0.12328576930953888, "min_delay": 0.051546870171819956, "avg_delay": 0.06631404555255077, "min_max_difference": 0.07173889913771893, "running_time": 28.023481369018555}, "delay_balance": {"max_delay": 0.10513617495192026, "min_delay": 0.057164690295129036, "avg_delay": 0.07560188564455698, "min_max_difference": 0.04797148465679123, "running_time": 33.02764892578125}}, "140": {"num_user": 100, "num_service": 73, "min_max_greedy": {"max_delay": 0.08723285939436412, "min_delay": 0.0524218687691172, "avg_delay": 0.06690457816434274, "min_max_difference": 0.034810990625246924, "running_time": 43.03574562072754}, "min_max_equal_weight": {"max_delay": 0.10742671891697642, "min_delay": 0.047996250661933706, "avg_delay": 0.06253708071888463, "min_max_difference": 0.05943046825504271, "running_time": 34.02829170227051}, "delay_balance": {"max_delay": 0.08400370608254717, "min_delay": 0.055164690295129035, "avg_delay": 0.06822273535942829, "min_max_difference": 0.02883901578741814, "running_time": 35.02917289733887}}, "160": {"num_user": 100, "num_service": 73, "min_max_greedy": {"max_delay": 0.07005104216237894, "min_delay": 0.05327985747665723, "avg_delay": 0.06272777685794807, "min_max_difference": 0.01677118468572171, "running_time": 48.04062843322754}, "min_max_equal_weight": {"max_delay": 0.10742671891697642, "min_delay": 0.047996250661933706, "avg_delay": 0.060000989101663266, "min_max_difference": 0.05943046825504271, "running_time": 38.031816482543945}, "delay_balance": {"max_delay": 0.07005104216237894, "min_delay": 0.05327985747665723, "avg_delay": 0.06272777685794807, "min_max_difference": 0.01677118468572171, "running_time": 41.03374481201172}}, "180": {"num_user": 100, "num_service": 73, "min_max_greedy": {"max_delay": 0.06617711335118931, "min_delay": 0.05187454756068813, "avg_delay": 0.060530241553469206, "min_max_difference": 0.014302565790501182, "running_time": 54.04520034790039}, "min_max_equal_weight": {"max_delay": 0.1036189206041465, "min_delay": 0.04740383300355852, "avg_delay": 0.05805117981387729, "min_max_difference": 0.05621508760058798, "running_time": 43.03550720214844}, "delay_balance": {"max_delay": 0.06758242326715841, "min_delay": 0.05327985747665723, "avg_delay": 0.06193555146943828, "min_max_difference": 0.014302565790501182, "running_time": 44.0363883972168}}, "200": {"num_user": 100, "num_service": 73, "min_max_greedy": {"max_delay": 0.06453153799934591, "min_delay": 0.05104818847863091, "avg_delay": 0.05913304879175267, "min_max_difference": 0.013483349520715004, "running_time": 60.04977226257324}, "min_max_equal_weight": {"max_delay": 0.06775702417091353, "min_delay": 0.04459886591725078, "avg_delay": 0.05632419956107383, "min_max_difference": 0.023158158253662756, "running_time": 47.03950881958008}, "delay_balance": {"max_delay": 0.06593684791531501, "min_delay": 0.05327985747665723, "avg_delay": 0.060876836606711046, "min_max_difference": 0.012656990438657784, "running_time": 46.03886604309082}}}