{"entropy": 134898826694271700954924450414168676217, "20": {"num_user": 100, "num_service": 80, "min_max_greedy": {"max_delay": 0.6408120486192525, "min_delay": 0.08803074721874841, "avg_delay": 0.22444383379736862, "min_max_difference": 0.5527813014005041, "running_time": 6.005525588989258}, "min_max_equal_weight": {"max_delay": 0.6130167850895911, "min_delay": 0.05680021307750949, "avg_delay": 0.16284511541987626, "min_max_difference": 0.5562165720120816, "running_time": 6.002902984619141}, "delay_balance": {"max_delay": 0.6408120486192525, "min_delay": 0.08803074721874841, "avg_delay": 0.22444383379736862, "min_max_difference": 0.5527813014005041, "running_time": 8.00633430480957}}, "40": {"num_user": 100, "num_service": 80, "min_max_greedy": {"max_delay": 0.6359994124536752, "min_delay": 0.09334519904790109, "avg_delay": 0.17419326179100403, "min_max_difference": 0.5426542134057741, "running_time": 9.008407592773438}, "min_max_equal_weight": {"max_delay": 0.6095353036081097, "min_delay": 0.056754002207605646, "avg_delay": 0.12731411020261008, "min_max_difference": 0.5527813014005041, "running_time": 10.00833511352539}, "delay_balance": {"max_delay": 0.6359994124536752, "min_delay": 0.09334519904790109, "avg_delay": 0.17419326179100403, "min_max_difference": 0.5426542134057741, "running_time": 10.00833511352539}}, "60": {"num_user": 100, "num_service": 80, "min_max_greedy": {"max_delay": 0.6006446920663354, "min_delay": 0.06206845403675833, "avg_delay": 0.11106199031836245, "min_max_difference": 0.5385762380295771, "running_time": 14.011383056640625}, "min_max_equal_weight": {"max_delay": 0.5999235694249471, "min_delay": 0.056754002207605646, "avg_delay": 0.10607775922827752, "min_max_difference": 0.5431695672173414, "running_time": 12.01009750366211}, "delay_balance": {"max_delay": 0.6006446920663354, "min_delay": 0.06206845403675833, "avg_delay": 0.11106199031836245, "min_max_difference": 0.5385762380295771, "running_time": 14.011859893798828}}, "80": {"num_user": 100, "num_service": 80, "min_max_greedy": {"max_delay": 0.20095413701456027, "min_delay": 0.09165057422456371, "avg_delay": 0.12406685161401333, "min_max_difference": 0.10930356278999656, "running_time": 18.01466941833496}, "min_max_equal_weight": {"max_delay": 0.1800401883867126, "min_delay": 0.056754002207605646, "avg_delay": 0.08675880887132381, "min_max_difference": 0.12328618617910694, "running_time": 15.012264251708984}, "delay_balance": {"max_delay": 0.20095413701456027, "min_delay": 0.09165057422456371, "avg_delay": 0.12406685161401333, "min_max_difference": 0.10930356278999656, "running_time": 20.015478134155273}}, "100": {"num_user": 100, "num_service": 80, "min_max_greedy": {"max_delay": 0.15443290511709773, "min_delay": 0.08803074721874841, "avg_delay": 0.11212048947839957, "min_max_difference": 0.06640215789834931, "running_time": 23.01955223083496}, "min_max_equal_weight": {"max_delay": 0.17240262881005136, "min_delay": 0.056754002207605646, "avg_delay": 0.0773556836719965, "min_max_difference": 0.11564862660244571, "running_time": 20.016193389892578}, "delay_balance": {"max_delay": 0.15443290511709773, "min_delay": 0.08803074721874841, "avg_delay": 0.11212048947839957, "min_max_difference": 0.06640215789834931, "running_time": 24.02019500732422}}, "120": {"num_user": 100, "num_service": 80, "min_max_greedy": {"max_delay": 0.1505422935753234, "min_delay": 0.08803074721874841, "avg_delay": 0.10846741283776208, "min_max_difference": 0.06251154635657498, "running_time": 28.02300453186035}, "min_max_equal_weight": {"max_delay": 0.12167086517924222, "min_delay": 0.05390155238756629, "avg_delay": 0.07152809040252496, "min_max_difference": 0.06776931279167593, "running_time": 24.02019500732422}, "delay_balance": {"max_delay": 0.1505422935753234, "min_delay": 0.08803074721874841, "avg_delay": 0.10846741283776208, "min_max_difference": 0.06251154635657498, "running_time": 30.025482177734375}}, "140": {"num_user": 100, "num_service": 80, "min_max_greedy": {"max_delay": 0.14882117093393496, "min_delay": 0.08803074721874841, "avg_delay": 0.10220045619604592, "min_max_difference": 0.060790423715186545, "running_time": 32.02700614929199}, "min_max_equal_weight": {"max_delay": 0.12167086517924222, "min_delay": 0.05390155238756629, "avg_delay": 0.06721866290176308, "min_max_difference": 0.06776931279167593, "running_time": 29.024124145507812}, "delay_balance": {"max_delay": 0.14882117093393496, "min_delay": 0.08803074721874841, "avg_delay": 0.10220045619604592, "min_max_difference": 0.060790423715186545, "running_time": 34.0275764465332}}, "160": {"num_user": 100, "num_service": 80, "min_max_greedy": {"max_delay": 0.14032626580979998, "min_delay": 0.08712917128237767, "avg_delay": 0.09974040370892621, "min_max_difference": 0.053197094527422314, "running_time": 36.03053092956543}, "min_max_equal_weight": {"max_delay": 0.11309890455591924, "min_delay": 0.047135555208553545, "avg_delay": 0.06431936870900738, "min_max_difference": 0.0659633493473657, "running_time": 32.02676773071289}, "delay_balance": {"max_delay": 0.14032626580979998, "min_delay": 0.08712917128237767, "avg_delay": 0.09974040370892621, "min_max_difference": 0.053197094527422314, "running_time": 37.030935287475586}}, "180": {"num_user": 100, "num_service": 80, "min_max_greedy": {"max_delay": 0.07623704298934275, "min_delay": 0.05499736105382502, "avg_delay": 0.065030726834654, "min_max_difference": 0.02123968193551773, "running_time": 40.03310203552246}, "min_max_equal_weight": {"max_delay": 0.11309890455591924, "min_delay": 0.047135555208553545, "avg_delay": 0.061647645192521236, "min_max_difference": 0.0659633493473657, "running_time": 35.02845764160156}, "delay_balance": {"max_delay": 0.10501120477803112, "min_delay": 0.08627410606496778, "avg_delay": 0.09522531058529962, "min_max_difference": 0.018737098713063338, "running_time": 43.03574562072754}}, "200": {"num_user": 100, "num_service": 80, "min_max_greedy": {"max_delay": 0.0704509012778802, "min_delay": 0.05058916769449191, "avg_delay": 0.06156953822916734, "min_max_difference": 0.01986173358338829, "running_time": 47.039031982421875}, "min_max_equal_weight": {"max_delay": 0.11200755201342888, "min_delay": 0.047135555208553545, "avg_delay": 0.059420108785695244, "min_max_difference": 0.06487199680487533, "running_time": 38.03277015686035}, "delay_balance": {"max_delay": 0.10301266271916518, "min_delay": 0.08186591270563467, "avg_delay": 0.09463325200255308, "min_max_difference": 0.021146750013530502, "running_time": 44.0371036529541}}}