{"entropy": 66469953859717104003586672285982680807, "20": {"num_user": 100, "num_service": 76, "min_max_greedy": {"max_delay": 0.225839737937188, "min_delay": 0.06985831624825103, "avg_delay": 0.1311492144556744, "min_max_difference": 0.15598142168893697, "running_time": 6.005048751831055}, "min_max_equal_weight": {"max_delay": 0.22745490979882155, "min_delay": 0.060342911763440844, "avg_delay": 0.11166201563121488, "min_max_difference": 0.1671119980353807, "running_time": 5.004405975341797}, "delay_balance": {"max_delay": 0.225839737937188, "min_delay": 0.06985831624825103, "avg_delay": 0.1311492144556744, "min_max_difference": 0.15598142168893697, "running_time": 7.005929946899414}}, "40": {"num_user": 100, "num_service": 76, "min_max_greedy": {"max_delay": 0.16418317228062243, "min_delay": 0.060342911763440844, "avg_delay": 0.10116518755287121, "min_max_difference": 0.10384026051718159, "running_time": 12.010574340820312}, "min_max_equal_weight": {"max_delay": 0.20782922620657254, "min_delay": 0.060342911763440844, "avg_delay": 0.09402603856203738, "min_max_difference": 0.1474863144431317, "running_time": 10.00833511352539}, "delay_balance": {"max_delay": 0.16418317228062243, "min_delay": 0.060342911763440844, "avg_delay": 0.10116518755287121, "min_max_difference": 0.10384026051718159, "running_time": 14.011859893798828}}, "60": {"num_user": 100, "num_service": 76, "min_max_greedy": {"max_delay": 0.14098032007492994, "min_delay": 0.058607723985394315, "avg_delay": 0.09224061980325107, "min_max_difference": 0.08237259608953562, "running_time": 18.014907836914062}, "min_max_equal_weight": {"max_delay": 0.20782922620657254, "min_delay": 0.05722008456818868, "avg_delay": 0.08151103654484804, "min_max_difference": 0.15060914163838385, "running_time": 15.012502670288086}, "delay_balance": {"max_delay": 0.14098032007492994, "min_delay": 0.058607723985394315, "avg_delay": 0.09224061980325107, "min_max_difference": 0.08237259608953562, "running_time": 19.015789031982422}}, "80": {"num_user": 100, "num_service": 76, "min_max_greedy": {"max_delay": 0.1298700409674911, "min_delay": 0.05660772398539432, "avg_delay": 0.08041312082793166, "min_max_difference": 0.07326231698209679, "running_time": 24.019956588745117}, "min_max_equal_weight": {"max_delay": 0.1308700409674911, "min_delay": 0.05660772398539432, "avg_delay": 0.07396449245888913, "min_max_difference": 0.07426231698209679, "running_time": 19.015789031982422}, "delay_balance": {"max_delay": 0.1298700409674911, "min_delay": 0.05660772398539432, "avg_delay": 0.08041312082793166, "min_max_difference": 0.07326231698209679, "running_time": 26.021480560302734}}, "100": {"num_user": 100, "num_service": 76, "min_max_greedy": {"max_delay": 0.09584539146479053, "min_delay": 0.05660772398539432, "avg_delay": 0.07166773599670623, "min_max_difference": 0.03923766747939621, "running_time": 29.02388572692871}, "min_max_equal_weight": {"max_delay": 0.1295965517184379, "min_delay": 0.053633294940406986, "avg_delay": 0.06895392454616985, "min_max_difference": 0.07596325677803091, "running_time": 24.020671844482422}, "delay_balance": {"max_delay": 0.09584539146479053, "min_delay": 0.05660772398539432, "avg_delay": 0.07377402118367747, "min_max_difference": 0.03923766747939621, "running_time": 29.036521911621094}}, "120": {"num_user": 100, "num_service": 76, "min_max_greedy": {"max_delay": 0.08319975882199816, "min_delay": 0.05660772398539432, "avg_delay": 0.06818782957121604, "min_max_difference": 0.026592034836603842, "running_time": 35.028934478759766}, "min_max_equal_weight": {"max_delay": 0.08103826939525738, "min_delay": 0.05148021921365358, "avg_delay": 0.06542677837616857, "min_max_difference": 0.029558050181603797, "running_time": 30.024290084838867}, "delay_balance": {"max_delay": 0.08510721172945107, "min_delay": 0.05660772398539432, "avg_delay": 0.06980893618891171, "min_max_difference": 0.02849948774405675, "running_time": 32.05299377441406}}, "140": {"num_user": 100, "num_service": 76, "min_max_greedy": {"max_delay": 0.07877111193530636, "min_delay": 0.05584720298602711, "avg_delay": 0.0662505790825646, "min_max_difference": 0.022923908949279252, "running_time": 39.031982421875}, "min_max_equal_weight": {"max_delay": 0.08103826939525738, "min_delay": 0.05058959373365589, "avg_delay": 0.06299506175707652, "min_max_difference": 0.03044867566160149, "running_time": 33.02741050720215}, "delay_balance": {"max_delay": 0.07921970787254151, "min_delay": 0.05584720298602711, "avg_delay": 0.0666704972992348, "min_max_difference": 0.0233725048865144, "running_time": 35.04180908203125}}, "160": {"num_user": 100, "num_service": 76, "min_max_greedy": {"max_delay": 0.07288360807839679, "min_delay": 0.054906784189460225, "avg_delay": 0.06506986185090159, "min_max_difference": 0.017976823888936566, "running_time": 44.0366268157959}, "min_max_equal_weight": {"max_delay": 0.08073544286291409, "min_delay": 0.050286767201312595, "avg_delay": 0.061361351532002235, "min_max_difference": 0.030448675661601497, "running_time": 38.04492950439453}, "delay_balance": {"max_delay": 0.07288360807839679, "min_delay": 0.054906784189460225, "avg_delay": 0.06506986185090159, "min_max_difference": 0.017976823888936566, "running_time": 38.03133964538574}}, "180": {"num_user": 100, "num_service": 76, "min_max_greedy": {"max_delay": 0.07118641575152056, "min_delay": 0.05186411562419311, "avg_delay": 0.063721532500654, "min_max_difference": 0.019322300127327448, "running_time": 48.05326461791992}, "min_max_equal_weight": {"max_delay": 0.0763131564417284, "min_delay": 0.050286767201312595, "avg_delay": 0.060054023829601594, "min_max_difference": 0.026026389240415802, "running_time": 39.0324592590332}, "delay_balance": {"max_delay": 0.07123041562035042, "min_delay": 0.05186411562419311, "avg_delay": 0.06413399085640901, "min_max_difference": 0.019366299996157306, "running_time": 40.04669189453125}}, "200": {"num_user": 100, "num_service": 76, "min_max_greedy": {"max_delay": 0.06949522784230389, "min_delay": 0.05186411562419311, "avg_delay": 0.06245313099126411, "min_max_difference": 0.017631112218110777, "running_time": 54.04400825500488}, "min_max_equal_weight": {"max_delay": 0.07339934306876938, "min_delay": 0.050286767201312595, "avg_delay": 0.058772652909632024, "min_max_difference": 0.02311257586745679, "running_time": 46.0512638092041}, "delay_balance": {"max_delay": 0.06985831624825103, "min_delay": 0.05186411562419311, "avg_delay": 0.06264417933922176, "min_max_difference": 0.017994200624057925, "running_time": 42.03534126281738}}}