{"entropy": 299287694616763392221410449595648746843, "20": {"num_user": 100, "num_service": 70, "min_max_greedy": {"max_delay": 0.28357634206354687, "min_delay": 0.08636501230123535, "avg_delay": 0.11722421625589285, "min_max_difference": 0.19721132976231154, "running_time": 4.003286361694336}, "min_max_equal_weight": {"max_delay": 0.259301959535469, "min_delay": 0.0577359924514502, "avg_delay": 0.09266735614687815, "min_max_difference": 0.20156596708401878, "running_time": 5.003929138183594}, "delay_balance": {"max_delay": 0.28357634206354687, "min_delay": 0.08636501230123535, "avg_delay": 0.11722421625589285, "min_max_difference": 0.19721132976231154, "running_time": 6.005287170410156}}, "40": {"num_user": 100, "num_service": 70, "min_max_greedy": {"max_delay": 0.2753953541759676, "min_delay": 0.088402190352641, "avg_delay": 0.10360394722387381, "min_max_difference": 0.1869931638233266, "running_time": 8.007049560546875}, "min_max_equal_weight": {"max_delay": 0.259301959535469, "min_delay": 0.05623609473201159, "avg_delay": 0.07760222765421927, "min_max_difference": 0.2030658648034574, "running_time": 7.0056915283203125}, "delay_balance": {"max_delay": 0.2753953541759676, "min_delay": 0.088402190352641, "avg_delay": 0.10360394722387381, "min_max_difference": 0.1869931638233266, "running_time": 8.006811141967773}}, "60": {"num_user": 100, "num_service": 70, "min_max_greedy": {"max_delay": 0.13347460535961636, "min_delay": 0.08158821089262674, "avg_delay": 0.09784181469652956, "min_max_difference": 0.051886394466989616, "running_time": 12.01009750366211}, "min_max_equal_weight": {"max_delay": 0.11120022283153855, "min_delay": 0.05319547485618073, "avg_delay": 0.06955833559805522, "min_max_difference": 0.05800474797535782, "running_time": 9.007453918457031}, "delay_balance": {"max_delay": 0.13347460535961636, "min_delay": 0.08158821089262674, "avg_delay": 0.09784181469652956, "min_max_difference": 0.051886394466989616, "running_time": 14.011621475219727}}, "80": {"num_user": 100, "num_service": 70, "min_max_greedy": {"max_delay": 0.10637857856231633, "min_delay": 0.08151047726008942, "avg_delay": 0.09217483141949077, "min_max_difference": 0.024868101302226914, "running_time": 17.014503479003906}, "min_max_equal_weight": {"max_delay": 0.10284667441612164, "min_delay": 0.04749918455322484, "avg_delay": 0.06511934143982362, "min_max_difference": 0.055347489862896795, "running_time": 12.01009750366211}, "delay_balance": {"max_delay": 0.10637857856231633, "min_delay": 0.08158821089262674, "avg_delay": 0.09323963658204669, "min_max_difference": 0.02479036766968959, "running_time": 18.015384674072266}}, "100": {"num_user": 100, "num_service": 70, "min_max_greedy": {"max_delay": 0.07657851827648907, "min_delay": 0.051961762522796794, "avg_delay": 0.06549301132668385, "min_max_difference": 0.024616755753692272, "running_time": 23.018836975097656}, "min_max_equal_weight": {"max_delay": 0.10284667441612164, "min_delay": 0.04749918455322484, "avg_delay": 0.06254381832185149, "min_max_difference": 0.055347489862896795, "running_time": 17.014503479003906}, "delay_balance": {"max_delay": 0.0998123066385039, "min_delay": 0.08151047726008942, "avg_delay": 0.08950070523841246, "min_max_difference": 0.018301829378414486, "running_time": 20.016908645629883}}, "120": {"num_user": 100, "num_service": 70, "min_max_greedy": {"max_delay": 0.07160114008516176, "min_delay": 0.051961762522796794, "avg_delay": 0.06326534943465834, "min_max_difference": 0.019639377562364967, "running_time": 27.02188491821289}, "min_max_equal_weight": {"max_delay": 0.0751623084973295, "min_delay": 0.04749918455322484, "avg_delay": 0.06049559615379021, "min_max_difference": 0.027663123944104653, "running_time": 19.016265869140625}, "delay_balance": {"max_delay": 0.09587552261323959, "min_delay": 0.07903449847176633, "avg_delay": 0.08779990792959307, "min_max_difference": 0.01684102414147326, "running_time": 23.018836975097656}}, "140": {"num_user": 100, "num_service": 70, "min_max_greedy": {"max_delay": 0.06868711391046223, "min_delay": 0.04828646104482934, "avg_delay": 0.0607833070740263, "min_max_difference": 0.02040065286563289, "running_time": 33.02764892578125}, "min_max_equal_weight": {"max_delay": 0.07089968202810548, "min_delay": 0.046845282535006805, "avg_delay": 0.058728742991554644, "min_max_difference": 0.024054399493098677, "running_time": 23.01931381225586}, "delay_balance": {"max_delay": 0.09319759067473712, "min_delay": 0.07356084357290715, "avg_delay": 0.08555673775670275, "min_max_difference": 0.01963674710182997, "running_time": 28.023958206176758}}, "160": {"num_user": 100, "num_service": 70, "min_max_greedy": {"max_delay": 0.06696994732288317, "min_delay": 0.04828646104482934, "avg_delay": 0.059284774628801704, "min_max_difference": 0.01868348627805383, "running_time": 38.031578063964844}, "min_max_equal_weight": {"max_delay": 0.07089968202810548, "min_delay": 0.046845282535006805, "avg_delay": 0.05723021054633004, "min_max_difference": 0.024054399493098677, "running_time": 27.022361755371094}, "delay_balance": {"max_delay": 0.09194798321950516, "min_delay": 0.07356084357290715, "avg_delay": 0.08412283120251013, "min_max_difference": 0.018387139646598008, "running_time": 28.023958206176758}}, "180": {"num_user": 100, "num_service": 70, "min_max_greedy": {"max_delay": 0.06614958453219265, "min_delay": 0.04828646104482934, "avg_delay": 0.058248188190038255, "min_max_difference": 0.01786312348736331, "running_time": 42.03462600708008}, "min_max_equal_weight": {"max_delay": 0.07089968202810548, "min_delay": 0.046845282535006805, "avg_delay": 0.05591276874834609, "min_max_difference": 0.024054399493098677, "running_time": 29.02388572692871}, "delay_balance": {"max_delay": 0.09048421945552926, "min_delay": 0.07356084357290715, "avg_delay": 0.08302403145488862, "min_max_difference": 0.016923375882622105, "running_time": 30.02476692199707}}, "200": {"num_user": 100, "num_service": 70, "min_max_greedy": {"max_delay": 0.0644459311636485, "min_delay": 0.04828646104482934, "avg_delay": 0.05755460774235712, "min_max_difference": 0.016159470118819158, "running_time": 46.037912368774414}, "min_max_equal_weight": {"max_delay": 0.07089968202810548, "min_delay": 0.046845282535006805, "avg_delay": 0.054808171577078346, "min_max_difference": 0.024054399493098677, "running_time": 32.02676773071289}, "delay_balance": {"max_delay": 0.089402190352641, "min_delay": 0.07356084357290715, "avg_delay": 0.08247841581383612, "min_max_difference": 0.015841346779733853, "running_time": 32.02700614929199}}}