{"entropy": 336834760385436460409396779540212230366, "20": {"num_user": 100, "num_service": 80, "min_max_greedy": {"max_delay": 0.7001844026915836, "min_delay": 0.07268525095056165, "avg_delay": 0.14656185716378897, "min_max_difference": 0.6274991517410219, "running_time": 4.0035247802734375}, "min_max_equal_weight": {"max_delay": 0.7558434936006745, "min_delay": 0.06670205935655496, "avg_delay": 0.13439128223077595, "min_max_difference": 0.6891414342441196, "running_time": 4.003763198852539}, "delay_balance": {"max_delay": 0.7001844026915836, "min_delay": 0.07268525095056165, "avg_delay": 0.14656185716378897, "min_max_difference": 0.6274991517410219, "running_time": 4.003763198852539}}, "40": {"num_user": 100, "num_service": 80, "min_max_greedy": {"max_delay": 0.20561882486149935, "min_delay": 0.07268525095056165, "avg_delay": 0.11816178443198512, "min_max_difference": 0.13293357391093769, "running_time": 8.006095886230469}, "min_max_equal_weight": {"max_delay": 0.6753743153144769, "min_delay": 0.05963198567337116, "avg_delay": 0.10186301201179035, "min_max_difference": 0.6157423296411058, "running_time": 7.007122039794922}, "delay_balance": {"max_delay": 0.20561882486149935, "min_delay": 0.07268525095056165, "avg_delay": 0.11816178443198512, "min_max_difference": 0.13293357391093769, "running_time": 8.006572723388672}}, "60": {"num_user": 100, "num_service": 80, "min_max_greedy": {"max_delay": 0.13001566264497239, "min_delay": 0.06588146698987168, "avg_delay": 0.0865163311619075, "min_max_difference": 0.0641341956551007, "running_time": 13.01121711730957}, "min_max_equal_weight": {"max_delay": 0.12376618132847186, "min_delay": 0.05963198567337116, "avg_delay": 0.0808112490734781, "min_max_difference": 0.0641341956551007, "running_time": 10.00833511352539}, "delay_balance": {"max_delay": 0.13001566264497239, "min_delay": 0.06588146698987168, "avg_delay": 0.0865163311619075, "min_max_difference": 0.0641341956551007, "running_time": 14.011144638061523}}, "80": {"num_user": 100, "num_service": 80, "min_max_greedy": {"max_delay": 0.1111707580335822, "min_delay": 0.06588146698987168, "avg_delay": 0.08210075198517165, "min_max_difference": 0.04528929104371052, "running_time": 17.014265060424805}, "min_max_equal_weight": {"max_delay": 0.12207881259159817, "min_delay": 0.05777283539747887, "avg_delay": 0.07297991674326412, "min_max_difference": 0.06430597719411929, "running_time": 13.010978698730469}, "delay_balance": {"max_delay": 0.1111707580335822, "min_delay": 0.06588146698987168, "avg_delay": 0.08210075198517165, "min_max_difference": 0.04528929104371052, "running_time": 18.015146255493164}}, "100": {"num_user": 100, "num_service": 80, "min_max_greedy": {"max_delay": 0.09307227318509734, "min_delay": 0.06300661040769229, "avg_delay": 0.0764049627444339, "min_max_difference": 0.03006566277740505, "running_time": 21.01755142211914}, "min_max_equal_weight": {"max_delay": 0.11386004011569209, "min_delay": 0.05409635942502136, "avg_delay": 0.06867004723814388, "min_max_difference": 0.05976368069067073, "running_time": 20.01643180847168}, "delay_balance": {"max_delay": 0.09307227318509734, "min_delay": 0.06526116337117316, "avg_delay": 0.07668546245881061, "min_max_difference": 0.02781110981392418, "running_time": 22.0181941986084}}, "120": {"num_user": 100, "num_service": 80, "min_max_greedy": {"max_delay": 0.08019687805073253, "min_delay": 0.05661627936708405, "avg_delay": 0.06891848863841965, "min_max_difference": 0.02358059868364848, "running_time": 25.020837783813477}, "min_max_equal_weight": {"max_delay": 0.08353892223449957, "min_delay": 0.05405098714457739, "avg_delay": 0.06573959856996464, "min_max_difference": 0.02948793508992218, "running_time": 22.0186710357666}, "delay_balance": {"max_delay": 0.08712158949067325, "min_delay": 0.06286576068358457, "avg_delay": 0.07585660115063711, "min_max_difference": 0.02425582880708868, "running_time": 23.019075393676758}}, "140": {"num_user": 100, "num_service": 80, "min_max_greedy": {"max_delay": 0.08495384057292435, "min_delay": 0.06268635305026785, "avg_delay": 0.07398455811102524, "min_max_difference": 0.022267487522656504, "running_time": 29.024124145507812}, "min_max_equal_weight": {"max_delay": 0.08353892223449957, "min_delay": 0.05341911639100648, "avg_delay": 0.06363294552363345, "min_max_difference": 0.030119805843493094, "running_time": 28.02300453186035}, "delay_balance": {"max_delay": 0.08495384057292435, "min_delay": 0.06268635305026785, "avg_delay": 0.07467318930674213, "min_max_difference": 0.022267487522656504, "running_time": 25.021076202392578}}, "160": {"num_user": 100, "num_service": 80, "min_max_greedy": {"max_delay": 0.08410333052191925, "min_delay": 0.06229870804461679, "avg_delay": 0.0727293167980328, "min_max_difference": 0.021804622477302457, "running_time": 33.02741050720215}, "min_max_equal_weight": {"max_delay": 0.08324525851887354, "min_delay": 0.04937251673487379, "avg_delay": 0.06203690745643455, "min_max_difference": 0.03387274178399975, "running_time": 32.02676773071289}, "delay_balance": {"max_delay": 0.08441596178504554, "min_delay": 0.06229870804461679, "avg_delay": 0.0727293167980328, "min_max_difference": 0.02211725374042875, "running_time": 27.022361755371094}}, "180": {"num_user": 100, "num_service": 80, "min_max_greedy": {"max_delay": 0.08184208432908184, "min_delay": 0.06129870804461679, "avg_delay": 0.0713948719703176, "min_max_difference": 0.02054337628446505, "running_time": 38.03133964538574}, "min_max_equal_weight": {"max_delay": 0.08324525851887354, "min_delay": 0.04789686709249475, "avg_delay": 0.060921690381304704, "min_max_difference": 0.03534839142637879, "running_time": 38.03133964538574}, "delay_balance": {"max_delay": 0.08184208432908184, "min_delay": 0.06129870804461679, "avg_delay": 0.0713948719703176, "min_max_difference": 0.02054337628446505, "running_time": 30.02476692199707}}, "200": {"num_user": 100, "num_service": 80, "min_max_greedy": {"max_delay": 0.07952484998026813, "min_delay": 0.06129870804461679, "avg_delay": 0.07026959685608286, "min_max_difference": 0.018226141935651335, "running_time": 42.03510284423828}, "min_max_equal_weight": {"max_delay": 0.08324525851887354, "min_delay": 0.04789686709249475, "avg_delay": 0.060013654518654036, "min_max_difference": 0.03534839142637879, "running_time": 42.03534126281738}, "delay_balance": {"max_delay": 0.07952484998026813, "min_delay": 0.06129870804461679, "avg_delay": 0.07014108337040668, "min_max_difference": 0.018226141935651335, "running_time": 32.02629089355469}}}