{"entropy": 25150385225493839122697450239585167579, "20": {"num_user": 100, "num_service": 80, "min_max_greedy": {"max_delay": 0.8734673193401196, "min_delay": 0.3212667880217569, "avg_delay": 0.45244699278405354, "min_max_difference": 0.5522005313183627, "running_time": 4.0035247802734375}, "min_max_equal_weight": {"max_delay": 0.675468166325618, "min_delay": 0.0580718976574585, "avg_delay": 0.17259966198990637, "min_max_difference": 0.6173962686681596, "running_time": 8.007049560546875}, "delay_balance": {"max_delay": 0.8734673193401196, "min_delay": 0.3212667880217569, "avg_delay": 0.45244699278405354, "min_max_difference": 0.5522005313183627, "running_time": 5.003690719604492}}, "40": {"num_user": 100, "num_service": 80, "min_max_greedy": {"max_delay": 0.5626410366198746, "min_delay": 0.3036900982910077, "avg_delay": 0.38681725025076813, "min_max_difference": 0.25895093832886695, "running_time": 9.009599685668945}, "min_max_equal_weight": {"max_delay": 0.6036271026274115, "min_delay": 0.056723676718444915, "avg_delay": 0.13076978198375017, "min_max_difference": 0.5469034259089666, "running_time": 10.008096694946289}, "delay_balance": {"max_delay": 0.5626410366198746, "min_delay": 0.31028199478729124, "avg_delay": 0.3944522428942051, "min_max_difference": 0.2523590418325834, "running_time": 13.010501861572266}}, "60": {"num_user": 100, "num_service": 80, "min_max_greedy": {"max_delay": 0.2426260105895001, "min_delay": 0.0580718976574585, "avg_delay": 0.12003044148519124, "min_max_difference": 0.1845541129320416, "running_time": 15.012025833129883}, "min_max_equal_weight": {"max_delay": 0.24194876191225145, "min_delay": 0.056723676718444915, "avg_delay": 0.10425322875927392, "min_max_difference": 0.18522508519380654, "running_time": 13.010263442993164}, "delay_balance": {"max_delay": 0.2426260105895001, "min_delay": 0.0590718976574585, "avg_delay": 0.12461143707125338, "min_max_difference": 0.1835541129320416, "running_time": 19.02294158935547}}, "80": {"num_user": 100, "num_service": 80, "min_max_greedy": {"max_delay": 0.2201068468264339, "min_delay": 0.0580718976574585, "avg_delay": 0.10676565255914125, "min_max_difference": 0.16203494916897537, "running_time": 20.01667022705078}, "min_max_equal_weight": {"max_delay": 0.2155113249812104, "min_delay": 0.056723676718444915, "avg_delay": 0.08903664703470572, "min_max_difference": 0.15878764826276548, "running_time": 16.013383865356445}, "delay_balance": {"max_delay": 0.2201068468264339, "min_delay": 0.0580718976574585, "avg_delay": 0.10676565255914125, "min_max_difference": 0.16203494916897537, "running_time": 22.0181941986084}}, "100": {"num_user": 100, "num_service": 80, "min_max_greedy": {"max_delay": 0.19107486415708674, "min_delay": 0.0580718976574585, "avg_delay": 0.09845142354209468, "min_max_difference": 0.13300296649962823, "running_time": 24.036884307861328}, "min_max_equal_weight": {"max_delay": 0.21382365249154, "min_delay": 0.04857664973916538, "avg_delay": 0.0808446658957506, "min_max_difference": 0.16524700275237464, "running_time": 21.01731300354004}, "delay_balance": {"max_delay": 0.19107486415708674, "min_delay": 0.0580718976574585, "avg_delay": 0.09845142354209468, "min_max_difference": 0.13300296649962823, "running_time": 26.021242141723633}}, "120": {"num_user": 100, "num_service": 80, "min_max_greedy": {"max_delay": 0.1329973447772418, "min_delay": 0.056723676718444915, "avg_delay": 0.08267837391440958, "min_max_difference": 0.07627366805879687, "running_time": 28.023481369018555}, "min_max_equal_weight": {"max_delay": 0.17454448971025854, "min_delay": 0.04857664973916538, "avg_delay": 0.07414007514410828, "min_max_difference": 0.12596783997109318, "running_time": 24.021625518798828}, "delay_balance": {"max_delay": 0.1329973447772418, "min_delay": 0.056723676718444915, "avg_delay": 0.08267837391440958, "min_max_difference": 0.07627366805879687, "running_time": 29.024600982666016}}, "140": {"num_user": 100, "num_service": 80, "min_max_greedy": {"max_delay": 0.11145892071747912, "min_delay": 0.056723676718444915, "avg_delay": 0.08002387995743439, "min_max_difference": 0.054735243999034205, "running_time": 32.02652931213379}, "min_max_equal_weight": {"max_delay": 0.11854612796920981, "min_delay": 0.04857664973916538, "avg_delay": 0.069887624806308, "min_max_difference": 0.06996947823004443, "running_time": 26.024341583251953}, "delay_balance": {"max_delay": 0.11145892071747912, "min_delay": 0.056723676718444915, "avg_delay": 0.08002387995743439, "min_max_difference": 0.054735243999034205, "running_time": 34.02829170227051}}, "160": {"num_user": 100, "num_service": 80, "min_max_greedy": {"max_delay": 0.08567359675182729, "min_delay": 0.05567437914227205, "avg_delay": 0.06950356109330393, "min_max_difference": 0.029999217609555234, "running_time": 37.030696868896484}, "min_max_equal_weight": {"max_delay": 0.11854612796920981, "min_delay": 0.04777935248861119, "avg_delay": 0.06705242136459882, "min_max_difference": 0.07076677548059862, "running_time": 32.03082084655762}, "delay_balance": {"max_delay": 0.09852241278097118, "min_delay": 0.056723676718444915, "avg_delay": 0.07277636389506849, "min_max_difference": 0.041798736062526265, "running_time": 35.028696060180664}}, "180": {"num_user": 100, "num_service": 80, "min_max_greedy": {"max_delay": 0.08267359675182728, "min_delay": 0.05567437914227205, "avg_delay": 0.06766722053476926, "min_max_difference": 0.02699921760955523, "running_time": 41.03398323059082}, "min_max_equal_weight": {"max_delay": 0.11854612796920981, "min_delay": 0.04777935248861119, "avg_delay": 0.06475699566643046, "min_max_difference": 0.07076677548059862, "running_time": 34.028053283691406}, "delay_balance": {"max_delay": 0.0872373886263818, "min_delay": 0.0563500676706018, "avg_delay": 0.07048093819690014, "min_max_difference": 0.030887320955780007, "running_time": 38.031816482543945}}, "200": {"num_user": 100, "num_service": 80, "min_max_greedy": {"max_delay": 0.08130432465228526, "min_delay": 0.05467437914227205, "avg_delay": 0.06537179483660091, "min_max_difference": 0.026629945510013214, "running_time": 45.037269592285156}, "min_max_equal_weight": {"max_delay": 0.11755763765958072, "min_delay": 0.047672444044055184, "avg_delay": 0.0626319118992491, "min_max_difference": 0.06988519361552553, "running_time": 37.030935287475586}, "delay_balance": {"max_delay": 0.08493975695441291, "min_delay": 0.0563500676706018, "avg_delay": 0.06887414020818229, "min_max_difference": 0.028589689283811115, "running_time": 41.03398323059082}}}