{"entropy": 75245528630299571314598080934724039535, "20": {"num_user": 100, "num_service": 77, "min_max_greedy": {"max_delay": 0.20133259554958594, "min_delay": 0.06719858582529997, "avg_delay": 0.09713794404368095, "min_max_difference": 0.13413400972428596, "running_time": 6.006956100463867}, "min_max_equal_weight": {"max_delay": 0.2108747018701041, "min_delay": 0.06370969356921412, "avg_delay": 0.08854336683027222, "min_max_difference": 0.14716500830088997, "running_time": 4.003763198852539}, "delay_balance": {"max_delay": 0.20133259554958594, "min_delay": 0.06719858582529997, "avg_delay": 0.09713794404368095, "min_max_difference": 0.13413400972428596, "running_time": 7.006168365478516}}, "40": {"num_user": 100, "num_service": 77, "min_max_greedy": {"max_delay": 0.10802969768799184, "min_delay": 0.062262395966598945, "avg_delay": 0.07924234602703498, "min_max_difference": 0.04576730172139289, "running_time": 12.010335922241211}, "min_max_equal_weight": {"max_delay": 0.19741014481880648, "min_delay": 0.05304708308609549, "avg_delay": 0.07413455938978979, "min_max_difference": 0.144363061732711, "running_time": 8.007287979125977}, "delay_balance": {"max_delay": 0.10802969768799184, "min_delay": 0.062262395966598945, "avg_delay": 0.07924234602703498, "min_max_difference": 0.04576730172139289, "running_time": 13.00954818725586}}, "60": {"num_user": 100, "num_service": 77, "min_max_greedy": {"max_delay": 0.0850851471027926, "min_delay": 0.05918670151548917, "avg_delay": 0.0714039330813461, "min_max_difference": 0.02589844558730342, "running_time": 19.016027450561523}, "min_max_equal_weight": {"max_delay": 0.08708128735890897, "min_delay": 0.05126245521123879, "avg_delay": 0.06757852271117808, "min_max_difference": 0.03581883214767018, "running_time": 13.010978698730469}, "delay_balance": {"max_delay": 0.08498849216753443, "min_delay": 0.062262395966598945, "avg_delay": 0.07116537690949158, "min_max_difference": 0.022726096200935485, "running_time": 16.013383865356445}}, "80": {"num_user": 100, "num_service": 77, "min_max_greedy": {"max_delay": 0.07740925955862274, "min_delay": 0.05718670151548917, "avg_delay": 0.06817779608227832, "min_max_difference": 0.020222558043133568, "running_time": 24.018526077270508}, "min_max_equal_weight": {"max_delay": 0.076198305898031, "min_delay": 0.048461535894751474, "avg_delay": 0.06348494950173879, "min_max_difference": 0.02773677000327953, "running_time": 19.01555061340332}, "delay_balance": {"max_delay": 0.07740925955862274, "min_delay": 0.05718670151548917, "avg_delay": 0.0682072206226832, "min_max_difference": 0.020222558043133568, "running_time": 19.01555061340332}}, "100": {"num_user": 100, "num_service": 77, "min_max_greedy": {"max_delay": 0.07347441461020628, "min_delay": 0.05567248955534322, "avg_delay": 0.06692415170238888, "min_max_difference": 0.017801925054863055, "running_time": 30.02476692199707}, "min_max_equal_weight": {"max_delay": 0.07563280376958277, "min_delay": 0.04704089020150232, "avg_delay": 0.06097823762534334, "min_max_difference": 0.028591913568080454, "running_time": 25.020360946655273}, "delay_balance": {"max_delay": 0.07347441461020628, "min_delay": 0.05567248955534322, "avg_delay": 0.06699560770171793, "min_max_difference": 0.017801925054863055, "running_time": 25.020599365234375}}, "120": {"num_user": 100, "num_service": 77, "min_max_greedy": {"max_delay": 0.07245514267656947, "min_delay": 0.055473408871830526, "avg_delay": 0.06549563750978252, "min_max_difference": 0.01698173380473894, "running_time": 35.02917289733887}, "min_max_equal_weight": {"max_delay": 0.0706979588211663, "min_delay": 0.04704089020150232, "avg_delay": 0.05924644737630632, "min_max_difference": 0.02365706861966399, "running_time": 28.022050857543945}, "delay_balance": {"max_delay": 0.07245514267656947, "min_delay": 0.055473408871830526, "avg_delay": 0.06542652874963649, "min_max_difference": 0.01698173380473894, "running_time": 30.02452850341797}}, "140": {"num_user": 100, "num_service": 77, "min_max_greedy": {"max_delay": 0.07119858582529998, "min_delay": 0.05267248955534322, "avg_delay": 0.06426653715746096, "min_max_difference": 0.018526096269956757, "running_time": 40.03310203552246}, "min_max_equal_weight": {"max_delay": 0.0686979588211663, "min_delay": 0.04704089020150232, "avg_delay": 0.05783942804504436, "min_max_difference": 0.02165706861966399, "running_time": 32.02676773071289}, "delay_balance": {"max_delay": 0.07121785775893678, "min_delay": 0.055473408871830526, "avg_delay": 0.06447855791626508, "min_max_difference": 0.015744448887106258, "running_time": 31.026124954223633}}, "160": {"num_user": 100, "num_service": 77, "min_max_greedy": {"max_delay": 0.07019858582529998, "min_delay": 0.05267248955534322, "avg_delay": 0.06309461876915376, "min_max_difference": 0.017526096269956756, "running_time": 44.0366268157959}, "min_max_equal_weight": {"max_delay": 0.06775342903029827, "min_delay": 0.044884992900257305, "avg_delay": 0.05663320657061782, "min_max_difference": 0.022868436130040963, "running_time": 37.03117370605469}, "delay_balance": {"max_delay": 0.07013638423428004, "min_delay": 0.055473408871830526, "avg_delay": 0.06307645158655538, "min_max_difference": 0.01466297536244951, "running_time": 34.02829170227051}}, "180": {"num_user": 100, "num_service": 77, "min_max_greedy": {"max_delay": 0.06944824954535342, "min_delay": 0.05267248955534322, "avg_delay": 0.062239802069833955, "min_max_difference": 0.0167757599900102, "running_time": 49.03078079223633}, "min_max_equal_weight": {"max_delay": 0.06775342903029827, "min_delay": 0.044884992900257305, "avg_delay": 0.05567697408246382, "min_max_difference": 0.022868436130040963, "running_time": 41.03493690490723}, "delay_balance": {"max_delay": 0.06922390552936006, "min_delay": 0.05267248955534322, "avg_delay": 0.06184215316531429, "min_max_difference": 0.01655141597401684, "running_time": 33.02741050720215}}, "200": {"num_user": 100, "num_service": 77, "min_max_greedy": {"max_delay": 0.06829524076055814, "min_delay": 0.05267248955534322, "avg_delay": 0.06105106605964119, "min_max_difference": 0.015622751205214919, "running_time": 53.04384231567383}, "min_max_equal_weight": {"max_delay": 0.06775342903029827, "min_delay": 0.044884992900257305, "avg_delay": 0.054929625490497756, "min_max_difference": 0.022868436130040963, "running_time": 46.03862762451172}, "delay_balance": {"max_delay": 0.06829524076055814, "min_delay": 0.05267248955534322, "avg_delay": 0.060828785621500764, "min_max_difference": 0.015622751205214919, "running_time": 35.02917289733887}}}