{"entropy": 91066133447236226262484988002215134807, "20": {"num_user": 100, "num_service": 76, "min_max_greedy": {"max_delay": 0.14917149388249196, "min_delay": 0.06433354811871222, "avg_delay": 0.0836896933697895, "min_max_difference": 0.08483794576377973, "running_time": 6.005048751831055}, "min_max_equal_weight": {"max_delay": 0.25668995393127847, "min_delay": 0.05597573158998768, "avg_delay": 0.0809189789217908, "min_max_difference": 0.2007142223412908, "running_time": 5.003929138183594}, "delay_balance": {"max_delay": 0.14917149388249196, "min_delay": 0.06433354811871222, "avg_delay": 0.0836896933697895, "min_max_difference": 0.08483794576377973, "running_time": 8.006811141967773}}, "40": {"num_user": 100, "num_service": 76, "min_max_greedy": {"max_delay": 0.09412498618030624, "min_delay": 0.05948770442929928, "avg_delay": 0.07515268137117687, "min_max_difference": 0.03463728175100696, "running_time": 14.011383056640625}, "min_max_equal_weight": {"max_delay": 0.0941077748455842, "min_delay": 0.05597573158998768, "avg_delay": 0.07007176971974532, "min_max_difference": 0.03813204325559653, "running_time": 11.009454727172852}, "delay_balance": {"max_delay": 0.0914145082796641, "min_delay": 0.05948770442929928, "avg_delay": 0.07368076771435898, "min_max_difference": 0.031926803850364824, "running_time": 13.010740280151367}}, "60": {"num_user": 100, "num_service": 76, "min_max_greedy": {"max_delay": 0.07846379941817443, "min_delay": 0.058355745712215495, "avg_delay": 0.06970743286526912, "min_max_difference": 0.02010805370595893, "running_time": 18.015146255493164}, "min_max_equal_weight": {"max_delay": 0.07610916929191071, "min_delay": 0.048224359358911416, "avg_delay": 0.06538344901570071, "min_max_difference": 0.027884809932999292, "running_time": 15.012502670288086}, "delay_balance": {"max_delay": 0.07746379941817443, "min_delay": 0.0568170898533316, "avg_delay": 0.07007715962665692, "min_max_difference": 0.020646709564842824, "running_time": 15.025615692138672}}, "80": {"num_user": 100, "num_service": 76, "min_max_greedy": {"max_delay": 0.07646379941817442, "min_delay": 0.05630169722217404, "avg_delay": 0.06845162919362856, "min_max_difference": 0.020162102196000384, "running_time": 21.01731300354004}, "min_max_equal_weight": {"max_delay": 0.07559799582992346, "min_delay": 0.045391586189239636, "avg_delay": 0.06298208934056863, "min_max_difference": 0.03020640964068383, "running_time": 19.01555061340332}, "delay_balance": {"max_delay": 0.07646379941817442, "min_delay": 0.05630169722217404, "avg_delay": 0.06882135595501637, "min_max_difference": 0.020162102196000384, "running_time": 17.014265060424805}}, "100": {"num_user": 100, "num_service": 76, "min_max_greedy": {"max_delay": 0.07556332736724217, "min_delay": 0.05630169722217404, "avg_delay": 0.06727333639282634, "min_max_difference": 0.019261630145068126, "running_time": 26.021718978881836}, "min_max_equal_weight": {"max_delay": 0.07559799582992346, "min_delay": 0.045391586189239636, "avg_delay": 0.06102933540116637, "min_max_difference": 0.03020640964068383, "running_time": 23.019075393676758}, "delay_balance": {"max_delay": 0.07546379941817442, "min_delay": 0.05630169722217404, "avg_delay": 0.06742882809952284, "min_max_difference": 0.019162102196000383, "running_time": 20.01667022705078}}, "120": {"num_user": 100, "num_service": 76, "min_max_greedy": {"max_delay": 0.07496793176518729, "min_delay": 0.05630169722217404, "avg_delay": 0.06602006361527528, "min_max_difference": 0.01866623454301325, "running_time": 29.024362564086914}, "min_max_equal_weight": {"max_delay": 0.07186540372235498, "min_delay": 0.045391586189239636, "avg_delay": 0.05954380954693352, "min_max_difference": 0.02647381753311534, "running_time": 26.021480560302734}, "delay_balance": {"max_delay": 0.0750248164010193, "min_delay": 0.05630169722217404, "avg_delay": 0.06649690790400874, "min_max_difference": 0.018723119178845254, "running_time": 22.017240524291992}}, "140": {"num_user": 100, "num_service": 76, "min_max_greedy": {"max_delay": 0.07317620001469266, "min_delay": 0.05630169722217404, "avg_delay": 0.0648619547923872, "min_max_difference": 0.01687450279251862, "running_time": 34.02829170227051}, "min_max_equal_weight": {"max_delay": 0.07186540372235498, "min_delay": 0.045391586189239636, "avg_delay": 0.05825559027590673, "min_max_difference": 0.02647381753311534, "running_time": 32.025814056396484}, "delay_balance": {"max_delay": 0.07417663544872435, "min_delay": 0.05630169722217404, "avg_delay": 0.06533412721192013, "min_max_difference": 0.017874938226550313, "running_time": 25.020837783813477}}, "160": {"num_user": 100, "num_service": 76, "min_max_greedy": {"max_delay": 0.06848746030377992, "min_delay": 0.04912312965132554, "avg_delay": 0.06023905393032737, "min_max_difference": 0.01936433065245438, "running_time": 39.032697677612305}, "min_max_equal_weight": {"max_delay": 0.07101322027225075, "min_delay": 0.045391586189239636, "avg_delay": 0.05710729405059025, "min_max_difference": 0.025621634083011116, "running_time": 35.030364990234375}, "delay_balance": {"max_delay": 0.07231343567754714, "min_delay": 0.052635102490637145, "avg_delay": 0.0640338989217874, "min_max_difference": 0.019678333186909994, "running_time": 27.022361755371094}}, "180": {"num_user": 100, "num_service": 76, "min_max_greedy": {"max_delay": 0.06978999002162081, "min_delay": 0.052635102490637145, "avg_delay": 0.06246587901790245, "min_max_difference": 0.017154887530983667, "running_time": 44.0363883972168}, "min_max_equal_weight": {"max_delay": 0.07101322027225075, "min_delay": 0.045391586189239636, "avg_delay": 0.05604640884368767, "min_max_difference": 0.025621634083011116, "running_time": 37.03188896179199}, "delay_balance": {"max_delay": 0.0700624604301423, "min_delay": 0.052635102490637145, "avg_delay": 0.06299973449175135, "min_max_difference": 0.01742735793950516, "running_time": 30.025005340576172}}, "200": {"num_user": 100, "num_service": 76, "min_max_greedy": {"max_delay": 0.06775204668360889, "min_delay": 0.050586092017234435, "avg_delay": 0.06121589627947776, "min_max_difference": 0.017165954666374453, "running_time": 51.04231834411621}, "min_max_equal_weight": {"max_delay": 0.07101322027225075, "min_delay": 0.04384197871988452, "avg_delay": 0.05509754214286433, "min_max_difference": 0.027171241552366235, "running_time": 42.03462600708008}, "delay_balance": {"max_delay": 0.06810568651488036, "min_delay": 0.052635102490637145, "avg_delay": 0.06149780101447831, "min_max_difference": 0.015470584024243214, "running_time": 36.03029251098633}}}