{"entropy": 239991751714456966431547866198148947766, "20": {"num_user": 100, "num_service": 79, "min_max_greedy": {"max_delay": 0.13597115060077858, "min_delay": 0.06718436654204436, "avg_delay": 0.09206622916553808, "min_max_difference": 0.06878678405873422, "running_time": 7.005453109741211}, "min_max_equal_weight": {"max_delay": 0.1488427144284894, "min_delay": 0.058410908724733535, "avg_delay": 0.08407517689075149, "min_max_difference": 0.09043180570375586, "running_time": 6.005048751831055}, "delay_balance": {"max_delay": 0.13597115060077858, "min_delay": 0.06718436654204436, "avg_delay": 0.09206622916553808, "min_max_difference": 0.06878678405873422, "running_time": 8.006811141967773}}, "40": {"num_user": 100, "num_service": 79, "min_max_greedy": {"max_delay": 0.11437717996295493, "min_delay": 0.056911561810518846, "avg_delay": 0.07421057084268633, "min_max_difference": 0.05746561815243609, "running_time": 11.008977890014648}, "min_max_equal_weight": {"max_delay": 0.11437717996295493, "min_delay": 0.05625189008187088, "avg_delay": 0.0718917136468614, "min_max_difference": 0.05812528988108406, "running_time": 9.006977081298828}, "delay_balance": {"max_delay": 0.11437717996295493, "min_delay": 0.058410908724733535, "avg_delay": 0.0752529025172506, "min_max_difference": 0.0559662712382214, "running_time": 13.01121711730957}}, "60": {"num_user": 100, "num_service": 79, "min_max_greedy": {"max_delay": 0.09260176372954462, "min_delay": 0.06351007096319855, "avg_delay": 0.0797883043483022, "min_max_difference": 0.029091692766346072, "running_time": 17.014265060424805}, "min_max_equal_weight": {"max_delay": 0.10953384729112207, "min_delay": 0.05031131936744806, "avg_delay": 0.06700236985290554, "min_max_difference": 0.059222527923674016, "running_time": 15.012979507446289}, "delay_balance": {"max_delay": 0.08993780844950737, "min_delay": 0.06351007096319855, "avg_delay": 0.07747746861941192, "min_max_difference": 0.02642773748630882, "running_time": 15.012264251708984}}, "80": {"num_user": 100, "num_service": 79, "min_max_greedy": {"max_delay": 0.08894005253773218, "min_delay": 0.06190188758289471, "avg_delay": 0.0762669459694554, "min_max_difference": 0.027038164954837476, "running_time": 23.018598556518555}, "min_max_equal_weight": {"max_delay": 0.07947375935140118, "min_delay": 0.04970004174491708, "avg_delay": 0.06376575680209993, "min_max_difference": 0.029773717606484097, "running_time": 19.016027450561523}, "delay_balance": {"max_delay": 0.08793780844950737, "min_delay": 0.06351007096319855, "avg_delay": 0.07587499528776807, "min_max_difference": 0.024427737486308818, "running_time": 18.015146255493164}}, "100": {"num_user": 100, "num_service": 79, "min_max_greedy": {"max_delay": 0.08474173186600087, "min_delay": 0.059084777184758894, "avg_delay": 0.07311907612971495, "min_max_difference": 0.025656954681241975, "running_time": 30.02452850341797}, "min_max_equal_weight": {"max_delay": 0.0781566941783328, "min_delay": 0.047302737641749415, "avg_delay": 0.061396253217046, "min_max_difference": 0.03085395653658339, "running_time": 26.021957397460938}, "delay_balance": {"max_delay": 0.08474173186600087, "min_delay": 0.06302386271744677, "avg_delay": 0.07447880266320196, "min_max_difference": 0.0217178691485541, "running_time": 20.01667022705078}}, "120": {"num_user": 100, "num_service": 79, "min_max_greedy": {"max_delay": 0.07309004417397208, "min_delay": 0.05031131936744806, "avg_delay": 0.0614671600267069, "min_max_difference": 0.02277872480652402, "running_time": 35.02917289733887}, "min_max_equal_weight": {"max_delay": 0.0781566941783328, "min_delay": 0.047302737641749415, "avg_delay": 0.0596338112885752, "min_max_difference": 0.03085395653658339, "running_time": 30.02452850341797}, "delay_balance": {"max_delay": 0.08306961295349141, "min_delay": 0.06202386271744677, "avg_delay": 0.07284423551025322, "min_max_difference": 0.021045750236044644, "running_time": 24.02019500732422}}, "140": {"num_user": 100, "num_service": 79, "min_max_greedy": {"max_delay": 0.07105807492281804, "min_delay": 0.05031131936744806, "avg_delay": 0.060092519005798234, "min_max_difference": 0.020746755555369985, "running_time": 40.03334045410156}, "min_max_equal_weight": {"max_delay": 0.07034909021954087, "min_delay": 0.047302737641749415, "avg_delay": 0.05816412641704087, "min_max_difference": 0.02304635257779146, "running_time": 35.02917289733887}, "delay_balance": {"max_delay": 0.07996551659930273, "min_delay": 0.06202386271744677, "avg_delay": 0.07009557609461532, "min_max_difference": 0.017941653881855965, "running_time": 30.025243759155273}}, "160": {"num_user": 100, "num_service": 79, "min_max_greedy": {"max_delay": 0.06874100974974967, "min_delay": 0.05031131936744806, "avg_delay": 0.05918321330377445, "min_max_difference": 0.018429690382301613, "running_time": 45.037031173706055}, "min_max_equal_weight": {"max_delay": 0.07012973212721871, "min_delay": 0.047302737641749415, "avg_delay": 0.056864495756840536, "min_max_difference": 0.022826994485469293, "running_time": 37.5361442565918}, "delay_balance": {"max_delay": 0.0784602747147505, "min_delay": 0.06066421145255849, "avg_delay": 0.06854236479311353, "min_max_difference": 0.017796063262192012, "running_time": 30.025243759155273}}, "180": {"num_user": 100, "num_service": 79, "min_max_greedy": {"max_delay": 0.06655714056553945, "min_delay": 0.05031131936744806, "avg_delay": 0.058199289036105536, "min_max_difference": 0.01624582119809139, "running_time": 49.042701721191406}, "min_max_equal_weight": {"max_delay": 0.07012973212721871, "min_delay": 0.046786953278182594, "avg_delay": 0.05568325268277682, "min_max_difference": 0.023342778849036114, "running_time": 44.0366268157959}, "delay_balance": {"max_delay": 0.0757759606857803, "min_delay": 0.06066421145255849, "avg_delay": 0.06763349485120618, "min_max_difference": 0.015111749233221804, "running_time": 32.0286750793457}}, "200": {"num_user": 100, "num_service": 79, "min_max_greedy": {"max_delay": 0.06460046463825596, "min_delay": 0.049586779558864064, "avg_delay": 0.057325865091654986, "min_max_difference": 0.015013685079391895, "running_time": 54.04520034790039}, "min_max_equal_weight": {"max_delay": 0.06972840814980841, "min_delay": 0.04664562098756227, "avg_delay": 0.054788091757837554, "min_max_difference": 0.02308278716224614, "running_time": 47.04093933105469}, "delay_balance": {"max_delay": 0.07337392245556679, "min_delay": 0.059084777184758894, "avg_delay": 0.06595792913949501, "min_max_difference": 0.014289145270807893, "running_time": 39.0322208404541}}}