{"entropy": 221073446660067466052154590022481903503, "20": {"num_user": 100, "num_service": 75, "min_max_greedy": {"max_delay": 0.14730773328675595, "min_delay": 0.06704248841523107, "avg_delay": 0.09505908899980269, "min_max_difference": 0.08026524487152488, "running_time": 8.006572723388672}, "min_max_equal_weight": {"max_delay": 0.14730773328675595, "min_delay": 0.06359548147276717, "avg_delay": 0.09257700667534749, "min_max_difference": 0.08371225181398878, "running_time": 6.00433349609375}, "delay_balance": {"max_delay": 0.14730773328675595, "min_delay": 0.06704248841523107, "avg_delay": 0.09505908899980269, "min_max_difference": 0.08026524487152488, "running_time": 8.006811141967773}}, "40": {"num_user": 100, "num_service": 75, "min_max_greedy": {"max_delay": 0.12875335245119976, "min_delay": 0.07389290962507339, "avg_delay": 0.09940308856426279, "min_max_difference": 0.05486044282612637, "running_time": 10.00833511352539}, "min_max_equal_weight": {"max_delay": 0.11704299928664894, "min_delay": 0.054230795899845544, "avg_delay": 0.07945715136188926, "min_max_difference": 0.06281220338680339, "running_time": 10.00833511352539}, "delay_balance": {"max_delay": 0.12875335245119976, "min_delay": 0.07389290962507339, "avg_delay": 0.09940308856426279, "min_max_difference": 0.05486044282612637, "running_time": 11.008977890014648}}, "60": {"num_user": 100, "num_service": 75, "min_max_greedy": {"max_delay": 0.1162140878018061, "min_delay": 0.05849233516516089, "avg_delay": 0.08793032576172612, "min_max_difference": 0.05772175263664521, "running_time": 14.011621475219727}, "min_max_equal_weight": {"max_delay": 0.11704299928664894, "min_delay": 0.05167578087715196, "avg_delay": 0.07342740574174181, "min_max_difference": 0.06536721840949697, "running_time": 14.011383056640625}, "delay_balance": {"max_delay": 0.1162140878018061, "min_delay": 0.05849233516516089, "avg_delay": 0.08793032576172612, "min_max_difference": 0.05772175263664521, "running_time": 15.012264251708984}}, "80": {"num_user": 100, "num_service": 75, "min_max_greedy": {"max_delay": 0.11332947241719071, "min_delay": 0.05849233516516089, "avg_delay": 0.08527049632528422, "min_max_difference": 0.05483713725202982, "running_time": 18.015623092651367}, "min_max_equal_weight": {"max_delay": 0.11522717894141682, "min_delay": 0.05167578087715196, "avg_delay": 0.06918154749386661, "min_max_difference": 0.06355139806426485, "running_time": 19.01531219482422}, "delay_balance": {"max_delay": 0.11332947241719071, "min_delay": 0.05849233516516089, "avg_delay": 0.08527049632528422, "min_max_difference": 0.05483713725202982, "running_time": 19.01555061340332}}, "100": {"num_user": 100, "num_service": 75, "min_max_greedy": {"max_delay": 0.11491956997998984, "min_delay": 0.06500044365310272, "avg_delay": 0.08579798805293715, "min_max_difference": 0.04991912632688712, "running_time": 22.0181941986084}, "min_max_equal_weight": {"max_delay": 0.11495144582228696, "min_delay": 0.0514000477580221, "avg_delay": 0.06585771685685508, "min_max_difference": 0.06355139806426485, "running_time": 21.017789840698242}, "delay_balance": {"max_delay": 0.11491956997998984, "min_delay": 0.0672750740580288, "avg_delay": 0.0864773304413353, "min_max_difference": 0.047644495921961044, "running_time": 22.0184326171875}}, "120": {"num_user": 100, "num_service": 75, "min_max_greedy": {"max_delay": 0.09918723284728324, "min_delay": 0.06496164288966724, "avg_delay": 0.07997724549151225, "min_max_difference": 0.034225589957616, "running_time": 28.02252769470215}, "min_max_equal_weight": {"max_delay": 0.11495144582228696, "min_delay": 0.04996836927301028, "avg_delay": 0.06365389516687962, "min_max_difference": 0.06498307654927668, "running_time": 27.022600173950195}, "delay_balance": {"max_delay": 0.09918723284728324, "min_delay": 0.06626991652237736, "avg_delay": 0.07924745799560454, "min_max_difference": 0.03291731632490588, "running_time": 28.023242950439453}}, "140": {"num_user": 100, "num_service": 75, "min_max_greedy": {"max_delay": 0.07932055021869798, "min_delay": 0.05419199513641007, "avg_delay": 0.06498753125483434, "min_max_difference": 0.02512855508228791, "running_time": 36.02957725524902}, "min_max_equal_weight": {"max_delay": 0.11170135431265563, "min_delay": 0.04996836927301028, "avg_delay": 0.06161710567028631, "min_max_difference": 0.06173298503964535, "running_time": 29.024600982666016}, "delay_balance": {"max_delay": 0.08863411586926284, "min_delay": 0.06248255901994606, "avg_delay": 0.07630586543611201, "min_max_difference": 0.026151556849316783, "running_time": 28.022289276123047}}, "160": {"num_user": 100, "num_service": 75, "min_max_greedy": {"max_delay": 0.07504043695492227, "min_delay": 0.05248717762950947, "avg_delay": 0.0640461311355557, "min_max_difference": 0.0225532593254128, "running_time": 40.033578872680664}, "min_max_equal_weight": {"max_delay": 0.08784879565390379, "min_delay": 0.04996836927301028, "avg_delay": 0.05969265388497694, "min_max_difference": 0.037880426380893506, "running_time": 32.02629089355469}, "delay_balance": {"max_delay": 0.08438376828643722, "min_delay": 0.06148255901994606, "avg_delay": 0.07356755810766824, "min_max_difference": 0.02290120926649116, "running_time": 31.02564811706543}}, "180": {"num_user": 100, "num_service": 75, "min_max_greedy": {"max_delay": 0.07261641946823721, "min_delay": 0.05169982012707816, "avg_delay": 0.06131268455582143, "min_max_difference": 0.020916599341159053, "running_time": 46.03862762451172}, "min_max_equal_weight": {"max_delay": 0.07986821258457413, "min_delay": 0.04854537004028197, "avg_delay": 0.05814358122738146, "min_max_difference": 0.03132284254429216, "running_time": 37.03117370605469}, "delay_balance": {"max_delay": 0.08238376828643722, "min_delay": 0.06148255901994606, "avg_delay": 0.07153935421597492, "min_max_difference": 0.02090120926649116, "running_time": 36.02933883666992}}, "200": {"num_user": 100, "num_service": 75, "min_max_greedy": {"max_delay": 0.0680469108283759, "min_delay": 0.04919420679606205, "avg_delay": 0.05940951471556143, "min_max_difference": 0.01885270403231385, "running_time": 51.04207992553711}, "min_max_equal_weight": {"max_delay": 0.06657609101511101, "min_delay": 0.048540306546927106, "avg_delay": 0.05674283107735628, "min_max_difference": 0.018035784468183907, "running_time": 40.03334045410156}, "delay_balance": {"max_delay": 0.07783361503636704, "min_delay": 0.06148255901994606, "avg_delay": 0.07017916246881861, "min_max_difference": 0.016351056016420985, "running_time": 39.0324592590332}}}