{"entropy": 49669095979304548487090275684463319259, "20": {"num_user": 100, "num_service": 75, "min_max_greedy": {"max_delay": 0.10796418177704167, "min_delay": 0.06786346374815592, "avg_delay": 0.08637497017386898, "min_max_difference": 0.04010071802888575, "running_time": 7.005929946899414}, "min_max_equal_weight": {"max_delay": 0.10279824706586246, "min_delay": 0.05215615131641986, "avg_delay": 0.06943888635903421, "min_max_difference": 0.0506420957494426, "running_time": 7.005929946899414}, "delay_balance": {"max_delay": 0.10796418177704167, "min_delay": 0.06841089248533874, "avg_delay": 0.08820259775345624, "min_max_difference": 0.03955328929170293, "running_time": 7.0056915283203125}}, "40": {"num_user": 100, "num_service": 75, "min_max_greedy": {"max_delay": 0.08425330954807769, "min_delay": 0.05215615131641986, "avg_delay": 0.0704581232629303, "min_max_difference": 0.03209715823165783, "running_time": 15.012264251708984}, "min_max_equal_weight": {"max_delay": 0.1021338279209254, "min_delay": 0.04661542526749696, "avg_delay": 0.06402924673306093, "min_max_difference": 0.055518402653428445, "running_time": 16.012907028198242}, "delay_balance": {"max_delay": 0.096043764558117, "min_delay": 0.06694660632645918, "avg_delay": 0.081277332024671, "min_max_difference": 0.029097158231657816, "running_time": 12.01009750366211}}, "60": {"num_user": 100, "num_service": 75, "min_max_greedy": {"max_delay": 0.0807658966350343, "min_delay": 0.05215615131641986, "avg_delay": 0.06749787072798061, "min_max_difference": 0.028609745318614446, "running_time": 21.01731300354004}, "min_max_equal_weight": {"max_delay": 0.09974217046329446, "min_delay": 0.04557491526332297, "avg_delay": 0.06088974616683853, "min_max_difference": 0.054167255199971495, "running_time": 24.02019500732422}, "delay_balance": {"max_delay": 0.09153693223782025, "min_delay": 0.06712747503215627, "avg_delay": 0.07862431388370836, "min_max_difference": 0.02440945720566398, "running_time": 17.014026641845703}}, "80": {"num_user": 100, "num_service": 75, "min_max_greedy": {"max_delay": 0.07739525514522871, "min_delay": 0.051349632227464026, "avg_delay": 0.06559431047660673, "min_max_difference": 0.026045622917764688, "running_time": 29.024839401245117}, "min_max_equal_weight": {"max_delay": 0.0794435209051158, "min_delay": 0.04557491526332297, "avg_delay": 0.05817690761409718, "min_max_difference": 0.03386860564179284, "running_time": 28.023242950439453}, "delay_balance": {"max_delay": 0.08654063362784262, "min_delay": 0.06394660632645918, "avg_delay": 0.0743056423138012, "min_max_difference": 0.022594027301383435, "running_time": 18.015146255493164}}, "100": {"num_user": 100, "num_service": 75, "min_max_greedy": {"max_delay": 0.07215622054984142, "min_delay": 0.048279844412434006, "avg_delay": 0.06071840276396966, "min_max_difference": 0.02387637613740741, "running_time": 37.030935287475586}, "min_max_equal_weight": {"max_delay": 0.0794435209051158, "min_delay": 0.04557491526332297, "avg_delay": 0.05602725533666417, "min_max_difference": 0.03386860564179284, "running_time": 35.028696060180664}, "delay_balance": {"max_delay": 0.08064087667191462, "min_delay": 0.05892719389303106, "avg_delay": 0.07158368696795346, "min_max_difference": 0.02171368277888356, "running_time": 24.020910263061523}}, "120": {"num_user": 100, "num_service": 75, "min_max_greedy": {"max_delay": 0.06512961624737504, "min_delay": 0.04713673888299174, "avg_delay": 0.05711540864907692, "min_max_difference": 0.0179928773643833, "running_time": 49.04055595397949}, "min_max_equal_weight": {"max_delay": 0.07929151331708828, "min_delay": 0.044436675671860465, "avg_delay": 0.05445844436007203, "min_max_difference": 0.034854837645227815, "running_time": 41.03374481201172}, "delay_balance": {"max_delay": 0.07653037721554641, "min_delay": 0.05892719389303106, "avg_delay": 0.06806727759538682, "min_max_difference": 0.01760318332251535, "running_time": 28.023719787597656}}, "140": {"num_user": 100, "num_service": 75, "min_max_greedy": {"max_delay": 0.060571126668926334, "min_delay": 0.04713673888299174, "avg_delay": 0.05490353117229976, "min_max_difference": 0.013434387785934594, "running_time": 55.04631996154785}, "min_max_equal_weight": {"max_delay": 0.07393375188483872, "min_delay": 0.04253782874748868, "avg_delay": 0.05314830864641482, "min_max_difference": 0.03139592313735004, "running_time": 45.03750801086426}, "delay_balance": {"max_delay": 0.07236158167896566, "min_delay": 0.05892719389303106, "avg_delay": 0.06692136536156458, "min_max_difference": 0.013434387785934594, "running_time": 32.02652931213379}}, "160": {"num_user": 100, "num_service": 75, "min_max_greedy": {"max_delay": 0.05772932989656145, "min_delay": 0.046472319738054685, "avg_delay": 0.05329455028757236, "min_max_difference": 0.011257010158506768, "running_time": 60.04977226257324}, "min_max_equal_weight": {"max_delay": 0.07393375188483872, "min_delay": 0.04253782874748868, "avg_delay": 0.05215070005631887, "min_max_difference": 0.03139592313735004, "running_time": 53.04455757141113}, "delay_balance": {"max_delay": 0.07067421086707751, "min_delay": 0.05892719389303106, "avg_delay": 0.06599042088351313, "min_max_difference": 0.011747016974046447, "running_time": 34.02853012084961}}, "180": {"num_user": 100, "num_service": 75, "min_max_greedy": {"max_delay": 0.057009335285496184, "min_delay": 0.04713673888299174, "avg_delay": 0.053216088787959206, "min_max_difference": 0.009872596402504444, "running_time": 67.05641746520996}, "min_max_equal_weight": {"max_delay": 0.058079468560468764, "min_delay": 0.04253782874748868, "avg_delay": 0.05131283265467996, "min_max_difference": 0.015541639812980082, "running_time": 54.044246673583984}, "delay_balance": {"max_delay": 0.06894660632645919, "min_delay": 0.05892719389303106, "avg_delay": 0.06508994272024891, "min_max_difference": 0.010019412433428125, "running_time": 38.03205490112305}}, "200": {"num_user": 100, "num_service": 75, "min_max_greedy": {"max_delay": 0.055279429197643934, "min_delay": 0.04557491526332297, "avg_delay": 0.05212480991267236, "min_max_difference": 0.009704513934320966, "running_time": 74.06425476074219}, "min_max_equal_weight": {"max_delay": 0.058079468560468764, "min_delay": 0.04253782874748868, "avg_delay": 0.05064139713831736, "min_max_difference": 0.015541639812980082, "running_time": 63.054561614990234}, "delay_balance": {"max_delay": 0.06778764132223254, "min_delay": 0.05892719389303106, "avg_delay": 0.06441472994109675, "min_max_difference": 0.00886044742920148, "running_time": 43.03598403930664}}}