{"entropy": 89808654433265928957101756841139998875, "20": {"num_user": 100, "num_service": 77, "min_max_greedy": {"max_delay": 0.571515151122475, "min_delay": 0.06553548674325335, "avg_delay": 0.27712536402229443, "min_max_difference": 0.5059796643792216, "running_time": 4.003286361694336}, "min_max_equal_weight": {"max_delay": 0.5826726602799841, "min_delay": 0.06369608786246635, "avg_delay": 0.24634850769616368, "min_max_difference": 0.5189765724175177, "running_time": 4.002809524536133}, "delay_balance": {"max_delay": 0.571515151122475, "min_delay": 0.07193384823838903, "avg_delay": 0.301074209386279, "min_max_difference": 0.499581302884086, "running_time": 7.006168365478516}}, "40": {"num_user": 100, "num_service": 77, "min_max_greedy": {"max_delay": 0.5582318657803662, "min_delay": 0.06453548674325335, "avg_delay": 0.2100685970031378, "min_max_difference": 0.49369637903711283, "running_time": 9.006977081298828}, "min_max_equal_weight": {"max_delay": 0.5816726602799841, "min_delay": 0.06453548674325335, "avg_delay": 0.19369568480179658, "min_max_difference": 0.5171371735367307, "running_time": 8.006572723388672}, "delay_balance": {"max_delay": 0.5582318657803662, "min_delay": 0.06534368113706573, "avg_delay": 0.2340174423671223, "min_max_difference": 0.4928881846433005, "running_time": 12.010574340820312}}, "60": {"num_user": 100, "num_service": 77, "min_max_greedy": {"max_delay": 0.5499107555180794, "min_delay": 0.06453548674325335, "avg_delay": 0.18132998256635635, "min_max_difference": 0.48537526877482606, "running_time": 12.009859085083008}, "min_max_equal_weight": {"max_delay": 0.5786726602799841, "min_delay": 0.061563379197206926, "avg_delay": 0.15763762015068727, "min_max_difference": 0.5171092810827772, "running_time": 10.008096694946289}, "delay_balance": {"max_delay": 0.5499107555180794, "min_delay": 0.06453548674325335, "avg_delay": 0.18132998256635635, "min_max_difference": 0.48537526877482606, "running_time": 14.011859893798828}}, "80": {"num_user": 100, "num_service": 77, "min_max_greedy": {"max_delay": 0.5435123940229437, "min_delay": 0.06453548674325335, "avg_delay": 0.13343229183838726, "min_max_difference": 0.47897690727969033, "running_time": 18.015146255493164}, "min_max_equal_weight": {"max_delay": 0.571515151122475, "min_delay": 0.06353548674325335, "avg_delay": 0.12460067589329059, "min_max_difference": 0.5079796643792216, "running_time": 14.011859893798828}, "delay_balance": {"max_delay": 0.5435123940229437, "min_delay": 0.06453548674325335, "avg_delay": 0.13343229183838726, "min_max_difference": 0.47897690727969033, "running_time": 19.015789031982422}}, "100": {"num_user": 100, "num_service": 77, "min_max_greedy": {"max_delay": 0.29541866145575996, "min_delay": 0.061563379197206926, "avg_delay": 0.1029465553669709, "min_max_difference": 0.23385528225855304, "running_time": 23.01931381225586}, "min_max_equal_weight": {"max_delay": 0.571515151122475, "min_delay": 0.05931755903978276, "avg_delay": 0.1006264831459241, "min_max_difference": 0.5121975920826922, "running_time": 17.014265060424805}, "delay_balance": {"max_delay": 0.29541866145575996, "min_delay": 0.061563379197206926, "avg_delay": 0.1029465553669709, "min_max_difference": 0.23385528225855304, "running_time": 25.020837783813477}}, "120": {"num_user": 100, "num_service": 77, "min_max_greedy": {"max_delay": 0.18243243591641295, "min_delay": 0.06353548674325335, "avg_delay": 0.09030225523807905, "min_max_difference": 0.1188969491731596, "running_time": 27.022600173950195}, "min_max_equal_weight": {"max_delay": 0.2918359620107839, "min_delay": 0.05500141696449169, "avg_delay": 0.08452739575364304, "min_max_difference": 0.2368345450462922, "running_time": 21.017789840698242}, "delay_balance": {"max_delay": 0.18243243591641295, "min_delay": 0.06353548674325335, "avg_delay": 0.09030225523807905, "min_max_difference": 0.1188969491731596, "running_time": 28.023481369018555}}, "140": {"num_user": 100, "num_service": 77, "min_max_greedy": {"max_delay": 0.14466294581948924, "min_delay": 0.06353548674325335, "avg_delay": 0.08315970602290237, "min_max_difference": 0.08112745907623589, "running_time": 32.02676773071289}, "min_max_equal_weight": {"max_delay": 0.14935438907921714, "min_delay": 0.05500141696449169, "avg_delay": 0.07270517308994745, "min_max_difference": 0.09435297211472544, "running_time": 24.019479751586914}, "delay_balance": {"max_delay": 0.14466294581948924, "min_delay": 0.06353548674325335, "avg_delay": 0.08315970602290237, "min_max_difference": 0.08112745907623589, "running_time": 34.0273380279541}}, "160": {"num_user": 100, "num_service": 77, "min_max_greedy": {"max_delay": 0.08569233135493817, "min_delay": 0.05931755903978276, "avg_delay": 0.07102101612111032, "min_max_difference": 0.026374772315155413, "running_time": 37.03117370605469}, "min_max_equal_weight": {"max_delay": 0.1405982563230844, "min_delay": 0.054505048600072756, "avg_delay": 0.06510252373511752, "min_max_difference": 0.08609320772301164, "running_time": 27.022600173950195}, "delay_balance": {"max_delay": 0.08569233135493817, "min_delay": 0.05931755903978276, "avg_delay": 0.07102101612111032, "min_max_difference": 0.026374772315155413, "running_time": 37.030935287475586}}, "180": {"num_user": 100, "num_service": 77, "min_max_greedy": {"max_delay": 0.0766398704003742, "min_delay": 0.052941190522736034, "avg_delay": 0.06583645798515197, "min_max_difference": 0.02369867987763817, "running_time": 42.03510284423828}, "min_max_equal_weight": {"max_delay": 0.07284518593728213, "min_delay": 0.049625048447444975, "avg_delay": 0.061551354532672437, "min_max_difference": 0.02322013748983716, "running_time": 32.02652931213379}, "delay_balance": {"max_delay": 0.07865590400310565, "min_delay": 0.05865548659062556, "avg_delay": 0.0669107259789996, "min_max_difference": 0.02000041741248009, "running_time": 42.03605651855469}}, "200": {"num_user": 100, "num_service": 77, "min_max_greedy": {"max_delay": 0.07390079251711518, "min_delay": 0.052941190522736034, "avg_delay": 0.06496227909124715, "min_max_difference": 0.020959601994379143, "running_time": 45.03774642944336}, "min_max_equal_weight": {"max_delay": 0.0713947803279684, "min_delay": 0.04917464283813122, "avg_delay": 0.05960795649105763, "min_max_difference": 0.022220137489837172, "running_time": 34.027814865112305}, "delay_balance": {"max_delay": 0.07590079251711518, "min_delay": 0.055280210704247344, "avg_delay": 0.06611855381406949, "min_max_difference": 0.020620581812867834, "running_time": 44.036865234375}}}