{"entropy": 864618987643020363414130856597091128, "20": {"num_user": 100, "num_service": 74, "min_max_greedy": {"max_delay": 0.2685643487369379, "running_time": 66.0550594329834}, "min_max_equal_weight": {"max_delay": 0.17910588136778471, "running_time": 10.008096694946289}, "min_max_surrogate_relaxation": {"max_delay": 0.18209491076823642, "running_time": 59064.06903266907}, "min_max_pulp": {"pulp_solution_status": "Optimal", "max_delay": 0.17439794107126672, "running_time": 4867.043256759644}}, "40": {"num_user": 100, "num_service": 74, "min_max_greedy": {"max_delay": 0.14288671147072293, "running_time": 85.07061004638672}, "min_max_equal_weight": {"max_delay": 0.11975482492741413, "running_time": 18.014907836914062}, "min_max_surrogate_relaxation": {"max_delay": 0.11975482492741413, "running_time": 77085.04009246826}, "min_max_pulp": {"pulp_solution_status": "Optimal", "max_delay": 0.11342622674496013, "running_time": 10573.784589767456}}, "60": {"num_user": 100, "num_service": 74, "min_max_greedy": {"max_delay": 0.11794938432983065, "running_time": 110.0914478302002}, "min_max_equal_weight": {"max_delay": 0.11225534499513101, "running_time": 24.019956588745117}, "min_max_surrogate_relaxation": {"max_delay": 0.09980652718697353, "running_time": 97944.36883926392}, "min_max_pulp": {"pulp_solution_status": "Optimal", "max_delay": 0.09917717712482027, "running_time": 23335.564136505127}}, "80": {"num_user": 100, "num_service": 74, "min_max_greedy": {"max_delay": 0.10042918478048309, "running_time": 166.1374568939209}, "min_max_equal_weight": {"max_delay": 0.11225534499513101, "running_time": 28.023242950439453}, "min_max_surrogate_relaxation": {"max_delay": 0.09130704725469041, "running_time": 74835.2599143982}, "min_max_pulp": {"pulp_solution_status": "Optimal", "max_delay": 0.08741167427014906, "running_time": 32095.66307067871}}, "100": {"num_user": 100, "num_service": 74, "min_max_greedy": {"max_delay": 0.08299426793414395, "running_time": 188.1558895111084}, "min_max_equal_weight": {"max_delay": 0.07749478800186084, "running_time": 30.025005340576172}, "min_max_surrogate_relaxation": {"max_delay": 0.07749478800186084, "running_time": 96406.09097480774}, "min_max_pulp": {"pulp_solution_status": "Optimal", "max_delay": 0.07649678600385884, "running_time": 36764.543533325195}}, "120": {"num_user": 100, "num_service": 74, "min_max_greedy": {"max_delay": 0.08014759285841529, "running_time": 207.17167854309082}, "min_max_equal_weight": {"max_delay": 0.0755075324781953, "running_time": 36.029815673828125}, "min_max_surrogate_relaxation": {"max_delay": 0.07376810042160631, "running_time": 175283.6194038391}, "min_max_pulp": {"pulp_solution_status": "Optimal", "max_delay": 0.07284955971615667, "running_time": 75335.58702468872}}, "140": {"num_user": 100, "num_service": 74, "min_max_greedy": {"max_delay": 0.07988156482822095, "running_time": 226.18818283081055}, "min_max_equal_weight": {"max_delay": 0.0755075324781953, "running_time": 41.03398323059082}, "min_max_surrogate_relaxation": {"max_delay": 0.07086230419249115, "running_time": 140442.6748752594}, "min_max_pulp": {"pulp_solution_status": "Optimal", "max_delay": 0.06922793001838819, "running_time": 169620.91612815857}}, "160": {"num_user": 100, "num_service": 74, "min_max_greedy": {"max_delay": 0.07019328730746852, "running_time": 252.20942497253418}, "min_max_equal_weight": {"max_delay": 0.07086230419249115, "running_time": 46.038150787353516}, "min_max_surrogate_relaxation": {"max_delay": 0.0693026564952755, "running_time": 184287.09959983826}, "min_max_pulp": {"pulp_solution_status": "Optimal", "max_delay": 0.06739505349748415, "running_time": 1868955.6679725647}}, "180": {"num_user": 100, "num_service": 74, "min_max_greedy": {"max_delay": 0.07286816329582878, "running_time": 281.2337875366211}, "min_max_equal_weight": {"max_delay": 0.06991814780653251, "running_time": 50.04143714904785}, "min_max_surrogate_relaxation": {"max_delay": 0.06584615227460497, "running_time": 182592.69165992737}, "min_max_pulp": {"pulp_solution_status": "Optimal", "max_delay": 0.06484615227460497, "running_time": 1884060.2169036865}}, "200": {"num_user": 100, "num_service": 74, "min_max_greedy": {"max_delay": 0.06845867605929075, "running_time": 334.277868270874}, "min_max_equal_weight": {"max_delay": 0.06991814780653251, "running_time": 55.04584312438965}, "min_max_surrogate_relaxation": {"max_delay": 0.06477142579771765, "running_time": 152587.7649784088}, "min_max_pulp": {"pulp_solution_status": "Optimal", "max_delay": 0.06484615227460497, "running_time": 1902538.568019867}}}