{"entropy": 184918133487248786661796245016798137294, "20": {"num_user": 100, "num_service": 75, "min_max_greedy": {"max_delay": 0.3185760763993724, "running_time": 26.021480560302734}, "min_max_equal_weight": {"max_delay": 0.24181850064179666, "running_time": 9.007453918457031}, "min_max_surrogate_relaxation": {"max_delay": 0.2854905149020462, "running_time": 23292.351007461548}, "min_max_pulp": {"pulp_solution_status": "Optimal", "max_delay": 0.2412261171101755, "running_time": 4817.001819610596}}, "40": {"num_user": 100, "num_service": 75, "min_max_greedy": {"max_delay": 0.32089388395866325, "running_time": 44.0363883972168}, "min_max_equal_weight": {"max_delay": 0.24181850064179666, "running_time": 14.011383056640625}, "min_max_surrogate_relaxation": {"max_delay": 0.2451363082010875, "running_time": 47171.18811607361}, "min_max_pulp": {"pulp_solution_status": "Optimal", "max_delay": 0.23720355047348274, "running_time": 38751.193046569824}}, "60": {"num_user": 100, "num_service": 75, "min_max_greedy": {"max_delay": 0.32089388395866325, "running_time": 68.05634498596191}, "min_max_equal_weight": {"max_delay": 0.24181850064179666, "running_time": 16.013383865356445}, "min_max_surrogate_relaxation": {"max_delay": 0.2585562216210009, "running_time": 85607.11979866028}, "min_max_pulp": {"pulp_solution_status": "Optimal", "max_delay": 0.23707418121062535, "running_time": 1815063.1623268127}}, "80": {"num_user": 100, "num_service": 75, "min_max_greedy": {"max_delay": 0.21872441887370708, "running_time": 91.07589721679688}, "min_max_equal_weight": {"max_delay": 0.24181850064179666, "running_time": 19.015789031982422}, "min_max_surrogate_relaxation": {"max_delay": 0.2451363082010875, "running_time": 67190.8209323883}, "min_max_pulp": {"pulp_solution_status": "Optimal", "max_delay": 0.21872441887370708, "running_time": 168319.83399391174}}, "100": {"num_user": 100, "num_service": 75, "min_max_greedy": {"max_delay": 0.21772441887370708, "running_time": 121.10042572021484}, "min_max_equal_weight": {"max_delay": 0.23981850064179666, "running_time": 21.017074584960938}, "min_max_surrogate_relaxation": {"max_delay": 0.13864903555684044, "running_time": 149404.1202068329}, "min_max_pulp": {"pulp_solution_status": "Optimal", "max_delay": 0.1378788363439697, "running_time": 35155.20668029785}}, "120": {"num_user": 100, "num_service": 75, "min_max_greedy": {"max_delay": 0.17325349855292424, "running_time": 173.14386367797852}, "min_max_equal_weight": {"max_delay": 0.13864903555684044, "running_time": 27.022123336791992}, "min_max_surrogate_relaxation": {"max_delay": 0.13842889325126248, "running_time": 104582.88383483887}, "min_max_pulp": {"pulp_solution_status": "Optimal", "max_delay": 0.13403408538852657, "running_time": 1841870.1655864716}}, "140": {"num_user": 100, "num_service": 75, "min_max_greedy": {"max_delay": 0.08649788120835147, "running_time": 222.1846580505371}, "min_max_equal_weight": {"max_delay": 0.08318007364906063, "running_time": 32.02629089355469}, "min_max_surrogate_relaxation": {"max_delay": 0.09152085295810569, "running_time": 125022.86529541016}, "min_max_pulp": {"pulp_solution_status": "Optimal", "max_delay": 0.08258769011743952, "running_time": 56078.588247299194}}, "160": {"num_user": 100, "num_service": 75, "min_max_greedy": {"max_delay": 0.07871444800851923, "running_time": 265.21992683410645}, "min_max_equal_weight": {"max_delay": 0.0812214215831221, "running_time": 37.030935287475586}, "min_max_surrogate_relaxation": {"max_delay": 0.07993042783948759, "running_time": 74349.76768493652}, "min_max_pulp": {"pulp_solution_status": "Optimal", "max_delay": 0.0755462580890858, "running_time": 75788.96284103394}}, "180": {"num_user": 100, "num_service": 75, "min_max_greedy": {"max_delay": 0.07771444800851923, "running_time": 294.24476623535156}, "min_max_equal_weight": {"max_delay": 0.07424486830109919, "running_time": 43.03574562072754}, "min_max_surrogate_relaxation": {"max_delay": 0.0730544438314902, "running_time": 182980.01432418823}, "min_max_pulp": {"pulp_solution_status": "Optimal", "max_delay": 0.07172514730061719, "running_time": 88599.60603713989}}, "200": {"num_user": 100, "num_service": 75, "min_max_greedy": {"max_delay": 0.07582969630234829, "running_time": 321.26688957214355}, "min_max_equal_weight": {"max_delay": 0.07106974823243122, "running_time": 49.04055595397949}, "min_max_surrogate_relaxation": {"max_delay": 0.07095950596216412, "running_time": 183647.56870269775}, "min_max_pulp": {"pulp_solution_status": "Optimal", "max_delay": 0.0697816902809145, "running_time": 118682.5978755951}}}