{"entropy": 249759835550826904591923321622758027289, "20": {"num_user": 100, "num_service": 78, "min_max_greedy": {"max_delay": 0.24100332637992572, "running_time": 46.038150787353516}, "min_max_equal_weight": {"max_delay": 0.2407981981747975, "running_time": 11.00921630859375}, "min_max_surrogate_relaxation": {"max_delay": 0.2430033263799257, "running_time": 30090.99817276001}, "min_max_pulp": {"pulp_solution_status": "Optimal", "max_delay": 0.21796165971325904, "running_time": 6960.783243179321}}, "40": {"num_user": 100, "num_service": 78, "min_max_greedy": {"max_delay": 0.24701868164028995, "running_time": 70.05834579467773}, "min_max_equal_weight": {"max_delay": 0.22759784295036062, "running_time": 17.014265060424805}, "min_max_surrogate_relaxation": {"max_delay": 0.22836368674028606, "running_time": 53081.09784126282}, "min_max_pulp": {"pulp_solution_status": "Optimal", "max_delay": 0.21008565886552122, "running_time": 20435.977458953857}}, "60": {"num_user": 100, "num_service": 78, "min_max_greedy": {"max_delay": 0.24601868164028995, "running_time": 88.0730152130127}, "min_max_equal_weight": {"max_delay": 0.22759784295036062, "running_time": 20.01667022705078}, "min_max_surrogate_relaxation": {"max_delay": 0.22636368674028606, "running_time": 87708.86611938477}, "min_max_pulp": {"pulp_solution_status": "Optimal", "max_delay": 0.2087554519617448, "running_time": 1823884.4909667969}}, "80": {"num_user": 100, "num_service": 78, "min_max_greedy": {"max_delay": 0.15555776466098042, "running_time": 124.10283088684082}, "min_max_equal_weight": {"max_delay": 0.22759784295036062, "running_time": 24.019718170166016}, "min_max_surrogate_relaxation": {"max_delay": 0.131721226199442, "running_time": 89746.55866622925}, "min_max_pulp": {"pulp_solution_status": "Optimal", "max_delay": 0.131721226199442, "running_time": 87762.90988922119}}, "100": {"num_user": 100, "num_service": 78, "min_max_greedy": {"max_delay": 0.1635440919163983, "running_time": 146.12150192260742}, "min_max_equal_weight": {"max_delay": 0.12872413317618617, "running_time": 26.021480560302734}, "min_max_surrogate_relaxation": {"max_delay": 0.12852487676691204, "running_time": 127173.6524105072}, "min_max_pulp": {"pulp_solution_status": "Optimal", "max_delay": 0.12528864397944978, "running_time": 81660.84170341492}}, "120": {"num_user": 100, "num_service": 78, "min_max_greedy": {"max_delay": 0.15435850825170633, "running_time": 181.1516284942627}, "min_max_equal_weight": {"max_delay": 0.12852487676691204, "running_time": 32.02652931213379}, "min_max_surrogate_relaxation": {"max_delay": 0.12585968304158954, "running_time": 173770.36333084106}, "min_max_pulp": {"pulp_solution_status": "Optimal", "max_delay": 0.1252810328028164, "running_time": 167428.0927181244}}, "140": {"num_user": 100, "num_service": 78, "min_max_greedy": {"max_delay": 0.15329650253176275, "running_time": 213.17601203918457}, "min_max_equal_weight": {"max_delay": 0.12852487676691204, "running_time": 36.029815673828125}, "min_max_surrogate_relaxation": {"max_delay": 0.12441181273235546, "running_time": 204291.71895980835}, "min_max_pulp": {"pulp_solution_status": "Optimal", "max_delay": 0.12457080247378347, "running_time": 1891852.6902198792}}, "160": {"num_user": 100, "num_service": 78, "min_max_greedy": {"max_delay": 0.13462703656323982, "running_time": 226.18794441223145}, "min_max_equal_weight": {"max_delay": 0.12852487676691204, "running_time": 36.02957725524902}, "min_max_surrogate_relaxation": {"max_delay": 0.12366042663231541, "running_time": 205607.81240463257}, "min_max_pulp": {"pulp_solution_status": "Optimal", "max_delay": 0.1144949603199677, "running_time": 1911963.3972644806}}, "180": {"num_user": 100, "num_service": 78, "min_max_greedy": {"max_delay": 0.0944180686121103, "running_time": 286.2377166748047}, "min_max_equal_weight": {"max_delay": 0.10060782141375356, "running_time": 40.033578872680664}, "min_max_surrogate_relaxation": {"max_delay": 0.09749475737919697, "running_time": 162128.69143486023}, "min_max_pulp": {"pulp_solution_status": "Optimal", "max_delay": 0.08458629758930256, "running_time": 1059052.826166153}}, "200": {"num_user": 100, "num_service": 78, "min_max_greedy": {"max_delay": 0.08387737229715435, "running_time": 336.27939224243164}, "min_max_equal_weight": {"max_delay": 0.07512739250808771, "running_time": 45.037269592285156}, "min_max_surrogate_relaxation": {"max_delay": 0.07494078432807133, "running_time": 176799.88026618958}, "min_max_pulp": {"pulp_solution_status": "Optimal", "max_delay": 0.07270950148020192, "running_time": 452060.55665016174}}}