{"entropy": 156014842051268693400525620019837426515, "20": {"num_user": 100, "num_service": 78, "min_max_greedy": {"max_delay": 0.3362710214741776, "running_time": 29.02388572692871}, "min_max_equal_weight": {"max_delay": 0.26140312919406444, "running_time": 11.008977890014648}, "min_max_surrogate_relaxation": {"max_delay": 0.26029565337889193, "running_time": 42699.47290420532}, "min_max_pulp": {"pulp_solution_status": "Optimal", "max_delay": 0.2538340159681778, "running_time": 5893.896818161011}}, "40": {"num_user": 100, "num_service": 78, "min_max_greedy": {"max_delay": 0.22903279175585367, "running_time": 65.05393981933594}, "min_max_equal_weight": {"max_delay": 0.151057423660568, "running_time": 14.011621475219727}, "min_max_surrogate_relaxation": {"max_delay": 0.15216489947574052, "running_time": 46621.732234954834}, "min_max_pulp": {"pulp_solution_status": "Optimal", "max_delay": 0.150620830972573, "running_time": 31741.369009017944}}, "60": {"num_user": 100, "num_service": 78, "min_max_greedy": {"max_delay": 0.1968020107542543, "running_time": 105.0872802734375}, "min_max_equal_weight": {"max_delay": 0.151057423660568, "running_time": 19.01555061340332}, "min_max_surrogate_relaxation": {"max_delay": 0.149620830972573, "running_time": 80124.56512451172}, "min_max_pulp": {"pulp_solution_status": "Optimal", "max_delay": 0.1366842337901773, "running_time": 95004.92691993713}}, "80": {"num_user": 100, "num_service": 78, "min_max_greedy": {"max_delay": 0.11893411847414113, "running_time": 142.11797714233398}, "min_max_equal_weight": {"max_delay": 0.11882664265896863, "running_time": 24.019718170166016}, "min_max_surrogate_relaxation": {"max_delay": 0.11125752943308198, "running_time": 141078.2036781311}, "min_max_pulp": {"pulp_solution_status": "Optimal", "max_delay": 0.11125752943308198, "running_time": 31786.407470703125}}, "100": {"num_user": 100, "num_service": 78, "min_max_greedy": {"max_delay": 0.0933092127750339, "running_time": 181.1506748199463}, "min_max_equal_weight": {"max_delay": 0.10773264255525392, "running_time": 26.021480560302734}, "min_max_surrogate_relaxation": {"max_delay": 0.10472559329527198, "running_time": 187929.12554740906}, "min_max_pulp": {"pulp_solution_status": "Optimal", "max_delay": 0.09165766845669389, "running_time": 104617.91324615479}}, "120": {"num_user": 100, "num_service": 78, "min_max_greedy": {"max_delay": 0.07631920559062906, "running_time": 225.18682479858398}, "min_max_equal_weight": {"max_delay": 0.08010068759616473, "running_time": 32.02652931213379}, "min_max_surrogate_relaxation": {"max_delay": 0.07810068759616473, "running_time": 166208.08100700378}, "min_max_pulp": {"pulp_solution_status": "Optimal", "max_delay": 0.07621172977545657, "running_time": 61065.73152542114}}, "140": {"num_user": 100, "num_service": 78, "min_max_greedy": {"max_delay": 0.07631920559062906, "running_time": 250.20813941955566}, "min_max_equal_weight": {"max_delay": 0.07193254000878055, "running_time": 39.0322208404541}, "min_max_surrogate_relaxation": {"max_delay": 0.0711282283182544, "running_time": 134800.98843574524}, "min_max_pulp": {"pulp_solution_status": "Optimal", "max_delay": 0.07101561755294411, "running_time": 78004.80341911316}}, "160": {"num_user": 100, "num_service": 78, "min_max_greedy": {"max_delay": 0.07229296336462918, "running_time": 284.2366695404053}, "min_max_equal_weight": {"max_delay": 0.07193254000878055, "running_time": 45.037269592285156}, "min_max_surrogate_relaxation": {"max_delay": 0.0711282283182544, "running_time": 155066.82538986206}, "min_max_pulp": {"pulp_solution_status": "Optimal", "max_delay": 0.07001561755294411, "running_time": 790269.5305347443}}, "180": {"num_user": 100, "num_service": 78, "min_max_greedy": {"max_delay": 0.0718469402012909, "running_time": 317.2636032104492}, "min_max_equal_weight": {"max_delay": 0.07184771733389503, "running_time": 52.04319953918457}, "min_max_surrogate_relaxation": {"max_delay": 0.06845737922321982, "running_time": 206679.70299720764}, "min_max_pulp": {"pulp_solution_status": "Optimal", "max_delay": 0.06812463923254147, "running_time": 1887739.272594452}}, "200": {"num_user": 100, "num_service": 78, "min_max_greedy": {"max_delay": 0.07029296336462917, "running_time": 345.2868461608887}, "min_max_equal_weight": {"max_delay": 0.07184771733389503, "running_time": 55.04584312438965}, "min_max_surrogate_relaxation": {"max_delay": 0.06812463923254147, "running_time": 258253.54886054993}, "min_max_pulp": {"pulp_solution_status": "Optimal", "max_delay": 0.06640755683104496, "running_time": 1903746.0124492645}}}