{"entropy": 6203989740132401008641981961600178267, "20": {"num_user": 100, "num_service": 76, "min_max_greedy": {"max_delay": 0.24076156512541147, "running_time": 46.03862762451172}, "min_max_equal_weight": {"max_delay": 0.21312998617804307, "running_time": 12.01009750366211}, "min_max_surrogate_relaxation": {"max_delay": 0.21440266546578907, "running_time": 40920.99595069885}, "min_max_pulp": {"pulp_solution_status": "Optimal", "max_delay": 0.20368837975150333, "running_time": 12994.795799255371}}, "40": {"num_user": 100, "num_service": 76, "min_max_greedy": {"max_delay": 0.13964933637210789, "running_time": 85.07061004638672}, "min_max_equal_weight": {"max_delay": 0.21312998617804307, "running_time": 19.01555061340332}, "min_max_surrogate_relaxation": {"max_delay": 0.13964933637210789, "running_time": 39952.19087600708}, "min_max_pulp": {"pulp_solution_status": "Optimal", "max_delay": 0.1380212939540912, "running_time": 17443.4916973114}}, "60": {"num_user": 100, "num_service": 76, "min_max_greedy": {"max_delay": 0.09869721443948665, "running_time": 141.11757278442383}, "min_max_equal_weight": {"max_delay": 0.1361157875191445, "running_time": 24.02019500732422}, "min_max_surrogate_relaxation": {"max_delay": 0.1361157875191445, "running_time": 83631.47807121277}, "min_max_pulp": {"pulp_solution_status": "Optimal", "max_delay": 0.09742453515174065, "running_time": 29607.597589492798}}, "80": {"num_user": 100, "num_service": 76, "min_max_greedy": {"max_delay": 0.09246626512954806, "running_time": 192.15989112854004}, "min_max_equal_weight": {"max_delay": 0.1276623713700762, "running_time": 28.023242950439453}, "min_max_surrogate_relaxation": {"max_delay": 0.08671024943745494, "running_time": 147535.5668067932}, "min_max_pulp": {"pulp_solution_status": "Optimal", "max_delay": 0.0863763259524157, "running_time": 48648.41556549072}}, "100": {"num_user": 100, "num_service": 76, "min_max_greedy": {"max_delay": 0.08287865385082759, "running_time": 245.20373344421387}, "min_max_equal_weight": {"max_delay": 0.08021817151555244, "running_time": 33.02741050720215}, "min_max_surrogate_relaxation": {"max_delay": 0.08037221630111509, "running_time": 146113.3861541748}, "min_max_pulp": {"pulp_solution_status": "Optimal", "max_delay": 0.08012393699724565, "running_time": 72418.16258430481}}, "120": {"num_user": 100, "num_service": 76, "min_max_greedy": {"max_delay": 0.08062798669886487, "running_time": 295.2451705932617}, "min_max_equal_weight": {"max_delay": 0.0798958459058705, "running_time": 38.031816482543945}, "min_max_surrogate_relaxation": {"max_delay": 0.07614126699117649, "running_time": 182090.27457237244}, "min_max_pulp": {"pulp_solution_status": "Optimal", "max_delay": 0.07053632571852518, "running_time": 88060.15801429749}}, "140": {"num_user": 100, "num_service": 76, "min_max_greedy": {"max_delay": 0.06837989308486926, "running_time": 329.2737007141113}, "min_max_equal_weight": {"max_delay": 0.0664808608393807, "running_time": 44.0363883972168}, "min_max_surrogate_relaxation": {"max_delay": 0.06555365571245603, "running_time": 103956.36343955994}, "min_max_pulp": {"pulp_solution_status": "Optimal", "max_delay": 0.06481478432441994, "running_time": 129105.2565574646}}, "160": {"num_user": 100, "num_service": 76, "min_max_greedy": {"max_delay": 0.06810953831832965, "running_time": 363.30199241638184}, "min_max_equal_weight": {"max_delay": 0.064230193687418, "running_time": 54.04496192932129}, "min_max_surrogate_relaxation": {"max_delay": 0.064230193687418, "running_time": 132931.4351081848}, "min_max_pulp": {"pulp_solution_status": "Optimal", "max_delay": 0.06320875404218654, "running_time": 1267981.398820877}}, "180": {"num_user": 100, "num_service": 76, "min_max_greedy": {"max_delay": 0.06791370098457916, "running_time": 396.3286876678467}, "min_max_equal_weight": {"max_delay": 0.064230193687418, "running_time": 59.04984474182129}, "min_max_surrogate_relaxation": {"max_delay": 0.06292080040542938, "running_time": 207823.6527442932}, "min_max_pulp": {"pulp_solution_status": "Optimal", "max_delay": 0.06164323588698138, "running_time": 1952479.0568351746}}, "200": {"num_user": 100, "num_service": 76, "min_max_greedy": {"max_delay": 0.06610953831832965, "running_time": 437.3636245727539}, "min_max_equal_weight": {"max_delay": 0.064230193687418, "running_time": 63.05265426635742}, "min_max_surrogate_relaxation": {"max_delay": 0.1972006376749236, "running_time": 274690.20199775696}, "min_max_pulp": {"pulp_solution_status": "Optimal", "max_delay": 0.06111663773917987, "running_time": 1983547.8682518005}}}