{"entropy": 305090426036861124546792283741438696970, "20": {"num_user": 100, "num_service": 78, "min_max_greedy": {"max_delay": 0.17083605650726066, "running_time": 53.04408073425293}, "min_max_equal_weight": {"max_delay": 0.18533876985900027, "running_time": 11.00921630859375}, "min_max_surrogate_relaxation": {"max_delay": 0.17083605650726066, "running_time": 30995.750188827515}, "min_max_pulp": {"pulp_solution_status": "Optimal", "max_delay": 0.17067909285384575, "running_time": 4553.78270149231}}, "40": {"num_user": 100, "num_service": 78, "min_max_greedy": {"max_delay": 0.0971518459809448, "running_time": 84.06996726989746}, "min_max_equal_weight": {"max_delay": 0.09799488232752994, "running_time": 17.0137882232666}, "min_max_surrogate_relaxation": {"max_delay": 0.0901457115388997, "running_time": 41238.25979232788}, "min_max_pulp": {"pulp_solution_status": "Optimal", "max_delay": 0.08898874788548485, "running_time": 10740.922927856445}}, "60": {"num_user": 100, "num_service": 78, "min_max_greedy": {"max_delay": 0.08090027399341407, "running_time": 119.09914016723633}, "min_max_equal_weight": {"max_delay": 0.07946342125274006, "running_time": 20.016908645629883}, "min_max_surrogate_relaxation": {"max_delay": 0.08117461994001102, "running_time": 64457.54861831665}, "min_max_pulp": {"pulp_solution_status": "Optimal", "max_delay": 0.07887291792342702, "running_time": 16097.373247146606}}, "80": {"num_user": 100, "num_service": 78, "min_max_greedy": {"max_delay": 0.07990027399341407, "running_time": 140.11669158935547}, "min_max_equal_weight": {"max_delay": 0.07946342125274006, "running_time": 25.020599365234375}, "min_max_surrogate_relaxation": {"max_delay": 0.07859302883616787, "running_time": 76082.20648765564}, "min_max_pulp": {"pulp_solution_status": "Optimal", "max_delay": 0.07734883874266717, "running_time": 24663.490056991577}}, "100": {"num_user": 100, "num_service": 78, "min_max_greedy": {"max_delay": 0.07890027399341407, "running_time": 158.13159942626953}, "min_max_equal_weight": {"max_delay": 0.07946342125274006, "running_time": 28.023242950439453}, "min_max_surrogate_relaxation": {"max_delay": 0.07687291792342701, "running_time": 51332.645654678345}, "min_max_pulp": {"pulp_solution_status": "Optimal", "max_delay": 0.07634883874266718, "running_time": 52702.783823013306}}, "120": {"num_user": 100, "num_service": 78, "min_max_greedy": {"max_delay": 0.07493181520513004, "running_time": 181.1506748199463}, "min_max_equal_weight": {"max_delay": 0.07946342125274006, "running_time": 33.02717208862305}, "min_max_surrogate_relaxation": {"max_delay": 0.07559302883616786, "running_time": 151377.75993347168}, "min_max_pulp": {"pulp_solution_status": "Optimal", "max_delay": 0.07406142278855783, "running_time": 74738.08979988098}}, "140": {"num_user": 100, "num_service": 78, "min_max_greedy": {"max_delay": 0.07181322197078693, "running_time": 213.17672729492188}, "min_max_equal_weight": {"max_delay": 0.0793762413020169, "running_time": 38.031578063964844}, "min_max_surrogate_relaxation": {"max_delay": 0.0737815337012987, "running_time": 134659.8711013794}, "min_max_pulp": {"pulp_solution_status": "Optimal", "max_delay": 0.07181322197078693, "running_time": 157903.18059921265}}, "160": {"num_user": 100, "num_service": 78, "min_max_greedy": {"max_delay": 0.07081322197078693, "running_time": 235.19563674926758}, "min_max_equal_weight": {"max_delay": 0.0793762413020169, "running_time": 40.03310203552246}, "min_max_surrogate_relaxation": {"max_delay": 0.07137632274075026, "running_time": 126278.90920639038}, "min_max_pulp": {"pulp_solution_status": "Optimal", "max_delay": 0.07037632274075026, "running_time": 1858332.8433036804}}, "180": {"num_user": 100, "num_service": 78, "min_max_greedy": {"max_delay": 0.07208200625088684, "running_time": 252.20966339111328}, "min_max_equal_weight": {"max_delay": 0.0793762413020169, "running_time": 43.03550720214844}, "min_max_surrogate_relaxation": {"max_delay": 0.07037632274075026, "running_time": 91614.10999298096}, "min_max_pulp": {"pulp_solution_status": "Optimal", "max_delay": 0.0696177509508631, "running_time": 1872161.3314151764}}, "200": {"num_user": 100, "num_service": 78, "min_max_greedy": {"max_delay": 0.07068361438735912, "running_time": 276.2293815612793}, "min_max_equal_weight": {"max_delay": 0.07144615293280462, "running_time": 45.037031173706055}, "min_max_surrogate_relaxation": {"max_delay": 0.0696177509508631, "running_time": 199034.35111045837}, "min_max_pulp": {"pulp_solution_status": "Optimal", "max_delay": 0.0696177509508631, "running_time": 1884222.3513126373}}}