{"entropy": 288703355730672529010331706884042629, "20": {"num_user": 100, "num_service": 78, "min_max_greedy": {"max_delay": 0.2926239231836932, "running_time": 22.017955780029297}, "min_max_equal_weight": {"max_delay": 0.28429872562989866, "running_time": 10.008573532104492}, "min_max_surrogate_relaxation": {"max_delay": 0.2926239231836932, "running_time": 27265.64359664917}, "min_max_pulp": {"pulp_solution_status": "Optimal", "max_delay": 0.2646186421200279, "running_time": 6152.111768722534}}, "40": {"num_user": 100, "num_service": 78, "min_max_greedy": {"max_delay": 0.2916239231836932, "running_time": 41.03398323059082}, "min_max_equal_weight": {"max_delay": 0.28329872562989866, "running_time": 12.01009750366211}, "min_max_surrogate_relaxation": {"max_delay": 0.2916239231836932, "running_time": 61502.09379196167}, "min_max_pulp": {"pulp_solution_status": "Optimal", "max_delay": 0.26005154301644207, "running_time": 1810902.7063846588}}, "60": {"num_user": 100, "num_service": 78, "min_max_greedy": {"max_delay": 0.10801902098033883, "running_time": 77.06427574157715}, "min_max_equal_weight": {"max_delay": 0.10784053514593955, "running_time": 15.012502670288086}, "min_max_surrogate_relaxation": {"max_delay": 0.09368088421488557, "running_time": 42575.37126541138}, "min_max_pulp": {"pulp_solution_status": "Optimal", "max_delay": 0.09368088421488557, "running_time": 20957.41033554077}}, "80": {"num_user": 100, "num_service": 78, "min_max_greedy": {"max_delay": 0.0878381747411084, "running_time": 113.09432983398438}, "min_max_equal_weight": {"max_delay": 0.092355256830874, "running_time": 25.020122528076172}, "min_max_surrogate_relaxation": {"max_delay": 0.08532302322595688, "running_time": 64158.30135345459}, "min_max_pulp": {"pulp_solution_status": "Optimal", "max_delay": 0.08291312525221237, "running_time": 37592.22960472107}}, "100": {"num_user": 100, "num_service": 78, "min_max_greedy": {"max_delay": 0.08816380212511998, "running_time": 159.1322422027588}, "min_max_equal_weight": {"max_delay": 0.08984010531572248, "running_time": 33.02717208862305}, "min_max_surrogate_relaxation": {"max_delay": 0.08013022980688608, "running_time": 70454.53143119812}, "min_max_pulp": {"pulp_solution_status": "Optimal", "max_delay": 0.07903722541549235, "running_time": 56243.725538253784}}, "120": {"num_user": 100, "num_service": 78, "min_max_greedy": {"max_delay": 0.0829681105604837, "running_time": 221.18377685546875}, "min_max_equal_weight": {"max_delay": 0.08127547088765658, "running_time": 38.031578063964844}, "min_max_surrogate_relaxation": {"max_delay": 0.07913022980688608, "running_time": 129907.92298316956}, "min_max_pulp": {"pulp_solution_status": "Optimal", "max_delay": 0.07844329913709883, "running_time": 1852746.201992035}}, "140": {"num_user": 100, "num_service": 78, "min_max_greedy": {"max_delay": 0.07964248317647211, "running_time": 305.2537441253662}, "min_max_equal_weight": {"max_delay": 0.08127547088765658, "running_time": 42.03486442565918}, "min_max_surrogate_relaxation": {"max_delay": 0.07781820282634189, "running_time": 140992.13194847107}, "min_max_pulp": {"pulp_solution_status": "Optimal", "max_delay": 0.07393453824224981, "running_time": 1869760.336637497}}, "160": {"num_user": 100, "num_service": 78, "min_max_greedy": {"max_delay": 0.07420323699277415, "running_time": 320.2662467956543}, "min_max_equal_weight": {"max_delay": 0.07307977932302032, "running_time": 46.038150787353516}, "min_max_surrogate_relaxation": {"max_delay": 0.07234462057733848, "running_time": 238808.3939552307}, "min_max_pulp": {"pulp_solution_status": "Optimal", "max_delay": 0.0716225112617056, "running_time": 1884860.8813285828}}, "180": {"num_user": 100, "num_service": 78, "min_max_greedy": {"max_delay": 0.06827818750387814, "running_time": 341.28355979919434}, "min_max_equal_weight": {"max_delay": 0.07207977932302032, "running_time": 49.04055595397949}, "min_max_surrogate_relaxation": {"max_delay": 0.07200969338109989, "running_time": 258663.88988494873}, "min_max_pulp": {"pulp_solution_status": "Optimal", "max_delay": 0.06590537439364053, "running_time": 162909.33966636658}}, "200": {"num_user": 100, "num_service": 78, "min_max_greedy": {"max_delay": 0.06827818750387814, "running_time": 363.30223083496094}, "min_max_equal_weight": {"max_delay": 0.06764053313932235, "running_time": 56.046485900878906}, "min_max_surrogate_relaxation": {"max_delay": 0.06991268037622395, "running_time": 279851.4919281006}, "min_max_pulp": {"pulp_solution_status": "Optimal", "max_delay": 0.06490537439364052, "running_time": 1923331.8417072296}}}