{"entropy": 118898496491532821659058910063814706292, "20": {"num_user": 100, "num_service": 71, "min_max_greedy": {"max_delay": 0.491248063353617, "running_time": 26.021480560302734}, "min_max_equal_weight": {"max_delay": 0.491248063353617, "running_time": 8.006572723388672}, "min_max_surrogate_relaxation": {"max_delay": 0.491248063353617, "running_time": 24965.741872787476}, "min_max_pulp": {"pulp_solution_status": "Optimal", "max_delay": 0.4694298815354352, "running_time": 5079.2200565338135}}, "40": {"num_user": 100, "num_service": 71, "min_max_greedy": {"max_delay": 0.2994771155178417, "running_time": 48.040151596069336}, "min_max_equal_weight": {"max_delay": 0.2982058122596963, "running_time": 14.011383056640625}, "min_max_surrogate_relaxation": {"max_delay": 0.2994771155178417, "running_time": 60107.9363822937}, "min_max_pulp": {"pulp_solution_status": "Optimal", "max_delay": 0.29275670874964443, "running_time": 8979.459285736084}}, "60": {"num_user": 100, "num_service": 71, "min_max_greedy": {"max_delay": 0.16721141173846488, "running_time": 84.06996726989746}, "min_max_equal_weight": {"max_delay": 0.29275670874964443, "running_time": 19.015789031982422}, "min_max_surrogate_relaxation": {"max_delay": 0.16290889073006154, "running_time": 78539.24798965454}, "min_max_pulp": {"pulp_solution_status": "Optimal", "max_delay": 0.1604910049702677, "running_time": 14547.084331512451}}, "80": {"num_user": 100, "num_service": 71, "min_max_greedy": {"max_delay": 0.1328884382817297, "running_time": 116.09625816345215}, "min_max_equal_weight": {"max_delay": 0.152995906931052, "running_time": 21.01731300354004}, "min_max_surrogate_relaxation": {"max_delay": 0.14826105844620352, "running_time": 92731.03857040405}, "min_max_pulp": {"pulp_solution_status": "Optimal", "max_delay": 0.13147055252193582, "running_time": 20766.25084877014}}, "100": {"num_user": 100, "num_service": 71, "min_max_greedy": {"max_delay": 0.1119568142963264, "running_time": 157.13000297546387}, "min_max_equal_weight": {"max_delay": 0.14107924026438534, "running_time": 23.018598556518555}, "min_max_surrogate_relaxation": {"max_delay": 0.11072384647654385, "running_time": 110849.09057617188}, "min_max_pulp": {"pulp_solution_status": "Optimal", "max_delay": 0.09888056796201554, "running_time": 28005.266189575195}}, "120": {"num_user": 100, "num_service": 71, "min_max_greedy": {"max_delay": 0.09525837505340762, "running_time": 191.15924835205078}, "min_max_equal_weight": {"max_delay": 0.0887967757277043, "running_time": 26.021480560302734}, "min_max_surrogate_relaxation": {"max_delay": 0.08903355219244653, "running_time": 80984.27891731262}, "min_max_pulp": {"pulp_solution_status": "Optimal", "max_delay": 0.08502842852934346, "running_time": 36687.47925758362}}, "140": {"num_user": 100, "num_service": 71, "min_max_greedy": {"max_delay": 0.0733929066785921, "running_time": 217.18072891235352}, "min_max_equal_weight": {"max_delay": 0.07469732446707522, "running_time": 30.025482177734375}, "min_max_surrogate_relaxation": {"max_delay": 0.07451013420075696, "running_time": 88405.44438362122}, "min_max_pulp": {"pulp_solution_status": "Optimal", "max_delay": 0.0733929066785921, "running_time": 47715.64078330994}}, "160": {"num_user": 100, "num_service": 71, "min_max_greedy": {"max_delay": 0.0723929066785921, "running_time": 238.19780349731445}, "min_max_equal_weight": {"max_delay": 0.06957234223912459, "running_time": 37.030935287475586}, "min_max_surrogate_relaxation": {"max_delay": 0.07049093262609905, "running_time": 109766.18909835815}, "min_max_pulp": {"pulp_solution_status": "Optimal", "max_delay": 0.06882114359239522, "running_time": 56433.884382247925}}, "180": {"num_user": 100, "num_service": 71, "min_max_greedy": {"max_delay": 0.0713929066785921, "running_time": 257.213830947876}, "min_max_equal_weight": {"max_delay": 0.06957234223912459, "running_time": 43.035030364990234}, "min_max_surrogate_relaxation": {"max_delay": 0.06902759182571157, "running_time": 124184.1688156128}, "min_max_pulp": {"pulp_solution_status": "Optimal", "max_delay": 0.06782114359239523, "running_time": 631652.7562141418}}, "200": {"num_user": 100, "num_service": 71, "min_max_greedy": {"max_delay": 0.0713929066785921, "running_time": 281.2333106994629}, "min_max_equal_weight": {"max_delay": 0.06942466283289696, "running_time": 46.038150787353516}, "min_max_surrogate_relaxation": {"max_delay": 0.06782114359239523, "running_time": 134954.11586761475}, "min_max_pulp": {"pulp_solution_status": "Optimal", "max_delay": 0.06682114359239523, "running_time": 1872453.5734653473}}}