{"entropy": 329506326174525010187674983327312740158, "20": {"num_user": 100, "num_service": 70, "min_max_greedy": {"max_delay": 0.37486805314525556, "running_time": 34.02853012084961}, "min_max_equal_weight": {"max_delay": 0.37486805314525556, "running_time": 10.008096694946289}, "min_max_surrogate_relaxation": {"max_delay": 0.37486805314525556, "running_time": 45038.41590881348}, "min_max_pulp": {"pulp_solution_status": "Optimal", "max_delay": 0.37486805314525556, "running_time": 3912.250280380249}}, "40": {"num_user": 100, "num_service": 70, "min_max_greedy": {"max_delay": 0.37386805314525556, "running_time": 58.04848670959473}, "min_max_equal_weight": {"max_delay": 0.2988168688765448, "running_time": 12.010335922241211}, "min_max_surrogate_relaxation": {"max_delay": 0.2988168688765448, "running_time": 62460.89148521423}, "min_max_pulp": {"pulp_solution_status": "Optimal", "max_delay": 0.2805371485968245, "running_time": 8651.187419891357}}, "60": {"num_user": 100, "num_service": 70, "min_max_greedy": {"max_delay": 0.37286805314525556, "running_time": 81.06732368469238}, "min_max_equal_weight": {"max_delay": 0.2978168688765448, "running_time": 15.012025833129883}, "min_max_surrogate_relaxation": {"max_delay": 0.29076709512088866, "running_time": 87503.69477272034}, "min_max_pulp": {"pulp_solution_status": "Optimal", "max_delay": 0.269137913198099, "running_time": 15356.75835609436}}, "80": {"num_user": 100, "num_service": 70, "min_max_greedy": {"max_delay": 0.1252742939667757, "running_time": 122.1010684967041}, "min_max_equal_weight": {"max_delay": 0.11400961456355903, "running_time": 17.014741897583008}, "min_max_surrogate_relaxation": {"max_delay": 0.11641122618269722, "running_time": 50927.308559417725}, "min_max_pulp": {"pulp_solution_status": "Optimal", "max_delay": 0.11400961456355903, "running_time": 18998.783588409424}}, "100": {"num_user": 100, "num_service": 70, "min_max_greedy": {"max_delay": 0.09055207174455351, "running_time": 138.11421394348145}, "min_max_equal_weight": {"max_delay": 0.08760391125584696, "running_time": 22.0186710357666}, "min_max_surrogate_relaxation": {"max_delay": 0.08655101814379755, "running_time": 76230.32927513123}, "min_max_pulp": {"pulp_solution_status": "Optimal", "max_delay": 0.08172168045299716, "running_time": 25150.895595550537}}, "120": {"num_user": 100, "num_service": 70, "min_max_greedy": {"max_delay": 0.09051932552260822, "running_time": 159.1322422027588}, "min_max_equal_weight": {"max_delay": 0.0787735199642906, "running_time": 28.023958206176758}, "min_max_surrogate_relaxation": {"max_delay": 0.07709970957517469, "running_time": 49217.888593673706}, "min_max_pulp": {"pulp_solution_status": "Optimal", "max_delay": 0.07617913420929488, "running_time": 35274.303913116455}}, "140": {"num_user": 100, "num_service": 70, "min_max_greedy": {"max_delay": 0.08955207174455351, "running_time": 187.15572357177734}, "min_max_equal_weight": {"max_delay": 0.0787735199642906, "running_time": 31.02564811706543}, "min_max_surrogate_relaxation": {"max_delay": 0.07709970957517469, "running_time": 64110.260248184204}, "min_max_pulp": {"pulp_solution_status": "Optimal", "max_delay": 0.07585246382631525, "running_time": 45101.46927833557}}, "160": {"num_user": 100, "num_service": 70, "min_max_greedy": {"max_delay": 0.08855207174455351, "running_time": 196.16293907165527}, "min_max_equal_weight": {"max_delay": 0.07859325655619082, "running_time": 34.028053283691406}, "min_max_surrogate_relaxation": {"max_delay": 0.07580138100282165, "running_time": 55325.96468925476}, "min_max_pulp": {"pulp_solution_status": "Optimal", "max_delay": 0.07493320093596777, "running_time": 88751.73091888428}}, "180": {"num_user": 100, "num_service": 70, "min_max_greedy": {"max_delay": 0.08851932552260822, "running_time": 221.18306159973145}, "min_max_equal_weight": {"max_delay": 0.07859325655619082, "running_time": 37.030696868896484}, "min_max_surrogate_relaxation": {"max_delay": 0.0744876808222245, "running_time": 153684.6764087677}, "min_max_pulp": {"pulp_solution_status": "Optimal", "max_delay": 0.07417913420929488, "running_time": 98572.89099693298}}, "200": {"num_user": 100, "num_service": 70, "min_max_greedy": {"max_delay": 0.08751932552260822, "running_time": 235.19563674926758}, "min_max_equal_weight": {"max_delay": 0.07856051033424552, "running_time": 38.031578063964844}, "min_max_surrogate_relaxation": {"max_delay": 0.07509970957517469, "running_time": 166617.41971969604}, "min_max_pulp": {"pulp_solution_status": "Optimal", "max_delay": 0.07384549514624539, "running_time": 177714.64014053345}}}