{"entropy": 335116947331340305904419251595538632671, "20": {"num_user": 100, "num_service": 75, "min_max_greedy": {"max_delay": 1.1598061121393608, "running_time": 26.021480560302734}, "min_max_equal_weight": {"max_delay": 1.0774727788060272, "running_time": 10.00833511352539}, "min_max_surrogate_relaxation": {"max_delay": 1.1598061121393608, "running_time": 44114.64881896973}, "min_max_pulp": {"pulp_solution_status": "Optimal", "max_delay": 1.046287448683302, "running_time": 5097.23424911499}}, "40": {"num_user": 100, "num_service": 75, "min_max_greedy": {"max_delay": 0.15093780273918334, "running_time": 53.04551124572754}, "min_max_equal_weight": {"max_delay": 0.12930025475783075, "running_time": 13.010978698730469}, "min_max_surrogate_relaxation": {"max_delay": 0.12930025475783075, "running_time": 52030.22503852844}, "min_max_pulp": {"pulp_solution_status": "Optimal", "max_delay": 0.12812827892965953, "running_time": 10337.587833404541}}, "60": {"num_user": 100, "num_service": 75, "min_max_greedy": {"max_delay": 0.12767824479004494, "running_time": 82.06844329833984}, "min_max_equal_weight": {"max_delay": 0.12216815252385972, "running_time": 19.01555061340332}, "min_max_surrogate_relaxation": {"max_delay": 0.10519339630519646, "running_time": 64573.64559173584}, "min_max_pulp": {"pulp_solution_status": "Optimal", "max_delay": 0.10486872098052114, "running_time": 17715.718030929565}}, "80": {"num_user": 100, "num_service": 75, "min_max_greedy": {"max_delay": 0.12567824479004494, "running_time": 118.09802055358887}, "min_max_equal_weight": {"max_delay": 0.0967366187465501, "running_time": 23.018836975097656}, "min_max_surrogate_relaxation": {"max_delay": 0.09790859457472134, "running_time": 53300.45747756958}, "min_max_pulp": {"pulp_solution_status": "Optimal", "max_delay": 0.0957366187465501, "running_time": 87132.47561454773}}, "100": {"num_user": 100, "num_service": 75, "min_max_greedy": {"max_delay": 0.11390863293611544, "running_time": 168.13969612121582}, "min_max_equal_weight": {"max_delay": 0.0967366187465501, "running_time": 28.023242950439453}, "min_max_surrogate_relaxation": {"max_delay": 0.0849670068926206, "running_time": 96361.05346679688}, "min_max_pulp": {"pulp_solution_status": "Optimal", "max_delay": 0.0849670068926206, "running_time": 79722.23114967346}}, "120": {"num_user": 100, "num_service": 75, "min_max_greedy": {"max_delay": 0.08144821081038406, "running_time": 216.17984771728516}, "min_max_equal_weight": {"max_delay": 0.0957366187465501, "running_time": 32.02676773071289}, "min_max_surrogate_relaxation": {"max_delay": 0.0839670068926206, "running_time": 90603.27076911926}, "min_max_pulp": {"pulp_solution_status": "Optimal", "max_delay": 0.07548808440458425, "running_time": 47928.81751060486}}, "140": {"num_user": 100, "num_service": 75, "min_max_greedy": {"max_delay": 0.07944821081038406, "running_time": 247.20525741577148}, "min_max_equal_weight": {"max_delay": 0.07431610857641302, "running_time": 37.030696868896484}, "min_max_surrogate_relaxation": {"max_delay": 0.0734672848961543, "running_time": 73674.20649528503}, "min_max_pulp": {"pulp_solution_status": "Optimal", "max_delay": 0.0715091084856937, "running_time": 66362.131357193}}, "160": {"num_user": 100, "num_service": 75, "min_max_greedy": {"max_delay": 0.07160290055057214, "running_time": 289.24012184143066}, "min_max_equal_weight": {"max_delay": 0.07180122245996406, "running_time": 42.03510284423828}, "min_max_surrogate_relaxation": {"max_delay": 0.07045278112055917, "running_time": 194711.76028251648}, "min_max_pulp": {"pulp_solution_status": "Optimal", "max_delay": 0.07004492653919456, "running_time": 89858.65116119385}}, "180": {"num_user": 100, "num_service": 75, "min_max_greedy": {"max_delay": 0.07077487637874338, "running_time": 311.25831604003906}, "min_max_equal_weight": {"max_delay": 0.06908801443412318, "running_time": 46.038150787353516}, "min_max_surrogate_relaxation": {"max_delay": 0.0689169630670583, "running_time": 220698.3494758606}, "min_max_pulp": {"pulp_solution_status": "Optimal", "max_delay": 0.06866791220781202, "running_time": 101643.4416770935}}, "200": {"num_user": 100, "num_service": 75, "min_max_greedy": {"max_delay": 0.06899267499047507, "running_time": 330.2745819091797}, "min_max_equal_weight": {"max_delay": 0.06908801443412318, "running_time": 52.04319953918457}, "min_max_surrogate_relaxation": {"max_delay": 0.0679169630670583, "running_time": 219108.0276966095}, "min_max_pulp": {"pulp_solution_status": "Optimal", "max_delay": 0.06733171851335368, "running_time": 1898757.4265003204}}}